duration_hours,duration_days,pr_number,pr_id,state,merged,draft,created_at,closed_at,merged_at,updated_at,ready_for_review_time,workflow_start_time,author_login,author_id,merged_by_login,reviewer_count,reviewers,additions,deletions,changed_files,commits,total_lines_changed,comments,review_comments,review_count,review_approved_count,review_commented_count,review_changes_requested_count,review_dismissed_count,first_review_time,first_approval_time,time_to_first_review_hours,time_to_first_approval_hours,timeline_event_count,commit_count_timeline,comment_count_timeline,review_requested_count,title,title_length,body_length,repo_language,body_length_cleaned,description,description_length,is_bug_fix,is_new_feature,is_update,is_refactor,is_backend,is_frontend,task_id,title_cleaned,images_count,videos_count,is_bug_fix,is_new_feature,is_update,is_refactor,is_backend,is_frontend,body_cleaned_v2,body_length_cleaned_v2,description_v2,description_length_v2,title_cleaned_v2
67.79638888888888,2.824849537037037,500,2834092739,closed,True,False,2025-09-16T19:11:27Z,2025-09-19T14:59:14Z,2025-09-19T14:59:14Z,2025-09-19T14:59:16Z,,2025-09-16T19:11:27+00:00,[user_3],3,[user_3],6,[user_2]|[user_4]|[user]|[user_5]|[user_6]|[user_7],122,34,7,4,156,1,4,2,1,1,0,0,2025-09-16T21:43:39+00:00,2025-09-18T21:28:06+00:00,2.5366666666666666,50.2775,20,4,1,7,956 FE: Obavijesti,18,1200,TypeScript,1167,"Dodana nova stranica /notifications kojoj se može pristupiti samo putem ""Prikaži više"" gumba u postojećem dropdownu notifikacija. Broj notifikacija u dropdownu je limitiran na 5, a na stranici se prikazuje 25 po 25 infinite scrollanjem na isti način kao što je originalno bilo u dropdownu. Dizajn prati [tabler](https://preview.tabler.io/activity.html)",352,False,False,True,False,False,True,acE7qbOk,956 FE: Obavijesti,2,0,False,False,True,False,False,True,"# Description

Dodana nova stranica /notifications kojoj se može pristupiti samo putem ""Prikaži više"" gumba u postojećem dropdownu notifikacija. Broj notifikacija u dropdownu je limitiran na 5, a na stranici se prikazuje 25 po 25 infinite scrollanjem na isti način kao što je originalno bilo u dropdownu. Dizajn prati [tabler](https://preview.tabler.io/activity.html)",367,"Dodana nova stranica /notifications kojoj se može pristupiti samo putem ""Prikaži više"" gumba u postojećem dropdownu notifikacija. Broj notifikacija u dropdownu je limitiran na 5, a na stranici se prikazuje 25 po 25 infinite scrollanjem na isti način kao što je originalno bilo u dropdownu. Dizajn prati [tabler](https://preview.tabler.io/activity.html)",352,956 FE: Obavijesti
16.541666666666668,0.6892361111111112,501,2834388820,closed,True,False,2025-09-16T21:11:03Z,2025-09-17T13:43:33Z,2025-09-17T13:43:33Z,2025-09-17T13:43:35Z,,2025-09-16T21:11:03+00:00,[user_6],6,[user_6],1,[user_3],31,8,2,4,39,0,0,1,1,0,0,0,2025-09-17T11:23:54+00:00,2025-09-17T11:23:54+00:00,14.214166666666667,14.214166666666667,11,4,0,1,949 fe ubaciti crvene zvjezdice na obavezna polja,49,685,TypeScript,656,Na Users i Inventory page-u u formama obavezna polja nisu bila obilježena prilikom ispunjavanja. Dodane crvene zvjezdice na obavezna polja.,139,True,False,False,False,False,True,sPLfBnsE,949 fe ubaciti crvene zvjezdice na obavezna polja,0,0,True,False,False,False,False,True,"# Description

Na Users i Inventory page-u u formama obavezna polja nisu bila obilježena prilikom ispunjavanja. Dodane crvene zvjezdice na obavezna polja.",154,Na Users i Inventory page-u u formama obavezna polja nisu bila obilježena prilikom ispunjavanja. Dodane crvene zvjezdice na obavezna polja.,139,949 fe ubaciti crvene zvjezdice na obavezna polja
0.0019444444444444444,8.101851851851852e-05,502,2834473692,closed,True,False,2025-09-16T21:54:18Z,2025-09-16T21:54:25Z,2025-09-16T21:54:25Z,2025-09-16T21:54:27Z,2025-09-16T21:54:21Z,2025-09-16T21:54:18+00:00,[user],[user_id],[user],0,,1,1,1,1,2,0,0,0,0,0,0,0,,,,,7,1,0,0,chroe: nullable sent to production,34,821,TypeScript,156,,0,True,False,False,False,False,False,TASK_ID,chroe: nullable sent to production,0,0,True,False,False,False,False,False,,0,,0,chroe: nullable sent to production
150.9225,6.288437500000001,503,2836501513,closed,True,False,2025-09-17T12:48:01Z,2025-09-23T19:43:22Z,2025-09-23T19:43:22Z,2025-09-23T19:43:24Z,,2025-09-17T12:48:01+00:00,[user_3],3,[user_3],7,[user_2]|[user_4]|[user]|[user_5]|[user_6]|[user_7]|[user_3],50,3,6,5,53,0,4,8,3,5,0,0,2025-09-18T13:11:04+00:00,2025-09-20T20:21:50+00:00,24.384166666666665,79.56361111111111,21,5,0,6,893 FE: User changes,20,722,TypeScript,693,Ubačene sve potrebne stvari za pregled povijesti izmjena korisnika u plug & play Changes komponentu. Dodana userFieldBooleanTypes konstanta za mapiranje true/false vrijednosti u Da/Ne. Povezan endpoint.,202,False,False,True,False,False,True,qJNt6ejM,893 FE: User changes,0,0,False,False,True,False,False,True,"# Description

Ubačene sve potrebne stvari za pregled povijesti izmjena korisnika u plug & play Changes komponentu. Dodana userFieldBooleanTypes konstanta za mapiranje true/false vrijednosti u Da/Ne. Povezan endpoint.",217,Ubačene sve potrebne stvari za pregled povijesti izmjena korisnika u plug & play Changes komponentu. Dodana userFieldBooleanTypes konstanta za mapiranje true/false vrijednosti u Da/Ne. Povezan endpoint.,202,893 FE: User changes
286.0997222222222,11.92082175925926,504,2836742631,closed,True,False,2025-09-17T13:57:09Z,2025-09-29T12:03:08Z,2025-09-29T12:03:08Z,2025-09-29T12:03:10Z,,2025-09-17T13:57:09+00:00,[user_3],3,[user_3],7,[user_2]|[user_4]|[user]|[user_5]|[user_6]|[user_7]|[user_3],74,7,2,14,81,2,9,11,3,7,1,0,2025-09-18T21:14:52+00:00,2025-09-18T21:14:52+00:00,31.295277777777777,31.295277777777777,44,14,2,10,937 FE: Prodajni kanal kao obvezno polje,40,665,TypeScript,636,Polje prodajnog kanala je sada obvezno prilikom kreiranja događaja. Kod uređivanja postojećih je opcijonalno kao i dosad.,121,False,False,True,False,False,True,hjVvm6C2,937 FE: Prodajni kanal kao obvezno polje,0,0,False,False,True,False,False,True,"# Description

Polje prodajnog kanala je sada obvezno prilikom kreiranja događaja. Kod uređivanja postojećih je opcijonalno kao i dosad.",136,Polje prodajnog kanala je sada obvezno prilikom kreiranja događaja. Kod uređivanja postojećih je opcijonalno kao i dosad.,121,937 FE: Prodajni kanal kao obvezno polje
188.59055555555557,7.857939814814816,505,2837054974,closed,True,False,2025-09-17T15:24:05Z,2025-09-25T11:59:32Z,2025-09-25T11:59:31Z,2025-09-25T11:59:33Z,2025-09-19T12:51:29Z,2025-09-17T15:24:05+00:00,[user_2],2,[user_2],6,[user_4]|[user]|[user_5]|[user_6]|[user_7]|[user_3],217,82,21,16,299,1,1,3,2,1,0,0,2025-09-18T13:21:45+00:00,2025-09-24T09:48:39+00:00,21.961111111111112,162.40944444444443,34,16,1,6,916 FS Odvajanje datuma i vremena,33,754,TypeScript,724,"Dodani startDate i startTime (obrisan startsAt), migracijska skripta, dodan opcionalan time input za start time u event formi. Bila je borba s migracijon da podaci ostanu tocni zbog vremenske zone.",197,False,False,True,False,True,True,jAWUSW5z,916 FS Odvajanje datuma i vremena,0,0,False,False,True,False,True,True,"# Description

Dodani startDate i startTime (obrisan startsAt), migracijska skripta, dodan opcionalan time input za start time u event formi.
Bila je borba s migracijon da podaci ostanu tocni zbog vremenske zone.",212,"Dodani startDate i startTime (obrisan startsAt), migracijska skripta, dodan opcionalan time input za start time u event formi. Bila je borba s migracijon da podaci ostanu tocni zbog vremenske zone.",197,916 FS Odvajanje datuma i vremena
161.54638888888888,6.731099537037037,506,2837095781,closed,True,False,2025-09-17T15:36:10Z,2025-09-24T09:08:57Z,2025-09-24T09:08:57Z,2025-09-24T09:08:59Z,,2025-09-17T15:36:10+00:00,[user_3],3,[user_3],7,[user_2]|[user_4]|[user]|[user_5]|[user_6]|[user_7]|[user_3],79,30,7,2,109,0,6,9,3,6,0,0,2025-09-18T11:30:06+00:00,2025-09-18T11:30:06+00:00,19.898888888888887,19.898888888888887,21,2,0,7,940 FE: EmptyState komponenta,29,641,TypeScript,612,Prikaz empty state-a u pagevima je prebačen u novu EmptyState komponentu. Napisani testovi za istoimenu komponentu.,115,False,False,False,True,False,True,5H4j06TF,940 FE: EmptyState komponenta,0,0,False,False,False,True,False,True,"# Description

Prikaz empty state-a u pagevima je prebačen u novu EmptyState komponentu. Napisani testovi za istoimenu komponentu.",130,Prikaz empty state-a u pagevima je prebačen u novu EmptyState komponentu. Napisani testovi za istoimenu komponentu.,115,940 FE: EmptyState komponenta
947.9758333333333,39.49899305555555,507,2838029469,closed,True,False,2025-09-17T21:38:42Z,2025-10-27T09:37:16Z,2025-10-27T09:37:15Z,2025-10-27T09:37:18Z,2025-09-24T10:03:15Z,2025-09-17T21:38:42+00:00,[user_6],6,[user_2],6,[user_2]|[user_4]|[user]|[user_6]|[user_7]|[user_3],155,14,7,30,169,6,14,14,4,10,0,0,2025-09-18T22:26:01+00:00,2025-09-24T18:35:03+00:00,24.788611111111113,164.93916666666667,63,30,6,7,918 fs razlog odbijanja,23,930,TypeScript,901,"Kod uređivanja događaja dodano je novo polje Razlog odbijanja koje se pojavi ako je status promijenjen iz bilo kojeg drugog u Odbijeno. Polje se obavezno mora popuniti. Ako se ide ponovno na edit može se uredit razlog odbijanja. Ako se ponovno status mijenja iz Odbijeno u bilo koji drugi, vrijednost za polje Razlog odbijanja se briše, a vidi se u povijesti promjena.",368,False,False,True,False,True,True,4fNQKQgS,918 fs razlog odbijanja,0,0,False,False,True,False,True,True,"# Description

Kod uređivanja događaja dodano je novo polje Razlog odbijanja koje se pojavi ako je status promijenjen iz bilo kojeg drugog u Odbijeno. Polje se obavezno mora popuniti. Ako se ide ponovno na edit može se uredit razlog odbijanja. Ako se ponovno status mijenja iz Odbijeno u bilo koji drugi, vrijednost za polje Razlog odbijanja se briše, a vidi se u povijesti promjena.",383,"Kod uređivanja događaja dodano je novo polje Razlog odbijanja koje se pojavi ako je status promijenjen iz bilo kojeg drugog u Odbijeno. Polje se obavezno mora popuniti. Ako se ide ponovno na edit može se uredit razlog odbijanja. Ako se ponovno status mijenja iz Odbijeno u bilo koji drugi, vrijednost za polje Razlog odbijanja se briše, a vidi se u povijesti promjena.",368,918 fs razlog odbijanja
138.23944444444444,5.759976851851852,508,2840605253,closed,True,False,2025-09-18T14:54:05Z,2025-09-24T09:08:27Z,2025-09-24T09:08:27Z,2025-09-24T09:08:28Z,,2025-09-18T14:54:05+00:00,[user_3],3,[user_3],7,[user_2]|[user_4]|[user]|[user_5]|[user_6]|[user_7]|[user_3],39,10,4,3,49,0,2,5,3,2,0,0,2025-09-18T17:03:52+00:00,2025-09-18T17:03:52+00:00,2.1630555555555557,2.1630555555555557,19,3,0,7,944 FE: Dodati checkbox filter na događajima,44,618,TypeScript,589,"Dodan checkbox u filtere događaja i filtriranje na temelju ""Poslano na obradu"" polja.",85,False,False,True,False,False,True,uJGXwypN,944 FE: Dodati checkbox filter na događajima,0,0,False,False,True,False,False,True,"# Description

Dodan checkbox u filtere događaja i filtriranje na temelju ""Poslano na obradu"" polja.",100,"Dodan checkbox u filtere događaja i filtriranje na temelju ""Poslano na obradu"" polja.",85,944 FE: Dodati checkbox filter na događajima
137.3311111111111,5.72212962962963,509,2840812541,closed,True,False,2025-09-18T15:49:30Z,2025-09-24T09:09:22Z,2025-09-24T09:09:22Z,2025-09-24T09:09:24Z,,2025-09-18T15:49:30+00:00,[user_3],3,[user_3],6,[user_2]|[user_4]|[user]|[user_5]|[user_6]|[user_7],24,23,2,3,47,0,1,4,3,1,0,0,2025-09-18T20:54:57+00:00,2025-09-18T20:54:57+00:00,5.090833333333333,5.090833333333333,19,3,0,7,952 FE: Centriranje headera kalendara,37,676,TypeScript,646,"Dodan display:grid na header kalendara, centriran središnji element. Prilagođen ostatak koda, mobilni prikaz ostavljen kakav je bio.",132,False,False,False,True,False,True,ZpMS6xgV,952 FE: Centriranje headera kalendara,0,0,False,False,False,True,False,True,"# Description

Dodan display:grid na header kalendara, centriran središnji element. Prilagođen ostatak koda, mobilni prikaz ostavljen kakav je bio.",147,"Dodan display:grid na header kalendara, centriran središnji element. Prilagođen ostatak koda, mobilni prikaz ostavljen kakav je bio.",132,952 FE: Centriranje headera kalendara
86.6061111111111,3.6085879629629627,510,2840983586,closed,True,False,2025-09-18T16:44:26Z,2025-09-22T07:20:48Z,2025-09-22T07:20:48Z,2025-11-21T22:45:46Z,,2025-09-18T16:44:26+00:00,[user_5],5,[user_5],6,[user_2]|[user_4]|[user]|[user_6]|[user_7]|[user_3],38,1,6,4,39,0,0,3,3,0,0,0,2025-09-18T20:49:38+00:00,2025-09-18T20:49:38+00:00,4.086666666666667,4.086666666666667,19,4,0,6,815 be nedostaje id mismatch validacija,39,805,TypeScript,355,"Dodana ID mismatch validacija, ali ne na svim PATCH/PUT rutama, vec na onim koje sadrže ID u bodyu. Mogu dodat i na ostale.",123,False,False,False,False,True,False,TASK_ID,815 be nedostaje id mismatch validacija,0,0,False,False,False,False,True,False,"# Description

Dodana ID mismatch validacija, ali ne na svim PATCH/PUT rutama, vec na onim koje sadrže ID u bodyu. Mogu dodat i na ostale.",138,"Dodana ID mismatch validacija, ali ne na svim PATCH/PUT rutama, vec na onim koje sadrže ID u bodyu. Mogu dodat i na ostale.",123,815 be nedostaje id mismatch validacija
160.80333333333334,6.7001388888888895,511,2841391659,closed,True,False,2025-09-18T19:07:50Z,2025-09-25T11:56:02Z,2025-09-25T11:56:02Z,2025-09-25T11:56:03Z,2025-09-22T20:51:27Z,2025-09-18T19:07:50+00:00,[user_6],6,[user_6],3,[user_4]|[user]|[user_7],54,26,1,4,80,0,6,2,1,1,0,0,2025-09-18T22:14:58+00:00,2025-09-23T13:56:26+00:00,3.118888888888889,114.81,15,4,0,3,954 fe način isporuke,21,729,TypeScript,700,Checkboxovi za način isporuke nisu funkcionirali. Da bi se promjenio način isporuke trenutni checkbox bi se morao odznačiti kako bi se drugi mogao označiti. Sada koristimo radio botune.,185,True,False,False,False,False,True,M1qdXb5Y,954 fe način isporuke,0,0,True,False,False,False,False,True,"# Description

Checkboxovi za način isporuke nisu funkcionirali. Da bi se promjenio način isporuke trenutni checkbox bi se morao odznačiti kako bi se drugi mogao označiti. Sada koristimo radio botune.",200,Checkboxovi za način isporuke nisu funkcionirali. Da bi se promjenio način isporuke trenutni checkbox bi se morao odznačiti kako bi se drugi mogao označiti. Sada koristimo radio botune.,185,954 fe način isporuke
65.87333333333333,2.7447222222222223,512,2844141683,closed,True,False,2025-09-19T14:51:38Z,2025-09-22T08:44:02Z,2025-09-22T08:44:02Z,2025-09-22T08:44:04Z,,2025-09-19T14:51:38+00:00,[user_2],2,[user_2],6,[user_4]|[user]|[user_5]|[user_6]|[user_7]|[user_3],28,92,6,2,120,0,0,2,2,0,0,0,2025-09-20T13:25:50+00:00,2025-09-20T13:25:50+00:00,22.57,22.57,14,2,0,6,946 BE: Validacijski responsovi,31,758,TypeScript,729,NestJS-ov HttpException tip ima cause atribut kojeg san iskoristia da se ispisu validacijske greske. Maka san one provjere tipa errora jer ce uvik bit Yupov Validation Error ako padne validacija. Updatean ApiError tip,217,False,False,True,False,True,False,7OYiVh93,946 BE: Validacijski responsovi,0,0,False,False,True,False,True,False,"# Description

NestJS-ov HttpException tip ima cause atribut kojeg san iskoristia da se ispisu validacijske greske. Maka san one provjere tipa errora jer ce uvik bit Yupov Validation Error ako padne validacija. Updatean ApiError tip",232,NestJS-ov HttpException tip ima cause atribut kojeg san iskoristia da se ispisu validacijske greske. Maka san one provjere tipa errora jer ce uvik bit Yupov Validation Error ako padne validacija. Updatean ApiError tip,217,946 BE: Validacijski responsovi
76.63416666666667,3.193090277777778,513,2846140906,closed,True,False,2025-09-20T09:37:40Z,2025-09-23T14:15:43Z,2025-09-23T14:15:43Z,2025-09-23T14:15:45Z,,2025-09-20T09:37:40+00:00,[user_2],2,[user_2],6,[user_4]|[user]|[user_5]|[user_6]|[user_7]|[user_3],170,137,13,5,307,0,5,6,2,4,0,0,2025-09-20T13:55:22+00:00,2025-09-22T21:50:57+00:00,4.295,60.22138888888889,24,5,0,8,965 FS Azurirat user permisije,30,582,TypeScript,553,Di god su falile neke permisije dodane da se svih 15 koristi svugdi.,68,False,False,False,True,True,True,O6bBz8zK,965 FS Azurirat user permisije,0,0,False,False,False,True,True,True,"# Description

Di god su falile neke permisije dodane da se svih 15 koristi svugdi.",83,Di god su falile neke permisije dodane da se svih 15 koristi svugdi.,68,965 FS Azurirat user permisije
510.03194444444443,21.251331018518517,514,2850492404,closed,True,False,2025-09-22T17:52:23Z,2025-10-13T23:54:18Z,2025-10-13T23:54:18Z,2025-10-13T23:54:20Z,2025-10-07T11:52:36Z,2025-09-22T17:52:23+00:00,[user_4],4,[user_4],4,[user_2]|[user_4]|[user]|[user_3],312,10,19,54,322,5,53,27,2,25,0,0,2025-10-07T15:11:48+00:00,2025-10-13T08:02:25+00:00,357.3236111111111,494.1672222222222,89,54,5,10,958 fs idle status part 1,25,2048,TypeScript,2007,"- cron puni ""temp"" tablicu WaitingReminders - provjerava je svaka 3 sata - ako uhvati entitet sto 2 tjedna je u status ""čekanje"", kreira notifikaciju svim korisnicima -> userId je null u Notification - pošto je userId null onda sam stavio da je u takvoj notifikaciji je creator ""Sustav"" - ako smo za jedan resurs/entitet vec napravili reminder notif onda nece opet za isti - ako se 13ti dan, minut prije, promjeni status u nešto drugo - ne stvara notifikaciju - zasad imamo status samo na event objektu pa njih samo provjeravamo sada ZA TESTIRAT: - U reminder.service.ts na ln 22 prominit Cron okidanje na neko manje vrijeme npr. EVERY_10_SECONDS - Kreirat event sa statusom čekanje. Otvori prisma studio i trebao bi biti u WaitingReminder tablici novi redak za taj event. - prominit njegov waitingSince datum na 14 dana prije. - u iducem pozivu crona bi se trebala onda stvorit notifikacija u Notifications i prikaze se na frontenu.",933,False,False,True,False,True,True,,958 fs idle status part 1,0,0,False,False,True,False,True,True,"# Description

- cron puni ""temp"" tablicu WaitingReminders
- provjerava je svaka 3 sata 
- ako uhvati entitet sto 2 tjedna je u status ""čekanje"", kreira notifikaciju svim korisnicima -> userId je null u Notification
- pošto je userId null onda sam stavio da je u takvoj notifikaciji je creator ""Sustav""
- ako smo za jedan resurs/entitet vec napravili reminder notif onda nece opet za isti
- ako se 13ti dan, minut prije, promjeni status u nešto drugo - ne stvara notifikaciju
- zasad imamo status samo na event objektu pa njih samo provjeravamo sada

ZA TESTIRAT:
- U reminder.service.ts na ln 22 prominit Cron okidanje na neko manje vrijeme npr. EVERY_10_SECONDS
- Kreirat event sa statusom čekanje. Otvori prisma studio i trebao bi biti u WaitingReminder tablici novi redak za taj event.
- prominit njegov waitingSince datum na 14 dana prije.
- u iducem pozivu crona bi se trebala onda stvorit notifikacija u Notifications i prikaze se na frontenu.",950,"- cron puni ""temp"" tablicu WaitingReminders - provjerava je svaka 3 sata - ako uhvati entitet sto 2 tjedna je u status ""čekanje"", kreira notifikaciju svim korisnicima -> userId je null u Notification - pošto je userId null onda sam stavio da je u takvoj notifikaciji je creator ""Sustav"" - ako smo za jedan resurs/entitet vec napravili reminder notif onda nece opet za isti - ako se 13ti dan, minut prije, promjeni status u nešto drugo - ne stvara notifikaciju - zasad imamo status samo na event objektu pa njih samo provjeravamo sada ZA TESTIRAT: - U reminder.service.ts na ln 22 prominit Cron okidanje na neko manje vrijeme npr. EVERY_10_SECONDS - Kreirat event sa statusom čekanje. Otvori prisma studio i trebao bi biti u WaitingReminder tablici novi redak za taj event. - prominit njegov waitingSince datum na 14 dana prije. - u iducem pozivu crona bi se trebala onda stvorit notifikacija u Notifications i prikaze se na frontenu.",933,958 fs idle status part 1
63.20527777777778,2.6335532407407407,515,2851084068,closed,True,False,2025-09-22T20:42:58Z,2025-09-25T11:55:17Z,2025-09-25T11:55:17Z,2025-09-25T11:55:19Z,2025-09-23T17:15:03Z,2025-09-22T20:42:58+00:00,[user_6],6,[user_6],4,[user_4]|[user]|[user_7]|[user_3],9,44,1,7,53,0,3,4,2,2,0,0,2025-09-24T09:30:58+00:00,2025-09-24T10:26:06+00:00,36.8,37.71888888888889,23,7,0,5,FE: UI tablice korisnika,24,671,TypeScript,642,Na prikazu korisnika checkboxovi za sve permisije zasebno zamijenjeni samo counterom permisija.,95,False,False,True,False,False,True,G3DyNUdA,FE: UI tablice korisnika,0,0,False,False,True,False,False,True,"# Description

Na prikazu korisnika checkboxovi za sve permisije zasebno zamijenjeni samo counterom permisija.",110,Na prikazu korisnika checkboxovi za sve permisije zasebno zamijenjeni samo counterom permisija.,95,FE: UI tablice korisnika
60.43694444444444,2.5182060185185184,516,2851450888,closed,True,False,2025-09-22T23:28:46Z,2025-09-25T11:54:59Z,2025-09-25T11:54:59Z,2025-09-25T11:55:01Z,2025-09-23T17:15:28Z,2025-09-22T23:28:46+00:00,[user_6],6,[user_6],3,[user_4]|[user]|[user_7],22,64,11,1,86,0,0,1,1,0,0,0,2025-09-24T18:58:53+00:00,2025-09-24T18:58:53+00:00,43.50194444444445,43.50194444444445,13,1,0,4,FE: Dodati isLoading na Button,30,618,TypeScript,589,Dodan isLoading prop na Button. Svugdje gdje se koristi Spinner dodan isLoading buttonu.,88,False,False,True,False,False,True,ihpfgwUA,FE: Dodati isLoading na Button,0,0,False,False,True,False,False,True,"# Description

Dodan isLoading prop na Button. Svugdje gdje se koristi Spinner dodan isLoading buttonu.",103,Dodan isLoading prop na Button. Svugdje gdje se koristi Spinner dodan isLoading buttonu.,88,FE: Dodati isLoading na Button
42.99888888888889,1.7916203703703706,517,2856779658,closed,True,False,2025-09-24T12:27:31Z,2025-09-26T07:27:27Z,2025-09-26T07:27:27Z,2025-09-26T07:27:29Z,2025-09-24T13:36:59Z,2025-09-24T12:27:31+00:00,[user_2],2,[user_2],7,[user_2]|[user_4]|[user]|[user_5]|[user_6]|[user_7]|[user_3],560,367,23,14,927,0,2,5,3,1,1,0,2025-09-25T17:44:03+00:00,2025-09-25T18:56:32+00:00,29.275555555555556,30.48361111111111,29,14,0,6,934 FS Validacije,17,2063,TypeScript,2021,"Ciscenje validacije za event, inventory item i usera: - Dodani strict:true na pozivima event, inventoryItem i user validatora na BE - Maknuti atributi isEditing, provjerava se edit mode po tome da li je ID prisutan u objektu koji se validira - Omoguceno slanje samo polja koja zelimo mijenjati putem PATCHa (nemora se sve slat da prodje validator) - Dodani typeError u validatorima sa porukom za provjeru tipa polja - Obrisana 2  nekoristena tipa iz packages/types/_user.ts - Alignanje/updateanje zastarjelih tipova - Manje promjene na hookovima za forme - Forme koriste validatore u create modu jer uvik salju sva polja na PATCH (u edit modu kad bi stavili neko required polje na prazno proslo bi validaciju a nebi tribalo) - Updatean frontendUserValidation da required polja ostanu required osim passworda koji je opcionalan na editu - Maknut id parametar iz update metoda u servisima jer sami updateData vec sadrzava ID a u controlleru se svakako provjerava ID Mismatch Namucia san se oko toga da nam ovi validatori valjaju za create i za patch za FE i BE, naletia san miljon problema i sa tipovima i sa bugovima a najvise san izgubia vrimena kad mi je prolazilo validaciju u edit modu na FE a na BE padala a koriste istog validatora: na kraju san skonta da formik pribaci prazan string u undefined tokom validacije zbog cega bi proslo u edit modeu na FE jer polje bude optional a na BE bi palo jer se tamo ne pretvori u undefined. Naletia san i na issue za to: https://github.com/jaredpalmer/formik/issues/805",1513,False,False,False,True,True,True,5ha9DNWq,934 FS Validacije,0,0,False,False,False,True,True,True,"# Description

Ciscenje validacije za event, inventory item i usera:

- Dodani strict:true na pozivima event, inventoryItem i user validatora na BE
- Maknuti atributi isEditing, provjerava se edit mode po tome da li je ID prisutan u objektu koji se validira
- Omoguceno slanje samo polja koja zelimo mijenjati putem PATCHa (nemora se sve slat da prodje validator)
- Dodani typeError u validatorima sa porukom za provjeru tipa polja
- Obrisana 2  nekoristena tipa iz packages/types/_user.ts
- Alignanje/updateanje zastarjelih tipova
- Manje promjene na hookovima za forme
- Forme koriste validatore u create modu jer uvik salju sva polja na PATCH (u edit modu kad bi stavili neko required polje na prazno proslo bi validaciju a nebi tribalo)
- Updatean frontendUserValidation da required polja ostanu required osim passworda koji je opcionalan na editu
- Maknut id parametar iz update metoda u servisima jer sami updateData vec sadrzava ID a u controlleru se svakako provjerava ID Mismatch

Namucia san se oko toga da nam ovi validatori valjaju za create i za patch za FE i BE, naletia san miljon problema i sa tipovima i sa bugovima a najvise san izgubia vrimena kad mi je prolazilo validaciju u edit modu na FE a na BE padala a koriste istog validatora: na kraju san skonta da formik pribaci prazan string u undefined tokom validacije zbog cega bi proslo u edit modeu na FE jer polje bude optional a na BE bi palo jer se tamo ne pretvori u undefined. Naletia san i na issue za to: https://github.com/jaredpalmer/formik/issues/805",1530,"Ciscenje validacije za event, inventory item i usera: - Dodani strict:true na pozivima event, inventoryItem i user validatora na BE - Maknuti atributi isEditing, provjerava se edit mode po tome da li je ID prisutan u objektu koji se validira - Omoguceno slanje samo polja koja zelimo mijenjati putem PATCHa (nemora se sve slat da prodje validator) - Dodani typeError u validatorima sa porukom za provjeru tipa polja - Obrisana 2  nekoristena tipa iz packages/types/_user.ts - Alignanje/updateanje zastarjelih tipova - Manje promjene na hookovima za forme - Forme koriste validatore u create modu jer uvik salju sva polja na PATCH (u edit modu kad bi stavili neko required polje na prazno proslo bi validaciju a nebi tribalo) - Updatean frontendUserValidation da required polja ostanu required osim passworda koji je opcionalan na editu - Maknut id parametar iz update metoda u servisima jer sami updateData vec sadrzava ID a u controlleru se svakako provjerava ID Mismatch Namucia san se oko toga da nam ovi validatori valjaju za create i za patch za FE i BE, naletia san miljon problema i sa tipovima i sa bugovima a najvise san izgubia vrimena kad mi je prolazilo validaciju u edit modu na FE a na BE padala a koriste istog validatora: na kraju san skonta da formik pribaci prazan string u undefined tokom validacije zbog cega bi proslo u edit modeu na FE jer polje bude optional a na BE bi palo jer se tamo ne pretvori u undefined. Naletia san i na issue za to: https://github.com/jaredpalmer/formik/issues/805",1513,934 FS Validacije
98.80388888888889,4.116828703703704,518,2859548297,closed,True,False,2025-09-25T07:45:41Z,2025-09-29T10:33:55Z,2025-09-29T10:33:55Z,2025-09-29T10:33:57Z,,2025-09-25T07:45:41+00:00,[user_3],3,[user_3],7,[user_2]|[user_4]|[user]|[user_5]|[user_6]|[user_7]|[user_3],254,80,14,51,334,0,9,10,3,6,1,0,2025-09-25T07:56:40+00:00,2025-09-25T15:15:39+00:00,0.18305555555555555,7.499444444444444,69,51,0,7,919 FE: Notifications workaround,32,967,TypeScript,932,"Na klik notifikacije se otvara prozor s promjenama koje su se dogodile. Za testiranje mergajte https://github.com/[user]/[project]/pull/482 branch u ovaj. Napravljene su sljedeće izmjene: - Dodana nova komponenta ChangesPage - Prilagođene rute za navigaciju i za api - Dodan useFetchChange hook - Reusable helperi iz Changes komponente prebačeni u changes.helpers.ts, tako da se mogu koristiti i u ChangesPage - Popravljeni tipovi",429,False,False,True,False,False,True,6OiXZ6GD,919 FE: Notifications workaround,0,0,False,False,True,False,False,True,"# Description

Na klik notifikacije se otvara prozor s promjenama koje su se dogodile. Za testiranje mergajte https://github.com/[user]/[project]/pull/482 branch u ovaj.
Napravljene su sljedeće izmjene:
- Dodana nova komponenta ChangesPage
- Prilagođene rute za navigaciju i za api
- Dodan useFetchChange hook
- Reusable helperi iz Changes komponente prebačeni u changes.helpers.ts, tako da se mogu koristiti i u ChangesPage
- Popravljeni tipovi",444,"Na klik notifikacije se otvara prozor s promjenama koje su se dogodile. Za testiranje mergajte https://github.com/[user]/[project]/pull/482 branch u ovaj. Napravljene su sljedeće izmjene: - Dodana nova komponenta ChangesPage - Prilagođene rute za navigaciju i za api - Dodan useFetchChange hook - Reusable helperi iz Changes komponente prebačeni u changes.helpers.ts, tako da se mogu koristiti i u ChangesPage - Popravljeni tipovi",429,919 FE: Notifications workaround
10.918055555555556,0.4549189814814815,519,2859858515,closed,True,False,2025-09-25T09:10:46Z,2025-09-25T20:05:51Z,2025-09-25T20:05:51Z,2025-09-25T20:05:53Z,2025-09-25T09:27:14Z,2025-09-25T09:10:46+00:00,[user_2],2,[user_2],6,[user_4]|[user]|[user_5]|[user_6]|[user_7]|[user_3],35,24,1,2,59,0,0,1,1,0,0,0,2025-09-25T20:04:03+00:00,2025-09-25T20:04:03+00:00,10.888055555555555,10.888055555555555,14,2,0,6,884 BE (Refactor): mapServiceNamesToFieldChanges,48,638,TypeScript,609,"Refaktor mapiranja imena usluga prilikom dohvacanja event promjena, cilj je bia izbjec mutacije u JS-u.",103,False,False,False,True,True,False,bZRXpTQF,884 BE (Refactor): mapServiceNamesToFieldChanges,0,0,False,False,False,True,True,False,"# Description

Refaktor mapiranja imena usluga prilikom dohvacanja event promjena, cilj je bia izbjec mutacije u JS-u.",118,"Refaktor mapiranja imena usluga prilikom dohvacanja event promjena, cilj je bia izbjec mutacije u JS-u.",103,884 BE (Refactor): mapServiceNamesToFieldChanges
117.24333333333334,4.885138888888889,520,2861018325,closed,True,False,2025-09-25T14:56:37Z,2025-09-30T12:11:13Z,2025-09-30T12:11:13Z,2025-09-30T12:11:16Z,2025-09-25T15:00:30Z,2025-09-25T14:56:37+00:00,[user_2],2,[user_2],6,[user_4]|[user]|[user_5]|[user_6]|[user_7]|[user_3],20,76,5,5,96,2,2,3,1,2,0,0,2025-09-27T14:03:08+00:00,2025-09-30T10:52:29+00:00,47.10861111111111,115.93111111111111,23,5,2,7,841 FS Cleanup event service status,35,1078,TypeScript,1043,Cleanup logike filtriranja evenata po statusu. Status query parametar dolazi ko array ili samo ko string ako je samo jedan pa san prilagodia tip statusa. Neznan zasto je ovo filtriranje po statusu uopce ostalo na BE kad se samo fetchaju svi eventovi i sve se filtrira na FE osin statusa. Tribalo bi vidit ocemo li filtrirat sve na FE Promjene: - Pociscena logika filtriranja po statusu - Obrisani ne koristeni argumenti - Rename getPaginated -> getAll - Pociscen useFetchEvents da ne salje lokacije kad se svakako s njima nista ne radi na BE,541,False,False,False,True,True,True,0QBMqlJo,841 FS Cleanup event service status,0,0,False,False,False,True,True,True,"# Description

Cleanup logike filtriranja evenata po statusu. Status query parametar dolazi ko array ili samo ko string ako je samo jedan pa san prilagodia tip statusa. Neznan zasto je ovo filtriranje po statusu uopce ostalo na BE kad se samo fetchaju svi eventovi i sve se filtrira na FE osin statusa. Tribalo bi vidit ocemo li filtrirat sve na FE

Promjene:
- Pociscena logika filtriranja po statusu
- Obrisani ne koristeni argumenti
- Rename getPaginated -> getAll
- Pociscen useFetchEvents da ne salje lokacije kad se svakako s njima nista ne radi na BE",557,Cleanup logike filtriranja evenata po statusu. Status query parametar dolazi ko array ili samo ko string ako je samo jedan pa san prilagodia tip statusa. Neznan zasto je ovo filtriranje po statusu uopce ostalo na BE kad se samo fetchaju svi eventovi i sve se filtrira na FE osin statusa. Tribalo bi vidit ocemo li filtrirat sve na FE Promjene: - Pociscena logika filtriranja po statusu - Obrisani ne koristeni argumenti - Rename getPaginated -> getAll - Pociscen useFetchEvents da ne salje lokacije kad se svakako s njima nista ne radi na BE,541,841 FS Cleanup event service status
0.09277777777777778,0.0038657407407407408,521,2863082348,closed,True,False,2025-09-26T08:33:34Z,2025-09-26T08:39:08Z,2025-09-26T08:39:08Z,2025-09-26T08:39:16Z,,2025-09-26T08:33:34+00:00,[user_2],2,[user_2],0,,5,6,2,1,11,0,0,0,0,0,0,0,,,,,7,1,0,1,FE (Bug): delete event,22,659,TypeScript,583,"Initial values nisu imale ID pa nije moglo obrisat/restoreat event, sad se salje ID u initial values al ID maknemo u formi da bude validacija u create modu.",156,True,False,False,False,False,True,TASK_ID,FE (Bug): delete event,0,0,True,False,False,False,False,True,"# Description

Initial values nisu imale ID pa nije moglo obrisat/restoreat event, sad se salje ID u initial values al ID maknemo u formi da bude validacija u create modu.",171,"Initial values nisu imale ID pa nije moglo obrisat/restoreat event, sad se salje ID u initial values al ID maknemo u formi da bude validacija u create modu.",156,FE (Bug): delete event
75.25666666666666,3.1356944444444443,522,2863164633,closed,True,False,2025-09-26T08:57:39Z,2025-09-29T12:13:03Z,2025-09-29T12:13:03Z,2025-09-29T12:13:05Z,2025-09-26T09:08:43Z,2025-09-26T08:57:39+00:00,[user_2],2,[user_2],7,[user_2]|[user_4]|[user]|[user_5]|[user_6]|[user_7]|[user_3],50,10,10,4,60,0,2,4,2,2,0,0,2025-09-27T14:21:51+00:00,2025-09-28T22:07:20+00:00,29.403333333333332,61.16138888888889,19,4,0,7,966 FS noUnkown,15,733,TypeScript,704,Dodan noUnkown() na pozivu validatora da provjeri nepoznata polja i baci gresku ako ih ima. Kad san doda to san ubra jos par stvari sta su falile/bile viska u validatorima.,172,False,False,True,False,True,True,kURoxUYR,966 FS noUnkown,0,0,False,False,True,False,True,True,"# Description

Dodan noUnkown() na pozivu validatora da provjeri nepoznata polja i baci gresku ako ih ima. Kad san doda to san ubra jos par stvari sta su falile/bile viska u validatorima.",187,Dodan noUnkown() na pozivu validatora da provjeri nepoznata polja i baci gresku ako ih ima. Kad san doda to san ubra jos par stvari sta su falile/bile viska u validatorima.,172,966 FS noUnkown
475.90833333333336,19.82951388888889,523,2863702098,closed,True,False,2025-09-26T11:13:38Z,2025-10-16T07:08:08Z,2025-10-16T07:08:08Z,2025-10-16T07:08:09Z,2025-09-28T11:55:30Z,2025-09-26T11:13:38+00:00,[user_6],6,[user_2],7,[user_2]|[user_4]|[user]|[user_5]|[user_6]|[user_7]|[user_3],1369,57,36,54,1426,3,35,8,3,4,1,0,2025-09-30T09:17:02+00:00,2025-10-15T06:51:14+00:00,94.05666666666667,451.62666666666667,83,54,3,7,928 fe ponude zadatak 1,23,691,TypeScript,656,"Dodan novi feature ponude. Novi tab u navigaciji, dodani api hokovi, FE rute, stranice i validacija. Forma ima 2 polja: - događaj (neobavezno) - sadržaj  ponude (obavezno)",171,False,True,False,False,False,True,vh90a2JS,928 fe ponude zadatak 1,0,0,False,True,False,False,False,True,"# Description

Dodan novi feature ponude. Novi tab u navigaciji, dodani api hokovi, FE rute, stranice i validacija. 

Forma ima 2 polja: 
- događaj (neobavezno)
- sadržaj  ponude (obavezno)",189,"Dodan novi feature ponude. Novi tab u navigaciji, dodani api hokovi, FE rute, stranice i validacija. Forma ima 2 polja: - događaj (neobavezno) - sadržaj  ponude (obavezno)",171,928 fe ponude zadatak 1
0.25083333333333335,0.01045138888888889,524,2866274956,closed,True,False,2025-09-27T08:59:48Z,2025-09-27T09:14:51Z,2025-09-27T09:14:51Z,2025-09-27T09:14:53Z,,2025-09-27T08:59:48+00:00,[user_3],3,[user_3],3,[user_2]|[user]|[user_5],5,15,1,2,20,0,0,1,1,0,0,0,2025-09-27T09:08:30+00:00,2025-09-27T09:08:30+00:00,0.145,0.145,10,2,0,3,968 FE (Bug): EventForm hasUnsavedChanges je true bez izmjena,61,688,TypeScript,659,"Ovo bi popravila promjena initialValues u eventData u initial varijabli, ali mislim da je provjera preko form.dirty čišća. Ovo ćese svakako rišit s useEventForm.",161,True,False,False,False,False,True,Cu5aycrl,968 FE (Bug): EventForm hasUnsavedChanges je true bez izmjena,0,0,True,False,False,False,False,True,"# Description

Ovo bi popravila promjena initialValues u eventData u initial varijabli, ali mislim da je provjera preko form.dirty čišća. Ovo ćese svakako rišit s useEventForm.",176,"Ovo bi popravila promjena initialValues u eventData u initial varijabli, ali mislim da je provjera preko form.dirty čišća. Ovo ćese svakako rišit s useEventForm.",161,968 FE (Bug): EventForm hasUnsavedChanges je true bez izmjena
31.908333333333335,1.3295138888888889,525,2870582401,closed,True,False,2025-09-29T13:08:03Z,2025-09-30T21:02:33Z,2025-09-30T21:02:33Z,2025-09-30T21:02:35Z,2025-09-29T14:48:56Z,2025-09-29T13:08:03+00:00,[user_2],2,[user_2],7,[user_2]|[user_4]|[user]|[user_5]|[user_6]|[user_7]|[user_3],579,59,13,18,638,0,3,3,2,1,0,0,2025-09-30T15:30:00+00:00,2025-09-30T15:30:00+00:00,26.365833333333335,26.365833333333335,32,18,0,7,957 BE: Demo email sync,23,849,TypeScript,814,"Citanje mailova (IMAP protokol), parsiranje i spremanje u bazu. Promjene: - dodana minimalna v1 Email tablica - dodani paketi imapflow i mailparser - dodan CRON job koji svaki dan (triba li cesce?) udre fetch novih mailova (od jucer), parsira ih i spremi u bazu - dodani tipovi Email i CreateEmail - rename _email foldera u email",329,False,True,False,False,True,False,OufXXhch,957 BE: Demo email sync,0,0,False,True,False,False,True,False,"# Description

Citanje mailova (IMAP protokol), parsiranje i spremanje u bazu. 
Promjene:
- dodana minimalna v1 Email tablica
- dodani paketi imapflow i mailparser
- dodan CRON job koji svaki dan (triba li cesce?) udre fetch novih mailova (od jucer), parsira ih i spremi u bazu
- dodani tipovi Email i CreateEmail
- rename _email foldera u email",345,"Citanje mailova (IMAP protokol), parsiranje i spremanje u bazu. Promjene: - dodana minimalna v1 Email tablica - dodani paketi imapflow i mailparser - dodan CRON job koji svaki dan (triba li cesce?) udre fetch novih mailova (od jucer), parsira ih i spremi u bazu - dodani tipovi Email i CreateEmail - rename _email foldera u email",329,957 BE: Demo email sync
1.1236111111111111,0.04681712962962963,526,2874953398,closed,True,False,2025-09-30T14:54:18Z,2025-09-30T16:01:43Z,2025-09-30T16:01:43Z,2025-09-30T16:01:45Z,,2025-09-30T14:54:18+00:00,[user_3],3,[user_3],6,[user_2]|[user_4]|[user]|[user_5]|[user_6]|[user_7],99,1,4,5,100,0,0,1,1,0,0,0,2025-09-30T15:10:57+00:00,2025-09-30T15:10:57+00:00,0.2775,0.2775,16,5,0,6,955 FE: Tooltip (na status),27,671,TypeScript,642,"Dodana Tooltip komponenta sa custom css-om, nabrzinu sam natipka samo za status pa nisam siguran da je reusable. Ako bude trebala još negdi popravit ćemo.",154,False,True,False,False,False,True,XuA5tr2c,955 FE: Tooltip (na status),0,0,False,True,False,False,False,True,"# Description

Dodana Tooltip komponenta sa custom css-om, nabrzinu sam natipka samo za status pa nisam siguran da je reusable. Ako bude trebala još negdi popravit ćemo.",169,"Dodana Tooltip komponenta sa custom css-om, nabrzinu sam natipka samo za status pa nisam siguran da je reusable. Ako bude trebala još negdi popravit ćemo.",154,955 FE: Tooltip (na status)
45.63388888888889,1.901412037037037,527,2878115540,closed,True,False,2025-10-01T12:47:13Z,2025-10-03T10:25:15Z,2025-10-03T10:25:15Z,2025-10-03T10:25:17Z,2025-10-02T06:02:46Z,2025-10-01T12:47:13+00:00,[user_2],2,[user_2],5,[user_4]|[user]|[user_6]|[user_7]|[user_3],53,3,4,5,56,0,0,1,1,0,0,0,2025-10-03T06:11:07+00:00,2025-10-03T06:11:07+00:00,41.39833333333333,41.39833333333333,16,5,0,5,BE: Inventory migration basics,30,760,TypeScript,729,Dodani enumi InventoryType i inventoryGroup Dodana polja type i group na InventoryItem Dodana migracijska skripta: postojece InventoryIteme zakucavamo na type: PRODUCT i group: INVENTORY,186,False,False,True,False,True,False,,BE: Inventory migration basics,0,0,False,False,True,False,True,False,"# Description

Dodani enumi InventoryType i inventoryGroup
Dodana polja type i group na InventoryItem
Dodana migracijska skripta: postojece InventoryIteme zakucavamo na type: PRODUCT i group: INVENTORY",201,Dodani enumi InventoryType i inventoryGroup Dodana polja type i group na InventoryItem Dodana migracijska skripta: postojece InventoryIteme zakucavamo na type: PRODUCT i group: INVENTORY,186,BE: Inventory migration basics
121.46388888888889,5.06099537037037,528,2880897816,closed,True,False,2025-10-02T08:09:00Z,2025-10-07T09:36:50Z,2025-10-07T09:36:50Z,2025-10-07T09:36:52Z,2025-10-02T13:08:04Z,2025-10-02T08:09:00+00:00,[user_2],2,[user_2],6,[user_2]|[user_4]|[user]|[user_6]|[user_7]|[user_3],364,103,18,21,467,8,4,5,1,3,1,0,2025-10-02T18:54:17+00:00,2025-10-07T09:06:58+00:00,10.754722222222222,120.9661111111111,56,21,8,6,BE: Real notifications,22,1073,TypeScript,1041,"- Kreiranje notifikacija za create/update predmeta inventara, korisnika i usluga (samo na create) - Updateani raw queriji da vracaju samo notifikacije za koja korisnik ima prava i da dobavlja povezanu promjenu - Updatean socket gateway da se ne pale socket eventovi notifikacija odredjenog entiteta userima koji nemaju permisiju za taj entitet - na FE dodano mapiranje za razlicite vrste entiteta za notifikacije cisto da ne pise undefined, to ce svakako @[user_3] prilagodit u FE PR-u",483,True,False,False,False,True,True,,BE: Real notifications,0,0,True,False,False,False,True,True,"# Description

- Kreiranje notifikacija za create/update predmeta inventara, korisnika i usluga (samo na create)
- Updateani raw queriji da vracaju samo notifikacije za koja korisnik ima prava i da dobavlja povezanu promjenu
- Updatean socket gateway da se ne pale socket eventovi notifikacija odredjenog entiteta userima koji nemaju permisiju za taj entitet
- na FE dodano mapiranje za razlicite vrste entiteta za notifikacije cisto da ne pise undefined, to ce svakako @[user_3] prilagodit u FE PR-u",498,"- Kreiranje notifikacija za create/update predmeta inventara, korisnika i usluga (samo na create) - Updateani raw queriji da vracaju samo notifikacije za koja korisnik ima prava i da dobavlja povezanu promjenu - Updatean socket gateway da se ne pale socket eventovi notifikacija odredjenog entiteta userima koji nemaju permisiju za taj entitet - na FE dodano mapiranje za razlicite vrste entiteta za notifikacije cisto da ne pise undefined, to ce svakako @[user_3] prilagodit u FE PR-u",483,BE: Real notifications
119.91638888888889,4.996516203703703,529,2881244501,closed,True,False,2025-10-02T10:10:17Z,2025-10-07T10:05:16Z,2025-10-07T10:05:16Z,2025-10-07T10:05:18Z,2025-10-03T05:43:54Z,2025-10-02T10:10:17+00:00,[user_3],3,[user_3],7,[user_2]|[user_4]|[user]|[user_5]|[user_6]|[user_7]|[user_3],263,182,12,19,445,0,14,11,1,9,1,0,2025-10-03T05:34:09+00:00,2025-10-07T09:30:10+00:00,19.397777777777776,119.3313888888889,39,19,0,7,14022550 FE: (Real) Notifications,33,1848,TypeScript,1810,"Napravljene su ""realnije"" notifikacije tako da točno prikazuju što se dogodilo, za test, mergeajte https://github.com/[user]/[project]/pull/528 i odkomentirajte uvjet iz komentara ispod. Napravljene su sljedeće promjene: - Kreirana formatNotificationTitle funkcija koja formatira naslov notifikacije ovisno o vrsti entiteta, padežu, rodu imenice itd... - Refactor NotificationItem komponente. Uklanjanje svih propova koji su se slali preko notification objekta iz parent komponente, sada samo proslijeđujemo cijeli notification objekt u NotificationItem (ovo je bilo potrebno zbog formatiranja naslova) - Definiranje propa “page“ i “dropdown“ za Notificationitem komponentu tako da naslov formatiramo dugo ili kratko ovisno o propu - Refactor processedHistory i renderCell funkcija za prikaz stare i nove vrijednosti u dugom formatu. Ovo je bilo potrebno jer ako je u notifikaciji promijenjeno samo jedno polje, napišemo što se točno promijenilo. Zato je bilo potrebno formatirati taj tekst ovdje kao i u Changes komponenti - Prilagođeni naslovi ovisno o radnji: kreiranju, ažuriranju, brisanju, jednoj promjeni, više promjena i promjeni ugovora (bilo koje datoteke)",1165,False,False,True,False,False,True,,14022550 FE: (Real) Notifications,1,0,False,False,True,False,False,True,"# Description

Napravljene su ""realnije"" notifikacije tako da točno prikazuju što se dogodilo, za test, mergeajte https://github.com/[user]/[project]/pull/528 i odkomentirajte uvjet iz komentara ispod. Napravljene su sljedeće promjene:
- Kreirana formatNotificationTitle funkcija koja formatira naslov notifikacije ovisno o vrsti entiteta, padežu, rodu imenice itd...
- Refactor NotificationItem komponente. Uklanjanje svih propova koji su se slali preko notification objekta iz parent komponente, sada samo proslijeđujemo cijeli notification objekt u NotificationItem (ovo je bilo potrebno zbog formatiranja naslova)
- Definiranje propa “page“ i “dropdown“ za Notificationitem komponentu tako da naslov formatiramo dugo ili kratko ovisno o propu
- Refactor processedHistory i renderCell funkcija za prikaz stare i nove vrijednosti u dugom formatu. Ovo je bilo potrebno jer ako je u notifikaciji promijenjeno samo jedno polje, napišemo što se točno promijenilo. Zato je bilo potrebno formatirati taj tekst ovdje kao i u Changes komponenti
- Prilagođeni naslovi ovisno o radnji: kreiranju, ažuriranju, brisanju, jednoj promjeni, više promjena i promjeni ugovora (bilo koje datoteke)",1180,"Napravljene su ""realnije"" notifikacije tako da točno prikazuju što se dogodilo, za test, mergeajte https://github.com/[user]/[project]/pull/528 i odkomentirajte uvjet iz komentara ispod. Napravljene su sljedeće promjene: - Kreirana formatNotificationTitle funkcija koja formatira naslov notifikacije ovisno o vrsti entiteta, padežu, rodu imenice itd... - Refactor NotificationItem komponente. Uklanjanje svih propova koji su se slali preko notification objekta iz parent komponente, sada samo proslijeđujemo cijeli notification objekt u NotificationItem (ovo je bilo potrebno zbog formatiranja naslova) - Definiranje propa “page“ i “dropdown“ za Notificationitem komponentu tako da naslov formatiramo dugo ili kratko ovisno o propu - Refactor processedHistory i renderCell funkcija za prikaz stare i nove vrijednosti u dugom formatu. Ovo je bilo potrebno jer ako je u notifikaciji promijenjeno samo jedno polje, napišemo što se točno promijenilo. Zato je bilo potrebno formatirati taj tekst ovdje kao i u Changes komponenti - Prilagođeni naslovi ovisno o radnji: kreiranju, ažuriranju, brisanju, jednoj promjeni, više promjena i promjeni ugovora (bilo koje datoteke)",1165,14022550 FE: (Real) Notifications
93.96638888888889,3.9152662037037036,530,2881343772,closed,True,False,2025-10-02T10:46:57Z,2025-10-06T08:44:56Z,2025-10-06T08:44:56Z,2025-10-06T08:44:58Z,2025-10-02T11:45:23Z,2025-10-02T10:46:57+00:00,[user_2],2,[user_2],6,[user_2]|[user_4]|[user]|[user_6]|[user_7]|[user_3],113,111,16,7,224,0,8,6,1,4,1,0,2025-10-02T18:53:19+00:00,2025-10-03T09:07:20+00:00,8.106111111111112,22.33972222222222,21,7,0,6,FS: Fix referral source undefined,33,977,TypeScript,942,"Bug: Koristimo noUnknown a u event validatoru nije bia naveden createdAt kojeg gledamo za referralSource polje pa bi ga pribacilo u null Promjene: - fix buga - prebaceni noUnknown u validatore - alignanje svih validatora sa schemom (dodavanje polja koja su nedostajala) - cleanup validatora, hookova i metoda radi konzistentnosti",329,True,False,False,True,True,True,,FS: Fix referral source undefined,0,0,True,False,False,True,True,True,"# Description

Bug: Koristimo noUnknown a u event validatoru nije bia naveden createdAt kojeg gledamo za referralSource polje pa bi ga pribacilo u null

Promjene:
- fix buga
- prebaceni noUnknown u validatore
- alignanje svih validatora sa schemom (dodavanje polja koja su nedostajala)
- cleanup validatora, hookova i metoda radi konzistentnosti",345,"Bug: Koristimo noUnknown a u event validatoru nije bia naveden createdAt kojeg gledamo za referralSource polje pa bi ga pribacilo u null Promjene: - fix buga - prebaceni noUnknown u validatore - alignanje svih validatora sa schemom (dodavanje polja koja su nedostajala) - cleanup validatora, hookova i metoda radi konzistentnosti",329,FS: Fix referral source undefined
85.42,3.5591666666666666,531,2883957373,closed,True,False,2025-10-03T06:34:31Z,2025-10-06T19:59:43Z,2025-10-06T19:59:43Z,2025-10-06T19:59:45Z,,2025-10-03T06:34:31+00:00,[user_3],3,[user_3],6,[user_2]|[user_4]|[user]|[user_5]|[user_6]|[user_7],44,17,5,12,61,1,2,2,0,2,0,0,2025-10-03T10:14:09+00:00,,3.6605555555555553,,26,12,1,6,13966170 FE: Inventory migration basics,39,673,TypeScript,644,"Zakucani type na PRODUCT i group na INVENTORY. Prilagođeno slanje payloada, initial values, tipovi i validacija",111,False,False,True,False,False,True,,13966170 FE: Inventory migration basics,0,0,False,False,True,False,False,True,"# Description

Zakucani type na PRODUCT i group na INVENTORY. Prilagođeno slanje payloada, initial values, tipovi i validacija",126,"Zakucani type na PRODUCT i group na INVENTORY. Prilagođeno slanje payloada, initial values, tipovi i validacija",111,13966170 FE: Inventory migration basics
73.80694444444444,3.075289351851852,532,2884134896,closed,True,False,2025-10-03T07:56:48Z,2025-10-06T09:45:13Z,2025-10-06T09:45:13Z,2025-10-06T09:45:16Z,2025-10-03T08:23:20Z,2025-10-03T07:56:48+00:00,[user_2],2,[user_2],6,[user_2]|[user_4]|[user]|[user_6]|[user_7]|[user_3],119,22,25,7,141,0,2,2,1,1,0,0,2025-10-03T08:55:33+00:00,2025-10-03T09:23:04+00:00,0.9791666666666666,1.4377777777777778,20,7,0,5,14067712 BE: Service changes,28,764,TypeScript,731,Na update usluge kreirana promjena Dodan endpoint za dobavljanje promjena odredene usluge Dodan canViewServiceChanges permission Cleanup UpdateService tipa Alignano i cleanupano di je tribalo,191,True,False,False,False,True,False,,14067712 BE: Service changes,0,0,True,False,False,False,True,False,"# Description

Na update usluge kreirana promjena
Dodan endpoint za dobavljanje promjena odredene usluge
Dodan canViewServiceChanges permission
Cleanup UpdateService tipa
Alignano i cleanupano di je tribalo",206,Na update usluge kreirana promjena Dodan endpoint za dobavljanje promjena odredene usluge Dodan canViewServiceChanges permission Cleanup UpdateService tipa Alignano i cleanupano di je tribalo,191,14067712 BE: Service changes
73.69472222222223,3.070613425925926,533,2884302655,closed,True,False,2025-10-03T09:00:45Z,2025-10-06T10:42:26Z,2025-10-06T10:42:26Z,2025-10-06T10:42:28Z,,2025-10-03T09:00:45+00:00,[user_3],3,[user_3],6,[user_2]|[user_4]|[user]|[user_5]|[user_6]|[user_7],51,1,4,8,52,0,0,1,1,0,0,0,2025-10-03T10:23:25+00:00,2025-10-03T10:23:25+00:00,1.3777777777777778,1.3777777777777778,20,8,0,6,14067715 FE: Service changes,28,846,TypeScript,813,"Dodana povijest izmjena na FE, za test mergajte https://github.com/[user]/[project]/pull/532 u ovaj branch. Napravljene su sljedeće izmjene: - Dodan botun za povijest izmjena na uslugama - Spojen odgovarajući endpoint i permisije - Dodana opcija za toggle CAN_VIEW_SERVICE_CHANGES permisije u UserForm",300,False,False,True,False,False,True,,14067715 FE: Service changes,0,0,False,False,True,False,False,True,"# Description

Dodana povijest izmjena na FE, za test mergajte https://github.com/[user]/[project]/pull/532 u ovaj branch.
Napravljene su sljedeće izmjene:
- Dodan botun za povijest izmjena na uslugama
- Spojen odgovarajući endpoint i permisije
- Dodana opcija za toggle CAN_VIEW_SERVICE_CHANGES permisije u UserForm",315,"Dodana povijest izmjena na FE, za test mergajte https://github.com/[user]/[project]/pull/532 u ovaj branch. Napravljene su sljedeće izmjene: - Dodan botun za povijest izmjena na uslugama - Spojen odgovarajući endpoint i permisije - Dodana opcija za toggle CAN_VIEW_SERVICE_CHANGES permisije u UserForm",300,14067715 FE: Service changes
200.92555555555555,8.371898148148148,534,2887118839,closed,True,False,2025-10-04T11:38:45Z,2025-10-12T20:34:17Z,2025-10-12T20:34:17Z,2025-10-12T20:34:29Z,2025-10-12T20:33:57Z,2025-10-04T11:38:45+00:00,[user],[user_id],[user],0,,13121,6318,297,232,19439,0,0,0,0,0,0,0,,,,,237,232,0,0,release: 13-10-2025,19,299,TypeScript,287,"Release notes dokument: [Release_13102025.pdf](https://github.com/user-attachments/files/22874261/Release_13102025.pdf) # Checklist: - [ ] Self code review - [X] Self Q&A test - [ ] Tests for new or changed hooks, components, forms, and other objects - [ ] Mobile layout",270,False,False,False,False,False,False,,release: 13-10-2025,0,0,False,False,False,False,False,False,"# Description

Release notes dokument:
[Release_13102025.pdf](https://github.com/user-attachments/files/22874261/Release_13102025.pdf)

# Checklist:

- [ ] Self code review
- [X] Self Q&A test
- [ ] Tests for new or changed hooks, components, forms, and other objects
- [ ] Mobile layout",287,"Release notes dokument: [Release_13102025.pdf](https://github.com/user-attachments/files/22874261/Release_13102025.pdf) # Checklist: - [ ] Self code review - [X] Self Q&A test - [ ] Tests for new or changed hooks, components, forms, and other objects - [ ] Mobile layout",270,release: 13-10-2025
1.7863888888888888,0.07443287037037037,535,2892955012,closed,True,False,2025-10-07T07:34:38Z,2025-10-07T09:21:49Z,2025-10-07T09:21:49Z,2025-10-07T09:21:51Z,,2025-10-07T07:34:38+00:00,[user_2],2,[user_2],5,[user_4]|[user]|[user_6]|[user_7]|[user_3],1,3,1,1,4,0,0,1,1,0,0,0,2025-10-07T09:17:23+00:00,2025-10-07T09:17:23+00:00,1.7125,1.7125,11,1,0,5,14105416 FE (Bug): Prazno trajanje dogadaja,43,728,TypeScript,698,Kad bi eventDuration stavili na prazno bude prazan string i ternarni operator bi na BE posla originalnu vrijednost Napravia san samo da se salje ko i startTime,159,True,False,False,False,False,True,,14105416 FE (Bug): Prazno trajanje dogadaja,0,0,True,False,False,False,False,True,"# Description

Kad bi eventDuration stavili na prazno bude prazan string i ternarni operator bi na BE posla originalnu vrijednost
Napravia san samo da se salje ko i startTime",174,Kad bi eventDuration stavili na prazno bude prazan string i ternarni operator bi na BE posla originalnu vrijednost Napravia san samo da se salje ko i startTime,159,14105416 FE (Bug): Prazno trajanje dogadaja
4.137222222222222,0.17238425925925926,536,2893472501,closed,True,False,2025-10-07T10:28:36Z,2025-10-07T14:36:50Z,2025-10-07T14:36:50Z,2025-10-07T14:36:51Z,2025-10-07T10:45:59Z,2025-10-07T10:28:36+00:00,[user_2],2,[user_2],5,[user_4]|[user]|[user_6]|[user_7]|[user_3],4,6,1,4,10,2,0,1,1,0,0,0,2025-10-07T12:01:29+00:00,2025-10-07T12:01:29+00:00,1.5480555555555555,1.5480555555555555,19,4,2,5,BE (Bug): startDate edit,24,779,TypeScript,749,"Bug je bia s vremenskim zonama, kad bi npr stavili datum 09-09 on bi updatea u 08-09-22:00 na update metodi u event repozitoriju san stavia da se za datume stavlja ko sta se stavljalo za create za startDate",206,True,False,False,False,True,False,,BE (Bug): startDate edit,0,0,True,False,False,False,True,False,"# Description

Bug je bia s vremenskim zonama, kad bi npr stavili datum 09-09 on bi updatea u 08-09-22:00
na update metodi u event repozitoriju san stavia da se za datume stavlja ko sta se stavljalo za create za startDate",221,"Bug je bia s vremenskim zonama, kad bi npr stavili datum 09-09 on bi updatea u 08-09-22:00 na update metodi u event repozitoriju san stavia da se za datume stavlja ko sta se stavljalo za create za startDate",206,BE (Bug): startDate edit
5.365277777777778,0.22355324074074076,537,2893612221,closed,True,False,2025-10-07T11:16:05Z,2025-10-07T16:38:00Z,2025-10-07T16:38:00Z,2025-10-07T16:38:02Z,,2025-10-07T11:16:05+00:00,[user_3],3,[user_3],6,[user_2]|[user_4]|[user]|[user_5]|[user_6]|[user_7],5,19,2,1,24,1,0,1,1,0,0,0,2025-10-07T16:36:56+00:00,2025-10-07T16:36:56+00:00,5.3475,5.3475,13,1,1,6,14115456 FE: Status tooltip misalignment,40,1111,TypeScript,1072,"Popravljen misalignment tooltipa na status polju događaja. Napravljene su sljedeće izmjene: - Centriran tootlip na input polje dodavanjem position-relative na polje tako da je uvijek konzistentno - Prilagođene vrijednosti za width, left i bottom - Prilagođen mobilni prikaz - Počišćen kod",288,True,False,False,False,False,True,,14115456 FE: Status tooltip misalignment,2,0,True,False,False,False,False,True,"# Description

Popravljen misalignment tooltipa na status polju događaja. Napravljene su sljedeće izmjene:
- Centriran tootlip na input polje dodavanjem position-relative na polje tako da je uvijek konzistentno
- Prilagođene vrijednosti za width, left i bottom
- Prilagođen mobilni prikaz
- Počišćen kod",303,"Popravljen misalignment tooltipa na status polju događaja. Napravljene su sljedeće izmjene: - Centriran tootlip na input polje dodavanjem position-relative na polje tako da je uvijek konzistentno - Prilagođene vrijednosti za width, left i bottom - Prilagođen mobilni prikaz - Počišćen kod",288,14115456 FE: Status tooltip misalignment
0.31666666666666665,0.013194444444444444,538,2896689433,closed,True,False,2025-10-08T09:10:28Z,2025-10-08T09:29:28Z,2025-10-08T09:29:28Z,2025-10-08T09:29:29Z,,2025-10-08T09:10:28+00:00,[user_3],3,[user_3],1,[user],9,2,1,2,11,0,0,0,0,0,0,0,,,,,7,2,0,1,FE: Status tooltip icon change,30,567,TypeScript,538,Dodana nova tooltip ikona,25,True,False,False,False,False,True,,FE: Status tooltip icon change,0,0,True,False,False,False,False,True,"# Description

Dodana nova tooltip ikona",40,Dodana nova tooltip ikona,25,FE: Status tooltip icon change
72.56361111111111,3.0234837962962966,539,2896747852,closed,True,False,2025-10-08T09:28:33Z,2025-10-11T10:02:22Z,2025-10-11T10:02:22Z,2025-10-11T10:02:24Z,,2025-10-08T09:28:33+00:00,[user_2],2,[user_2],6,[user_2]|[user_4]|[user]|[user_6]|[user_7]|[user_3],247,245,3,9,492,0,14,14,2,12,0,0,2025-10-09T12:21:56+00:00,2025-10-09T12:21:56+00:00,26.889722222222222,26.889722222222222,30,9,0,7,14111521 BE: Generator docx i xlsx cleanup,42,995,TypeScript,960,- pobrisane stvari koje se nisu koristile ni u excelici ni u wordu - pociscene metode za generiranje ponude - offer-data.utils.ts pociscen (ono sta je za servis prebaceno tamo) i premjesten u utils folder - bad request ako tip nije ni word ni excel - updateani templateovi: [template.docx](https://github.com/user-attachments/files/22763458/template.docx) [template.xlsx](https://github.com/user-attachments/files/22763459/template.xlsx),437,False,False,False,True,True,False,,14111521 BE: Generator docx i xlsx cleanup,0,0,False,False,False,True,True,False,"# Description

- pobrisane stvari koje se nisu koristile ni u excelici ni u wordu
- pociscene metode za generiranje ponude
- offer-data.utils.ts pociscen (ono sta je za servis prebaceno tamo) i premjesten u utils folder
- bad request ako tip nije ni word ni excel
- updateani templateovi:
[template.docx](https://github.com/user-attachments/files/22763458/template.docx)
[template.xlsx](https://github.com/user-attachments/files/22763459/template.xlsx)",452,- pobrisane stvari koje se nisu koristile ni u excelici ni u wordu - pociscene metode za generiranje ponude - offer-data.utils.ts pociscen (ono sta je za servis prebaceno tamo) i premjesten u utils folder - bad request ako tip nije ni word ni excel - updateani templateovi: [template.docx](https://github.com/user-attachments/files/22763458/template.docx) [template.xlsx](https://github.com/user-attachments/files/22763459/template.xlsx),437,14111521 BE: Generator docx i xlsx cleanup
20.60861111111111,0.8586921296296296,540,2898515225,closed,True,False,2025-10-08T19:29:47Z,2025-10-09T16:06:18Z,2025-10-09T16:06:18Z,2025-10-09T16:06:20Z,2025-10-08T19:52:58Z,2025-10-08T19:29:47+00:00,[user_3],3,[user_3],7,[user_2]|[user_4]|[user]|[user_5]|[user_6]|[user_7]|[user_3],351,53,16,7,404,0,6,5,1,4,0,0,2025-10-08T19:46:00+00:00,2025-10-09T16:04:54+00:00,0.2702777777777778,20.585277777777776,23,7,0,7,13966176 FE: inventory migration implementation,47,1029,TypeScript,995,"- Dodana .env varijabla VITE_FLAG_PRODUCTS - Dodan stupac group, renderanje, padajući izbornik, prilagođen kod prema VITE_FLAG_PRODUCTS varijabli - Ako je group === INVENTORY prikazuje se penaltyPrice, u ostalim slučajevima ne, prilagođen validator i ostatak koda - Dodana filter funkcionalnost, konkretno za group - Promijenjeni nazivi iz ""Inventar"" u ""Proizvodi"" - Promijenjen URL u /products samo na FE",405,False,False,True,False,False,True,,13966176 FE: inventory migration implementation,0,0,False,False,True,False,False,True,"# Description

- Dodana .env varijabla VITE_FLAG_PRODUCTS
- Dodan stupac group, renderanje, padajući izbornik, prilagođen kod prema VITE_FLAG_PRODUCTS varijabli
- Ako je group === INVENTORY prikazuje se penaltyPrice, u ostalim slučajevima ne, prilagođen validator i ostatak koda
- Dodana filter funkcionalnost, konkretno za group
- Promijenjeni nazivi iz ""Inventar"" u ""Proizvodi""
- Promijenjen URL u /products samo na FE",420,"- Dodana .env varijabla VITE_FLAG_PRODUCTS - Dodan stupac group, renderanje, padajući izbornik, prilagođen kod prema VITE_FLAG_PRODUCTS varijabli - Ako je group === INVENTORY prikazuje se penaltyPrice, u ostalim slučajevima ne, prilagođen validator i ostatak koda - Dodana filter funkcionalnost, konkretno za group - Promijenjeni nazivi iz ""Inventar"" u ""Proizvodi"" - Promijenjen URL u /products samo na FE",405,13966176 FE: inventory migration implementation
7.444166666666667,0.31017361111111114,541,2900575628,closed,True,False,2025-10-09T12:34:27Z,2025-10-09T20:01:06Z,2025-10-09T20:01:06Z,2025-10-09T20:01:08Z,2025-10-09T16:48:48Z,2025-10-09T12:34:27+00:00,[user_2],2,[user_2],5,[user_4]|[user]|[user_6]|[user_7]|[user_3],535,523,53,10,1058,0,0,1,1,0,0,0,2025-10-09T18:12:23+00:00,2025-10-09T18:12:23+00:00,5.6322222222222225,5.6322222222222225,22,10,0,5,13966184 BE: Inventory migration implementation,47,842,TypeScript,808,"- rename Inventory modula u Product - endpointovi prebaceni u /products - updateana schema za inventory -> product - migracijska skripta za inventory -> product - tipovi, konstante i validator za inventory -> product - pociscen naming po product module",252,False,False,True,False,True,False,,13966184 BE: Inventory migration implementation,0,0,False,False,True,False,True,False,"# Description

- rename Inventory modula u Product
- endpointovi prebaceni u /products
- updateana schema za inventory -> product
- migracijska skripta za inventory -> product
- tipovi, konstante i validator za inventory -> product
- pociscen naming po product module",267,"- rename Inventory modula u Product - endpointovi prebaceni u /products - updateana schema za inventory -> product - migracijska skripta za inventory -> product - tipovi, konstante i validator za inventory -> product - pociscen naming po product module",252,13966184 BE: Inventory migration implementation
21.60861111111111,0.9003587962962962,542,2901432095,closed,True,False,2025-10-09T17:05:01Z,2025-10-10T14:41:32Z,2025-10-10T14:41:32Z,2025-10-10T14:41:33Z,,2025-10-09T17:05:01+00:00,[user_3],3,[user_3],6,[user_2]|[user_4]|[user]|[user_5]|[user_6]|[user_7],11,19,1,2,30,1,0,2,1,0,1,0,2025-10-10T08:06:04+00:00,2025-10-10T13:22:39+00:00,15.0175,20.29388888888889,17,2,1,6,14024662 FE (Bug): Multievent listener,38,1220,TypeScript,1185,"Socket eventovi su se logirali više puta, ovo su uzroci: - useSocketEvent je koristio socket.onAny koji je hvatao sve evente bez obzira na prefiks - Višestruke registracije listenera su dodatno multiplicirale evente Za dijagnostiku sam šeta po projektu i istestira što svaki useSocketEvent radi, ispostavilo se da onAny poziva sve evente (uključujući one koje hook uopće ne sluša) Umjesto onAny sam stavio on koji sluša samo jedan, točno određeni event. Počistio sam ostatak za koji mislim da je višak, testira sam notifikacije i ostatak aplikacije koji se oslanja na useSocketEvent i nisam naletio na probleme. Svakako istestirajte pa javite ako naletite na problem.",667,True,False,False,False,False,True,,14024662 FE (Bug): Multievent listener,0,0,True,False,False,False,False,True,"# Description

Socket eventovi su se logirali više puta, ovo su uzroci:
- useSocketEvent je koristio socket.onAny koji je hvatao sve evente bez obzira na prefiks
- Višestruke registracije listenera su dodatno multiplicirale evente

Za dijagnostiku sam šeta po projektu i istestira što svaki useSocketEvent radi, ispostavilo se da onAny poziva sve evente (uključujući one koje hook uopće ne sluša)

Umjesto onAny sam stavio on koji sluša samo jedan, točno određeni event. Počistio sam ostatak za koji mislim da je višak, testira sam notifikacije i ostatak aplikacije koji se oslanja na useSocketEvent i nisam naletio na probleme. Svakako istestirajte pa javite ako naletite na problem.",684,"Socket eventovi su se logirali više puta, ovo su uzroci: - useSocketEvent je koristio socket.onAny koji je hvatao sve evente bez obzira na prefiks - Višestruke registracije listenera su dodatno multiplicirale evente Za dijagnostiku sam šeta po projektu i istestira što svaki useSocketEvent radi, ispostavilo se da onAny poziva sve evente (uključujući one koje hook uopće ne sluša) Umjesto onAny sam stavio on koji sluša samo jedan, točno određeni event. Počistio sam ostatak za koji mislim da je višak, testira sam notifikacije i ostatak aplikacije koji se oslanja na useSocketEvent i nisam naletio na probleme. Svakako istestirajte pa javite ako naletite na problem.",667,14024662 FE (Bug): Multievent listener
52.82972222222222,2.201238425925926,543,2901489048,closed,True,False,2025-10-09T17:25:05Z,2025-10-11T22:14:52Z,2025-10-11T22:14:52Z,2025-10-11T22:14:53Z,,2025-10-09T17:25:05+00:00,[user_7],7,[user],0,,1076,71,9,9,1147,0,0,0,0,0,0,0,,,,,19,9,0,3,13966192 fe badge component,27,635,TypeScript,605,- implementacija Badge komponente ( samo osnovno -> Basic Badge iz https://preview.tabler.io/badges.html ) - migracija Status komponente na novu Badge komponentu,161,False,True,False,False,False,True,,13966192 fe badge component,0,0,False,True,False,False,False,True,"# Description

- implementacija Badge komponente ( samo osnovno -> Basic Badge iz https://preview.tabler.io/badges.html )
- migracija Status komponente na novu Badge komponentu",176,- implementacija Badge komponente ( samo osnovno -> Basic Badge iz https://preview.tabler.io/badges.html ) - migracija Status komponente na novu Badge komponentu,161,13966192 fe badge component
2.0816666666666666,0.08673611111111111,544,2903298444,closed,True,False,2025-10-10T09:47:00Z,2025-10-10T11:51:54Z,2025-10-10T11:51:54Z,2025-10-10T11:51:55Z,,2025-10-10T09:47:00+00:00,[user_3],3,[user_3],5,[user_2]|[user_4]|[user]|[user_6]|[user_7],205,207,37,2,412,0,1,1,1,0,0,0,2025-10-10T11:43:33+00:00,2025-10-10T11:43:33+00:00,1.9425,1.9425,12,2,0,5,13966188 FE: Inventory migration cleanup,40,647,TypeScript,618,"Izmijenjeni nazivi svih fajlova, komponenti, varijabli... iz ""Inventory"" u ""Products""",85,False,False,False,True,False,True,,13966188 FE: Inventory migration cleanup,0,0,False,False,False,True,False,True,"# Description

Izmijenjeni nazivi svih fajlova, komponenti, varijabli... iz ""Inventory"" u ""Products""",100,"Izmijenjeni nazivi svih fajlova, komponenti, varijabli... iz ""Inventory"" u ""Products""",85,13966188 FE: Inventory migration cleanup
33.25277777777778,1.3855324074074076,545,2903953190,closed,True,False,2025-10-10T13:11:31Z,2025-10-11T22:26:41Z,2025-10-11T22:26:41Z,2025-10-11T22:26:42Z,,2025-10-10T13:11:31+00:00,[user_2],2,[user],5,[user_4]|[user]|[user_6]|[user_7]|[user_3],132,63,7,5,195,0,2,1,0,1,0,0,2025-10-11T16:53:32+00:00,,27.700277777777778,,15,5,0,5,14179834 FE (Bug): Notification tekst boldanje,46,1208,TypeScript,1171,"notifikacije nisu bile najbolje boldane i product group i product type nisu bili mapirani da se ispisu na hrvatskom usput san pocistia malo notifications helper boldamo kljucne rijeci (kreiran, obrisan, azuriran itd., ime samog eventa/proizvoda/korisnika i ime polja koje se promijenilo) prije: poslije:",303,True,False,False,True,False,True,,14179834 FE (Bug): Notification tekst boldanje,2,0,True,False,False,True,False,True,"# Description

notifikacije nisu bile najbolje boldane i product group i product type nisu bili mapirani da se ispisu na hrvatskom
usput san pocistia malo notifications helper
boldamo kljucne rijeci (kreiran, obrisan, azuriran itd., ime samog eventa/proizvoda/korisnika i ime polja koje se promijenilo)
prije:

poslije:",319,"notifikacije nisu bile najbolje boldane i product group i product type nisu bili mapirani da se ispisu na hrvatskom usput san pocistia malo notifications helper boldamo kljucne rijeci (kreiran, obrisan, azuriran itd., ime samog eventa/proizvoda/korisnika i ime polja koje se promijenilo) prije: poslije:",303,14179834 FE (Bug): Notification tekst boldanje
49.469166666666666,2.061215277777778,546,2906306479,closed,True,False,2025-10-11T09:23:25Z,2025-10-13T10:51:34Z,2025-10-13T10:51:34Z,2025-10-13T10:51:36Z,2025-10-13T07:05:31Z,2025-10-11T09:23:25+00:00,[user_3],3,[user_3],6,[user_2]|[user_4]|[user]|[user_6]|[user_7]|[user_3],156,66,8,2,222,0,2,2,1,1,0,0,2025-10-13T08:15:36+00:00,2025-10-13T08:15:36+00:00,46.86972222222222,46.86972222222222,12,2,0,5,14183448 FE: TableHeader komponenta,35,751,TypeScript,720,- Kreirana TableHeader komponenta koja prima columns. - Kreiran Cell[] tip za columns - Vrijednosti su hardkodirane privremeno (do kreiranja Table komponente),158,False,False,False,True,False,True,,14183448 FE: TableHeader komponenta,0,0,False,False,False,True,False,True,"# Description

- Kreirana TableHeader komponenta koja prima columns.
- Kreiran Cell[] tip za columns
- Vrijednosti su hardkodirane privremeno (do kreiranja Table komponente)",173,- Kreirana TableHeader komponenta koja prima columns. - Kreiran Cell[] tip za columns - Vrijednosti su hardkodirane privremeno (do kreiranja Table komponente),158,14183448 FE: TableHeader komponenta
74.64138888888888,3.1100578703703703,547,2906372217,closed,True,False,2025-10-11T10:20:15Z,2025-10-14T12:58:44Z,2025-10-14T12:58:44Z,2025-10-14T12:58:47Z,2025-10-13T07:17:58Z,2025-10-11T10:20:15+00:00,[user_3],3,[user_3],5,[user_2]|[user_4]|[user]|[user_6]|[user_7],201,134,6,10,335,1,3,4,1,3,0,0,2025-10-13T12:48:09+00:00,2025-10-13T12:48:09+00:00,50.465,50.465,25,10,1,5,14183453 FE: TableRow komponenta,32,781,TypeScript,750,"- Kreirana TableHeader komponenta koja prima columns. - Postojeći deleted, style zamijenjeni className implementacijom - Vrijednosti su hardkodirane privremeno (do kreiranja Table komponente)",191,False,False,False,True,False,True,,14183453 FE: TableRow komponenta,0,0,False,False,False,True,False,True,"# Description

- Kreirana TableHeader komponenta koja prima columns.
- Postojeći deleted, style zamijenjeni className implementacijom
- Vrijednosti su hardkodirane privremeno (do kreiranja Table komponente)",206,"- Kreirana TableHeader komponenta koja prima columns. - Postojeći deleted, style zamijenjeni className implementacijom - Vrijednosti su hardkodirane privremeno (do kreiranja Table komponente)",191,14183453 FE: TableRow komponenta
74.90055555555556,3.1208564814814816,548,2906440664,closed,True,False,2025-10-11T11:23:13Z,2025-10-14T14:17:15Z,2025-10-14T14:17:15Z,2025-10-14T14:17:17Z,2025-10-13T10:45:16Z,2025-10-11T11:23:13+00:00,[user_3],3,[user_3],6,[user_2]|[user_4]|[user]|[user_6]|[user_7]|[user_3],573,1361,18,14,1934,0,8,8,1,7,0,0,2025-10-13T09:25:02+00:00,2025-10-13T13:03:52+00:00,46.030277777777776,49.6775,31,14,0,5,14183458 FE: Table komponenta,29,956,TypeScript,776,"- Kreirana Table komponenta - Izbrisan react-virtuoso paket - Prebačene TableHeader i TableRow komponente u Table komponentu - Popravljen test za EventsTable komponentu nakon brisanja react-virtuoso paketa (bacite oko na komentar ispod) - Dodani testovi za Table, TableRow i TableHeader komponentu",297,False,False,False,True,False,True,,14183458 FE: Table komponenta,0,0,False,False,False,True,False,True,"# Description

- Kreirana Table komponenta
- Izbrisan react-virtuoso paket
- Prebačene TableHeader i TableRow komponente u Table komponentu
- Popravljen test za EventsTable komponentu nakon brisanja react-virtuoso paketa (bacite oko na komentar ispod)
- Dodani testovi za Table, TableRow i TableHeader komponentu",312,"- Kreirana Table komponenta - Izbrisan react-virtuoso paket - Prebačene TableHeader i TableRow komponente u Table komponentu - Popravljen test za EventsTable komponentu nakon brisanja react-virtuoso paketa (bacite oko na komentar ispod) - Dodani testovi za Table, TableRow i TableHeader komponentu",297,14183458 FE: Table komponenta
0.0038888888888888888,0.00016203703703703703,549,2907401219,closed,True,False,2025-10-12T08:56:50Z,2025-10-12T08:57:04Z,2025-10-12T08:57:04Z,2025-10-12T08:57:05Z,2025-10-12T08:56:57Z,2025-10-12T08:56:50+00:00,[user],[user_id],[user],1,[user_4],217,375,12,4,592,0,0,0,0,0,0,0,,,,,11,4,0,1,chore: products flag cleanup,28,821,TypeScript,156,,0,True,False,False,False,False,False,TASK_ID,chore: products flag cleanup,0,0,True,False,False,False,False,False,,0,,0,chore: products flag cleanup
23.593333333333334,0.9830555555555556,550,2912423674,closed,True,False,2025-10-14T06:23:20Z,2025-10-15T05:58:56Z,2025-10-15T05:58:56Z,2025-10-15T05:58:58Z,,2025-10-14T06:23:20+00:00,[user_2],2,[user_2],5,[user_4]|[user]|[user_6]|[user_7]|[user_3],34,9,6,2,43,0,0,2,2,0,0,0,2025-10-14T10:50:07+00:00,2025-10-14T10:50:07+00:00,4.4463888888888885,4.4463888888888885,12,2,0,5,14211831 FS: Rename product type value,38,746,TypeScript,715,"preimenovan tip proizvoda Product u Good dodana migracijska skripta (proizvodi tipa Product -> Good, promjene tipa proizvoda Product -> Good) ispis u notifikaciji proizvod -> roba",179,False,False,False,True,True,True,,14211831 FS: Rename product type value,0,0,False,False,False,True,True,True,"# Description

preimenovan tip proizvoda Product u Good
dodana migracijska skripta (proizvodi tipa Product -> Good, promjene tipa proizvoda Product -> Good)
ispis u notifikaciji proizvod -> roba",194,"preimenovan tip proizvoda Product u Good dodana migracijska skripta (proizvodi tipa Product -> Good, promjene tipa proizvoda Product -> Good) ispis u notifikaciji proizvod -> roba",179,14211831 FS: Rename product type value
22.866666666666667,0.9527777777777778,551,2912518570,closed,True,False,2025-10-14T07:06:43Z,2025-10-15T05:58:43Z,2025-10-15T05:58:43Z,2025-10-15T05:58:45Z,2025-10-14T07:16:39Z,2025-10-14T07:06:43+00:00,[user_2],2,[user_2],5,[user_4]|[user]|[user_6]|[user_7]|[user_3],77,49,11,2,126,0,0,3,3,0,0,0,2025-10-14T09:58:48+00:00,2025-10-14T09:58:48+00:00,2.8680555555555554,2.8680555555555554,15,2,0,5,14205339 BE: Interni status,27,1046,TypeScript,1013,"- sentToProduction -> internalStatus - dodana migracijska skripta (ako je sentToProduction bia TRUE internalStatus mu je ""Proizvodnja"", a ako je false onda ""Prodaja"") - zakucavamo zasad na UNKNOWN (FE PR ce maknit ovo i zapravo slat internalStatus kroz formu) - dodan InternalStatus enum sa nekim privremenim vrijednostima (prave/tocne cemo dobit uskoro) - azuriran validator i Event tipovi",390,False,False,True,False,True,False,,14205339 BE: Interni status,0,0,False,False,True,False,True,False,"# Description

- sentToProduction -> internalStatus
- dodana migracijska skripta (ako je sentToProduction bia TRUE internalStatus mu je ""Proizvodnja"", a ako je false onda ""Prodaja"")
- zakucavamo zasad na UNKNOWN (FE PR ce maknit ovo i zapravo slat internalStatus kroz formu)
- dodan InternalStatus enum sa nekim privremenim vrijednostima (prave/tocne cemo dobit uskoro)
- azuriran validator i Event tipovi",405,"- sentToProduction -> internalStatus - dodana migracijska skripta (ako je sentToProduction bia TRUE internalStatus mu je ""Proizvodnja"", a ako je false onda ""Prodaja"") - zakucavamo zasad na UNKNOWN (FE PR ce maknit ovo i zapravo slat internalStatus kroz formu) - dodan InternalStatus enum sa nekim privremenim vrijednostima (prave/tocne cemo dobit uskoro) - azuriran validator i Event tipovi",390,14205339 BE: Interni status
21.92972222222222,0.9137384259259259,552,2913299306,closed,True,False,2025-10-14T11:37:01Z,2025-10-15T09:32:48Z,2025-10-15T09:32:48Z,2025-10-15T09:32:50Z,2025-10-14T11:39:50Z,2025-10-14T11:37:01+00:00,[user_2],2,[user_2],5,[user_4]|[user]|[user_6]|[user_7]|[user_3],22,1,1,2,23,0,0,1,1,0,0,0,2025-10-15T09:27:13+00:00,2025-10-15T09:27:13+00:00,21.836666666666666,21.836666666666666,12,2,0,5,14211868 BE: Sortiranje bulk događaja,37,666,TypeScript,637,u excelici za događaje istog datuma sortirano po vremenu početka,64,False,False,True,False,True,False,,14211868 BE: Sortiranje bulk događaja,0,0,False,False,True,False,True,False,"# Description

u excelici za događaje istog datuma sortirano po vremenu početka",79,u excelici za događaje istog datuma sortirano po vremenu početka,64,14211868 BE: Sortiranje bulk događaja
310.4822222222222,12.93675925925926,553,2913432476,closed,True,False,2025-10-14T12:17:58Z,2025-10-27T10:46:54Z,2025-10-27T10:46:54Z,2025-10-27T10:46:56Z,2025-10-27T10:37:14Z,2025-10-14T12:17:58+00:00,[user_2],2,[user_2],5,[user_4]|[user]|[user_6]|[user_7]|[user_3],10,6,2,25,16,0,1,2,1,1,0,0,2025-10-18T09:49:16+00:00,2025-10-27T10:45:04+00:00,93.52166666666666,310.45166666666665,37,25,0,5,14199680 BE: Status otkazano,28,956,TypeScript,925,dodan status otkazano u event status i ažuriran validator da je razlog odbijanja obavezan i kad je status OTKAZANO nisan u validator dodava logiku zabrane statusa otkazano prema flagu u envu jer ako je u api/.env odvojeni paket mu nemoze pristupit a dodavat env u validator zbog ovoga mi se parilo nepotrebno na FE ce svakako bit flag prema kojem cemo (ne)prikazivat u izborniku opciju OTKAZANO,394,False,False,True,False,True,False,,14199680 BE: Status otkazano,0,0,False,False,True,False,True,False,"# Description

dodan status otkazano u event status i ažuriran validator da je razlog odbijanja obavezan i kad je status OTKAZANO
nisan u validator dodava logiku zabrane statusa otkazano prema flagu u envu jer ako je u api/.env odvojeni paket mu nemoze pristupit a dodavat env u validator zbog ovoga mi se parilo nepotrebno
na FE ce svakako bit flag prema kojem cemo (ne)prikazivat u izborniku opciju OTKAZANO",409,dodan status otkazano u event status i ažuriran validator da je razlog odbijanja obavezan i kad je status OTKAZANO nisan u validator dodava logiku zabrane statusa otkazano prema flagu u envu jer ako je u api/.env odvojeni paket mu nemoze pristupit a dodavat env u validator zbog ovoga mi se parilo nepotrebno na FE ce svakako bit flag prema kojem cemo (ne)prikazivat u izborniku opciju OTKAZANO,394,14199680 BE: Status otkazano
39.94861111111111,1.664525462962963,554,2914055260,closed,True,False,2025-10-14T15:07:52Z,2025-10-16T07:04:47Z,2025-10-16T07:04:47Z,2025-10-16T07:04:49Z,2025-10-14T15:14:52Z,2025-10-14T15:07:52+00:00,[user_2],2,[user_2],5,[user_4]|[user]|[user_6]|[user_7]|[user_3],9,24,1,2,33,0,0,3,3,0,0,0,2025-10-15T09:38:38+00:00,2025-10-15T09:38:38+00:00,18.512777777777778,18.512777777777778,14,2,0,5,BE: Excel update,16,888,TypeScript,852,promjene na excelici: - maknuto polje meniji - kontakt osobe na terenu -> kuhinja primjetia san da ne koristimo locationDescription u excelici pa san maka i to updateani excel template: [template.xlsx](https://github.com/user-attachments/files/22907776/template.xlsx),267,False,False,False,True,True,False,,BE: Excel update,0,0,False,False,False,True,True,False,"# Description

promjene na excelici:
- maknuto polje meniji
- kontakt osobe na terenu -> kuhinja

primjetia san da ne koristimo locationDescription u excelici pa san maka i to

updateani excel template:
[template.xlsx](https://github.com/user-attachments/files/22907776/template.xlsx)",284,promjene na excelici: - maknuto polje meniji - kontakt osobe na terenu -> kuhinja primjetia san da ne koristimo locationDescription u excelici pa san maka i to updateani excel template: [template.xlsx](https://github.com/user-attachments/files/22907776/template.xlsx),267,BE: Excel update
0.12444444444444444,0.005185185185185185,555,2915938736,closed,True,False,2025-10-15T06:15:55Z,2025-10-15T06:23:23Z,2025-10-15T06:23:23Z,2025-10-15T06:23:24Z,,2025-10-15T06:15:55+00:00,[user_2],2,[user_2],0,,8,6,1,1,14,0,0,0,0,0,0,0,,,,,4,1,0,0,Quickfix: Product type migration,32,821,TypeScript,363,,0,True,False,False,False,True,False,TASK_ID,Quickfix: Product type migration,0,0,True,False,False,False,True,False,,0,,0,Quickfix: Product type migration
3.5297222222222224,0.14707175925925928,556,2916074312,closed,True,False,2025-10-15T07:06:56Z,2025-10-15T10:38:43Z,2025-10-15T10:38:43Z,2025-10-15T10:38:45Z,,2025-10-15T07:06:56+00:00,[user_2],2,[user_2],5,[user_4]|[user]|[user_6]|[user_7]|[user_3],4,4,1,2,8,0,1,1,1,0,0,0,2025-10-15T09:55:47+00:00,2025-10-15T09:55:47+00:00,2.8141666666666665,2.8141666666666665,11,2,0,5,FE: Update event form labels,28,851,TypeScript,816,"promjenjene labele u event formi: - “Opis događaja” -> “Opis događaja / narudžbe” - “Opis narudžbe” -> “Napomene” - sakriveno polje “Procijenjena vrijednost narudžbe""",166,False,False,True,False,False,True,,FE: Update event form labels,0,0,False,False,True,False,False,True,"# Description

promjenjene labele u event formi:
- “Opis događaja” -> “Opis događaja / narudžbe”
- “Opis narudžbe” -> “Napomene”
- sakriveno polje “Procijenjena vrijednost narudžbe""",181,"promjenjene labele u event formi: - “Opis događaja” -> “Opis događaja / narudžbe” - “Opis narudžbe” -> “Napomene” - sakriveno polje “Procijenjena vrijednost narudžbe""",166,FE: Update event form labels
33.0775,1.3782291666666666,557,2916899037,closed,True,False,2025-10-15T11:20:31Z,2025-10-16T20:25:10Z,2025-10-16T20:25:10Z,2025-10-16T20:25:12Z,,2025-10-15T11:20:31+00:00,[user_3],3,[user_3],6,[user_2]|[user_4]|[user]|[user_6]|[user_7]|[user_3],132,38,7,4,170,2,4,5,2,3,0,0,2025-10-15T11:28:54+00:00,2025-10-15T11:57:22+00:00,0.13972222222222222,0.6141666666666666,19,4,2,5,14205346 FE: Interni status,27,951,TypeScript,917,"Dodano polje ""Dodijeljeno"" u formi događaja. Napravljene su sljedeće izmjene: - Dodan padajući izbornik ""Dodijeljeno"" u formi događaja sa opcijama enuma InternalStatus - Dodane potrebne mape/konstante za InternalStatus - Maknuto zakucavanje na Nepoznato na BE - Dodano filtriranje za polje ""Dodijeljeno"" - Prilagođen kod za filtriranje",335,False,False,True,False,False,True,,14205346 FE: Interni status,0,0,False,False,True,False,False,True,"# Description

Dodano polje ""Dodijeljeno"" u formi događaja. Napravljene su sljedeće izmjene:
- Dodan padajući izbornik ""Dodijeljeno"" u formi događaja sa opcijama enuma InternalStatus
- Dodane potrebne mape/konstante za InternalStatus
- Maknuto zakucavanje na Nepoznato na BE
- Dodano filtriranje za polje ""Dodijeljeno""
- Prilagođen kod za filtriranje",350,"Dodano polje ""Dodijeljeno"" u formi događaja. Napravljene su sljedeće izmjene: - Dodan padajući izbornik ""Dodijeljeno"" u formi događaja sa opcijama enuma InternalStatus - Dodane potrebne mape/konstante za InternalStatus - Maknuto zakucavanje na Nepoznato na BE - Dodano filtriranje za polje ""Dodijeljeno"" - Prilagođen kod za filtriranje",335,14205346 FE: Interni status
32.245,1.3435416666666666,558,2917117119,closed,True,False,2025-10-15T12:31:05Z,2025-10-16T20:45:47Z,2025-10-16T20:45:47Z,2025-10-16T20:45:48Z,,2025-10-15T12:31:05+00:00,[user_3],3,[user_3],6,[user_2]|[user_4]|[user]|[user_6]|[user_7]|[user_3],148,27,7,2,175,0,3,5,2,3,0,0,2025-10-16T08:03:04+00:00,2025-10-16T08:03:04+00:00,19.533055555555556,19.533055555555556,14,2,0,5,"14211846 FE: Dodavanje polja ""grupe""",36,848,TypeScript,814,"Dodano je novo polje ""Grupa"" tj. ""Vrsta"" (nisam skužia imenovanje pa lako promijenim). Napravljene su sljedeće izmjene: - Dodano novo polje u formi - Maknuta hardkodirana vrijednost - Dodana Badge komponenta za boje u tablici - Dodan filter za novo polje - Refaktoran kod za filtere",282,False,False,True,False,False,True,,"14211846 FE: Dodavanje polja ""grupe""",0,0,False,False,True,False,False,True,"# Description

Dodano je novo polje ""Grupa"" tj. ""Vrsta"" (nisam skužia imenovanje pa lako promijenim). Napravljene su sljedeće izmjene:
- Dodano novo polje u formi
- Maknuta hardkodirana vrijednost
- Dodana Badge komponenta za boje u tablici
- Dodan filter za novo polje
- Refaktoran kod za filtere",297,"Dodano je novo polje ""Grupa"" tj. ""Vrsta"" (nisam skužia imenovanje pa lako promijenim). Napravljene su sljedeće izmjene: - Dodano novo polje u formi - Maknuta hardkodirana vrijednost - Dodana Badge komponenta za boje u tablici - Dodan filter za novo polje - Refaktoran kod za filtere",282,"14211846 FE: Dodavanje polja ""grupe"""
4.6947222222222225,0.19561342592592593,559,2919925089,closed,True,False,2025-10-16T09:16:51Z,2025-10-16T13:58:32Z,2025-10-16T13:58:32Z,2025-10-16T13:58:34Z,2025-10-16T09:29:09Z,2025-10-16T09:16:51+00:00,[user_2],2,[user_2],6,[user_2]|[user_4]|[user]|[user_6]|[user_7]|[user_3],162,54,15,6,216,0,2,3,1,2,0,0,2025-10-16T12:06:07+00:00,2025-10-16T12:34:27+00:00,2.821111111111111,3.2933333333333334,18,6,0,5,14216265 BE: Klijent,20,1065,TypeScript,1025,"prosirivanje user modela jer cemo dodavat i klijente kao korisnike promjene u schemi: - dodan enum UserType - dodano obavezno polje “type” vrijednosti enuma UserType - dodana opcionalna polja companyName, companyTaxNumber, phone - password je sada opcionalan (klijenti nece imati lozinke) dodana migracijska skripta (svim postojećim korisnicima tip zakucan u EMPLOYEE) ažurirani user tipovi u user.repository dodano u selectovima novo dodana polja ažuriran validator",466,False,True,False,False,True,False,,14216265 BE: Klijent,0,0,False,True,False,False,True,False,"# Description

prosirivanje user modela jer cemo dodavat i klijente kao korisnike

promjene u schemi:
- dodan enum UserType
- dodano obavezno polje “type” vrijednosti enuma UserType
- dodana opcionalna polja companyName, companyTaxNumber, phone
- password je sada opcionalan (klijenti nece imati lozinke)

dodana migracijska skripta (svim postojećim korisnicima tip zakucan u EMPLOYEE)
ažurirani user tipovi
u user.repository dodano u selectovima novo dodana polja
ažuriran validator",483,"prosirivanje user modela jer cemo dodavat i klijente kao korisnike promjene u schemi: - dodan enum UserType - dodano obavezno polje “type” vrijednosti enuma UserType - dodana opcionalna polja companyName, companyTaxNumber, phone - password je sada opcionalan (klijenti nece imati lozinke) dodana migracijska skripta (svim postojećim korisnicima tip zakucan u EMPLOYEE) ažurirani user tipovi u user.repository dodano u selectovima novo dodana polja ažuriran validator",466,14216265 BE: Klijent
98.03666666666666,4.084861111111111,560,2920121098,closed,True,False,2025-10-16T10:23:33Z,2025-10-20T12:25:45Z,2025-10-20T12:25:45Z,2025-10-20T12:25:47Z,2025-10-16T14:04:37Z,2025-10-16T10:23:33+00:00,[user_2],2,[user_2],5,[user_4]|[user]|[user_6]|[user_7]|[user_3],313,142,35,23,455,1,3,3,2,1,0,0,2025-10-17T09:46:53+00:00,2025-10-17T09:46:53+00:00,23.38888888888889,23.38888888888889,39,23,1,6,14216375 FS: Zaposlenici,24,1247,TypeScript,1204,odvajanje zaposlenika i klijenata: - prosiren postojeci getAll endpoint sa query parametrom “type” - proširen useFetchUsers tako da prima tip i dodaje ga kao query parametar ako je tip priložen - na stranici korisnici dohvaćamo korisnike tipa EMPLOYEE preimenovano: - ruta /users → /employees - page Users → Employees - useUserForm → useEmployeeForm - page UserCreate → EmployeeCreate - page UserEdit → EmployeeEdit - komponenta UserForm → EmployeeForm dodana migracijska skripta za prebacivanje entityType polja iz Change i Notification tablica iz USER u EMPLOYEE ažurirane promjene i notifikacije,598,False,True,False,False,True,True,,14216375 FS: Zaposlenici,0,0,False,True,False,False,True,True,"# Description

odvajanje zaposlenika i klijenata:
- prosiren postojeci getAll endpoint sa query parametrom “type”
- proširen useFetchUsers tako da prima tip i dodaje ga kao query parametar ako je tip priložen
- na stranici korisnici dohvaćamo korisnike tipa EMPLOYEE

preimenovano:
- ruta /users → /employees
- page Users → Employees
- useUserForm → useEmployeeForm
- page UserCreate → EmployeeCreate
- page UserEdit → EmployeeEdit
- komponenta UserForm → EmployeeForm

dodana migracijska skripta za prebacivanje entityType polja iz Change i Notification tablica iz USER u EMPLOYEE
ažurirane promjene i notifikacije",615,odvajanje zaposlenika i klijenata: - prosiren postojeci getAll endpoint sa query parametrom “type” - proširen useFetchUsers tako da prima tip i dodaje ga kao query parametar ako je tip priložen - na stranici korisnici dohvaćamo korisnike tipa EMPLOYEE preimenovano: - ruta /users → /employees - page Users → Employees - useUserForm → useEmployeeForm - page UserCreate → EmployeeCreate - page UserEdit → EmployeeEdit - komponenta UserForm → EmployeeForm dodana migracijska skripta za prebacivanje entityType polja iz Change i Notification tablica iz USER u EMPLOYEE ažurirane promjene i notifikacije,598,14216375 FS: Zaposlenici
20.098333333333333,0.8374305555555556,561,2920792259,closed,True,False,2025-10-16T13:53:58Z,2025-10-17T09:59:53Z,2025-10-17T09:59:52Z,2025-10-17T09:59:54Z,,2025-10-16T13:53:58+00:00,[user_2],2,[user_2],5,[user_4]|[user]|[user_6]|[user_7]|[user_3],1,1,1,1,2,0,0,2,2,0,0,0,2025-10-17T09:50:34+00:00,2025-10-17T09:50:34+00:00,19.94333333333333,19.94333333333333,11,1,0,5,BE: Excel font,14,614,TypeScript,585,za sve celije stavljen font Arial velicine 10,45,False,False,True,False,True,False,,BE: Excel font,0,0,False,False,True,False,True,False,"# Description

za sve celije stavljen font Arial velicine 10",60,za sve celije stavljen font Arial velicine 10,45,BE: Excel font
13.756666666666666,0.5731944444444445,562,2922172443,closed,True,False,2025-10-16T21:19:40Z,2025-10-17T11:05:04Z,2025-10-17T11:05:04Z,2025-10-17T11:05:06Z,,2025-10-16T21:19:40+00:00,[user_3],3,[user_3],5,[user_2]|[user_4]|[user]|[user_6]|[user_7],11,1,1,1,12,0,0,2,2,0,0,0,2025-10-17T08:50:53+00:00,2025-10-17T08:50:53+00:00,11.520277777777778,11.520277777777778,11,1,0,5,14223154 FE: označavanje događaja poslanog na obradu,52,737,TypeScript,706,"Dodan novi stupac ""Dodijeljeno"" u tablici događaja",50,False,False,True,False,False,True,,14223154 FE: označavanje događaja poslanog na obradu,1,0,False,False,True,False,False,True,"# Description

Dodan novi stupac ""Dodijeljeno"" u tablici događaja",65,"Dodan novi stupac ""Dodijeljeno"" u tablici događaja",50,14223154 FE: označavanje događaja poslanog na obradu
97.69944444444444,4.070810185185185,563,2923992281,closed,True,False,2025-10-17T11:04:03Z,2025-10-21T12:46:01Z,2025-10-21T12:46:01Z,2025-10-21T12:46:03Z,,2025-10-17T11:04:03+00:00,[user_3],3,[user_3],5,[user_2]|[user_4]|[user]|[user_6]|[user_7],41,14,1,2,55,2,0,3,2,1,0,0,2025-10-18T09:42:35+00:00,2025-10-20T07:13:02+00:00,22.642222222222223,68.14972222222222,15,2,2,5,"14188971 FE: Optional polje ""Opis lokacije""",43,822,TypeScript,793,"Dodan je checkbox ""Prikaži opis lokacije"". Kad je checkiran otvori se polje opis lokacije i u formi i u readOnly modu. Prilagođen css preko klasa da checkbox izgleda pristojno. Dodan novi state hook koji prati checkbox i na temelju njega prikazuje textarea za opis lokacije.",274,False,False,True,False,False,True,,"14188971 FE: Optional polje ""Opis lokacije""",0,0,False,False,True,False,False,True,"# Description

Dodan je checkbox ""Prikaži opis lokacije"". Kad je checkiran otvori se polje opis lokacije i u formi i u readOnly modu. Prilagođen css preko klasa da checkbox izgleda pristojno. Dodan novi state hook koji prati checkbox i na temelju njega prikazuje textarea za opis lokacije.",289,"Dodan je checkbox ""Prikaži opis lokacije"". Kad je checkiran otvori se polje opis lokacije i u formi i u readOnly modu. Prilagođen css preko klasa da checkbox izgleda pristojno. Dodan novi state hook koji prati checkbox i na temelju njega prikazuje textarea za opis lokacije.",274,"14188971 FE: Optional polje ""Opis lokacije"""
27.743333333333332,1.1559722222222222,564,2924066943,closed,True,False,2025-10-17T11:25:23Z,2025-10-18T15:09:59Z,2025-10-18T15:09:59Z,2025-10-18T15:10:00Z,,2025-10-17T11:25:23+00:00,[user_3],3,[user_3],5,[user_2]|[user_4]|[user]|[user_6]|[user_7],2,2,1,1,4,0,0,1,1,0,0,0,2025-10-18T09:43:11+00:00,2025-10-18T09:43:11+00:00,22.296666666666667,22.296666666666667,10,1,0,5,14041354 FE: No toast on user update,36,639,TypeScript,610,"Maka sam context.toastId, mislim da smo ga prije koristili za uklanjanje toasta pa zaboravili maknit",100,True,False,False,False,False,True,,14041354 FE: No toast on user update,0,0,True,False,False,False,False,True,"# Description

Maka sam context.toastId, mislim da smo ga prije koristili za uklanjanje toasta pa zaboravili maknit",115,"Maka sam context.toastId, mislim da smo ga prije koristili za uklanjanje toasta pa zaboravili maknit",100,14041354 FE: No toast on user update
95.895,3.995625,565,2924255216,closed,True,False,2025-10-17T12:17:23Z,2025-10-21T12:11:06Z,2025-10-21T12:11:05Z,2025-10-21T12:11:07Z,,2025-10-17T12:17:23+00:00,[user_3],3,[user_3],5,[user_2]|[user_4]|[user]|[user_6]|[user_7],15,0,1,2,15,1,0,3,2,1,0,0,2025-10-18T09:43:43+00:00,2025-10-20T07:08:09+00:00,21.43888888888889,66.84611111111111,14,2,1,5,14279698 FE: Internal status notification map,45,625,TypeScript,596,"Dodano mapiranje ""internalStatus"" polja u processedHistory funkciji.",68,True,False,False,False,False,True,,14279698 FE: Internal status notification map,0,0,True,False,False,False,False,True,"# Description

Dodano mapiranje ""internalStatus"" polja u processedHistory funkciji.",83,"Dodano mapiranje ""internalStatus"" polja u processedHistory funkciji.",68,14279698 FE: Internal status notification map
31.0925,1.2955208333333335,566,2928891319,closed,True,False,2025-10-20T07:34:10Z,2025-10-21T14:39:43Z,2025-10-21T14:39:43Z,2025-10-21T14:39:46Z,,2025-10-20T07:34:10+00:00,[user_3],3,[user_3],6,[user_2]|[user_4]|[user]|[user_6]|[user_7]|[user_3],350,77,13,6,427,2,6,9,4,5,0,0,2025-10-20T07:35:02+00:00,2025-10-20T08:02:20+00:00,0.014444444444444444,0.46944444444444444,24,6,2,5,14268042 FS: notifications filter,33,1468,TypeScript,1433,"Dodano je filtriranje notifikacija tako da je kreirana postavka ""Samo sistemske notifikacija"" koja je uključena po defaultu. Originalno sam napravia da se filtrira dropdown, notifications page, i ne pokazuje toast ako su u pitanju sistemske notifikacije međutim poslije sam došao do informacije da filtriramo samo na page-u pa sam ostavio samo na page-u. Napravljene su sljedeće promjene: - Dodana NotificationsFilter komponenta po uzoru na ostale filter komponente - Prilagođeno filtriranje notifikacija tako da s FE šaljemo ""systemOnly"" param - Dodano BE filtriranje pomoću ""systemOnly"" parama - U badge-u u notifikacijama dodan broj sistemskih notifikacija - U dropdownu i dalje vidimo zadnjih 5 notifikacija bez obzira na pošiljatelja",738,False,False,True,False,True,True,,14268042 FS: notifications filter,0,0,False,False,True,False,True,True,"# Description

Dodano je filtriranje notifikacija tako da je kreirana postavka ""Samo sistemske notifikacija"" koja je uključena po defaultu. Originalno sam napravia da se filtrira dropdown, notifications page, i ne pokazuje toast ako su u pitanju sistemske notifikacije međutim poslije sam došao do informacije da filtriramo samo na page-u pa sam ostavio samo na page-u. Napravljene su sljedeće promjene:
- Dodana NotificationsFilter komponenta po uzoru na ostale filter komponente
- Prilagođeno filtriranje notifikacija tako da s FE šaljemo ""systemOnly"" param
- Dodano BE filtriranje pomoću ""systemOnly"" parama
- U badge-u u notifikacijama dodan broj sistemskih notifikacija
- U dropdownu i dalje vidimo zadnjih 5 notifikacija bez obzira na pošiljatelja",753,"Dodano je filtriranje notifikacija tako da je kreirana postavka ""Samo sistemske notifikacija"" koja je uključena po defaultu. Originalno sam napravia da se filtrira dropdown, notifications page, i ne pokazuje toast ako su u pitanju sistemske notifikacije međutim poslije sam došao do informacije da filtriramo samo na page-u pa sam ostavio samo na page-u. Napravljene su sljedeće promjene: - Dodana NotificationsFilter komponenta po uzoru na ostale filter komponente - Prilagođeno filtriranje notifikacija tako da s FE šaljemo ""systemOnly"" param - Dodano BE filtriranje pomoću ""systemOnly"" parama - U badge-u u notifikacijama dodan broj sistemskih notifikacija - U dropdownu i dalje vidimo zadnjih 5 notifikacija bez obzira na pošiljatelja",738,14268042 FS: notifications filter
192.8675,8.036145833333334,567,2929191226,closed,True,False,2025-10-20T09:30:23Z,2025-10-28T10:22:26Z,2025-10-28T10:22:26Z,2025-10-28T10:22:28Z,2025-10-22T11:19:03Z,2025-10-20T09:30:23+00:00,[user_2],2,[user_2],6,[user_2]|[user_4]|[user]|[user_6]|[user_7]|[user_3],1059,478,40,53,1537,0,31,14,1,13,0,0,2025-10-22T11:24:56+00:00,2025-10-25T15:50:04+00:00,49.909166666666664,126.32805555555555,73,53,0,8,14216549 FS: Migracija client podataka,38,2945,TypeScript,2887,"promjene strukture: - client polja iz event tablice prebacena u User tablicu - dodana relacija Client u Event tablicu umjesto svih client polja - lozinka i email opcionalni u User tablici (klijenti nece imati lozinke a dosada ni email klijenta nije bia obavezan kad bi se upisiva u eventu) dodana migracijska skripta: - migrirani client podaci iz eventa u svoju user tablicu na nacin da se kreiraju klijenti u User tablici - izbjegavamo duplikate po emailu, ako su dva eventa imali clientEmail isti kreirace se jedan klijent i oba eventa pridruziti njegov clientId - migrirane event promjene tako da client polja se prebace u zasebne promjene klijenta mapiranje imena klijenta u event promjenama (potrebno za slucaj kada se eventu promjeni clientId pa da se dohvati taj klijent i ispise njegovo ime a ne ID, isto ko sta smo radili za service) updateani tipovi flow kreiranja eventa (triba smislit bolji nacin i najvjerojatnije odvojit klijent i event formu): - kreiranjem eventa se poziva upsert klijenta(ako je popunjen klijentov email u event formi provjeravamo da li vec postoji da ne radimo duplikate, ako postoji koristimo njega, ako ne postoji kreiramo novog klijenta) - prilikom promjene eventa mozemo klijentove podatke mijenjati, gledamo email kao identifikator - ako kroz event formu mijenjamo podatke klijenta sa emailom npr: [ivo@unist.hr](mailto:ivo@unist.hr) azurirat cemo tog klijenta i na svim ostalim eventovima gdje je taj klijent - kada prebacimo klijentov email u event formi iz npr: [ivo@unist.hr](mailto:ivo@unist.hr) u [maja@unist.hr](mailto:maja@unist.hr) ako postoji dohvacamo vec postojeceg klijenta, ako ne postoji kreiramo novog sa tim mailom (ne updateamo [ivo@unist.hr](mailto:ivo@unist.hr)) - ako mijenjamo kroz event formu klijenta bez emaila updateamo tocno njega (ne kreiramo novog) updateani raw queriji kako je u formi puno ime klijenta a u tablici imamo odvojeno ime i prezime spaja sam ime i prezime (nebi bilo lose u formi odvojit ime i prezime) u event formi je bia problem sa klijent poljima jer su atributi objekta pa san poravna to samo za formu da se koristi ko da su polja samog eventa pa se na submit salje u pravilnom obliku updateani validatori tldr: opci kaos, treba bolje smislit sta i kako sa klijentom u event formi, ovako imamo prakticki 2 forme u jednoj a svaka radi zasebnu stvar",2334,False,True,False,False,True,True,,14216549 FS: Migracija client podataka,0,0,False,True,False,False,True,True,"# Description

promjene strukture:
- client polja iz event tablice prebacena u User tablicu
- dodana relacija Client u Event tablicu umjesto svih client polja
- lozinka i email opcionalni u User tablici (klijenti nece imati lozinke a dosada ni email klijenta nije bia obavezan kad bi se upisiva u eventu)

dodana migracijska skripta: 
- migrirani client podaci iz eventa u svoju user tablicu na nacin da se kreiraju klijenti u User tablici 
- izbjegavamo duplikate po emailu, ako su dva eventa imali clientEmail isti kreirace se jedan klijent i oba eventa pridruziti njegov clientId
- migrirane event promjene tako da client polja se prebace u zasebne promjene klijenta

mapiranje imena klijenta u event promjenama (potrebno za slucaj kada se eventu promjeni clientId pa da se dohvati taj klijent i ispise njegovo ime a ne ID, isto ko sta smo radili za service)

updateani tipovi

flow kreiranja eventa (triba smislit bolji nacin i najvjerojatnije odvojit klijent i event formu):
- kreiranjem eventa se poziva upsert klijenta(ako je popunjen klijentov email u event formi provjeravamo da li vec postoji da ne radimo duplikate, ako postoji koristimo njega, ako ne postoji kreiramo novog klijenta)
- prilikom promjene eventa mozemo klijentove podatke mijenjati, gledamo email kao identifikator
- ako kroz event formu mijenjamo podatke klijenta sa emailom npr: [ivo@unist.hr](mailto:ivo@unist.hr) azurirat cemo tog klijenta i na svim ostalim eventovima gdje je taj klijent
- kada prebacimo klijentov email u event formi iz npr: [ivo@unist.hr](mailto:ivo@unist.hr) u [maja@unist.hr](mailto:maja@unist.hr) ako postoji dohvacamo vec postojeceg klijenta, ako ne postoji kreiramo novog sa tim mailom (ne updateamo [ivo@unist.hr](mailto:ivo@unist.hr))
- ako mijenjamo kroz event formu klijenta bez emaila updateamo tocno njega (ne kreiramo novog)

updateani raw queriji

kako je u formi puno ime klijenta a u tablici imamo odvojeno ime i prezime spaja sam ime i prezime (nebi bilo lose u formi odvojit ime i prezime)

u event formi je bia problem sa klijent poljima jer su atributi objekta pa san poravna to samo za formu da se koristi ko da su polja samog eventa pa se na submit salje u pravilnom obliku

updateani validatori

tldr: opci kaos, treba bolje smislit sta i kako sa klijentom u event formi, ovako imamo prakticki 2 forme u jednoj a svaka radi zasebnu stvar",2360,"promjene strukture: - client polja iz event tablice prebacena u User tablicu - dodana relacija Client u Event tablicu umjesto svih client polja - lozinka i email opcionalni u User tablici (klijenti nece imati lozinke a dosada ni email klijenta nije bia obavezan kad bi se upisiva u eventu) dodana migracijska skripta: - migrirani client podaci iz eventa u svoju user tablicu na nacin da se kreiraju klijenti u User tablici - izbjegavamo duplikate po emailu, ako su dva eventa imali clientEmail isti kreirace se jedan klijent i oba eventa pridruziti njegov clientId - migrirane event promjene tako da client polja se prebace u zasebne promjene klijenta mapiranje imena klijenta u event promjenama (potrebno za slucaj kada se eventu promjeni clientId pa da se dohvati taj klijent i ispise njegovo ime a ne ID, isto ko sta smo radili za service) updateani tipovi flow kreiranja eventa (triba smislit bolji nacin i najvjerojatnije odvojit klijent i event formu): - kreiranjem eventa se poziva upsert klijenta(ako je popunjen klijentov email u event formi provjeravamo da li vec postoji da ne radimo duplikate, ako postoji koristimo njega, ako ne postoji kreiramo novog klijenta) - prilikom promjene eventa mozemo klijentove podatke mijenjati, gledamo email kao identifikator - ako kroz event formu mijenjamo podatke klijenta sa emailom npr: [ivo@unist.hr](mailto:ivo@unist.hr) azurirat cemo tog klijenta i na svim ostalim eventovima gdje je taj klijent - kada prebacimo klijentov email u event formi iz npr: [ivo@unist.hr](mailto:ivo@unist.hr) u [maja@unist.hr](mailto:maja@unist.hr) ako postoji dohvacamo vec postojeceg klijenta, ako ne postoji kreiramo novog sa tim mailom (ne updateamo [ivo@unist.hr](mailto:ivo@unist.hr)) - ako mijenjamo kroz event formu klijenta bez emaila updateamo tocno njega (ne kreiramo novog) updateani raw queriji kako je u formi puno ime klijenta a u tablici imamo odvojeno ime i prezime spaja sam ime i prezime (nebi bilo lose u formi odvojit ime i prezime) u event formi je bia problem sa klijent poljima jer su atributi objekta pa san poravna to samo za formu da se koristi ko da su polja samog eventa pa se na submit salje u pravilnom obliku updateani validatori tldr: opci kaos, treba bolje smislit sta i kako sa klijentom u event formi, ovako imamo prakticki 2 forme u jednoj a svaka radi zasebnu stvar",2334,14216549 FS: Migracija client podataka
97.32583333333334,4.055243055555556,568,2929953142,closed,True,False,2025-10-20T14:01:43Z,2025-10-24T15:21:16Z,2025-10-24T15:21:16Z,2025-10-24T15:21:18Z,2025-10-21T13:48:31Z,2025-10-20T14:01:43+00:00,[user_3],3,[user_3],5,[user_2]|[user_4]|[user]|[user_6]|[user_7],361,16,15,11,377,0,2,1,1,0,0,0,2025-10-22T08:14:04+00:00,2025-10-22T08:14:04+00:00,42.20583333333333,42.20583333333333,22,11,0,5,14216309 FE: Izmjena lozinke,28,1409,TypeScript,1367,"Napravljena je nova, neovisna i generička forma za izmjenu lozinke. ID i lozinka se šalju na postojeći PATCH endpoint. Napravljene su sljedeće izmjene: - Maknuta polja lozinke na editu - Ažuriran FormUserType i user forma da je pogodna za kreiranje i uređivanje zaposlenika - Dodana zasebna validacija za restart lozinke - Dodana nova stavka u dropdown zaposlenika i pokraj gumba ""Uredi"" na pregledu zaposlenika - Dodana change-password podruta /dashboard ruti",460,False,False,True,False,False,True,,14216309 FE: Izmjena lozinke,3,0,False,False,True,False,False,True,"# Description

Napravljena je nova, neovisna i generička forma za izmjenu lozinke. ID i lozinka se šalju na postojeći PATCH endpoint. Napravljene su sljedeće izmjene:
- Maknuta polja lozinke na editu
- Ažuriran FormUserType i user forma da je pogodna za kreiranje i uređivanje zaposlenika
- Dodana zasebna validacija za restart lozinke
- Dodana nova stavka u dropdown zaposlenika i pokraj gumba ""Uredi"" na pregledu zaposlenika
- Dodana change-password podruta /dashboard ruti",475,"Napravljena je nova, neovisna i generička forma za izmjenu lozinke. ID i lozinka se šalju na postojeći PATCH endpoint. Napravljene su sljedeće izmjene: - Maknuta polja lozinke na editu - Ažuriran FormUserType i user forma da je pogodna za kreiranje i uređivanje zaposlenika - Dodana zasebna validacija za restart lozinke - Dodana nova stavka u dropdown zaposlenika i pokraj gumba ""Uredi"" na pregledu zaposlenika - Dodana change-password podruta /dashboard ruti",460,14216309 FE: Izmjena lozinke
240.3111111111111,10.012962962962963,569,2930134539,closed,True,False,2025-10-20T14:55:53Z,2025-10-30T15:14:33Z,2025-10-30T15:14:33Z,2025-10-30T15:14:36Z,,2025-10-20T14:55:53+00:00,[user_7],7,[user_7],1,[user],23,0,4,3,23,0,3,4,1,3,0,0,2025-10-20T20:18:17+00:00,2025-10-20T20:18:27+00:00,5.373333333333333,5.376111111111111,11,3,0,1,13966236-fe-google-analytics,28,595,TypeScript,411,"Dodan i inicializiran react-ga4 paket, kreiran i aktiviran custom hook za automatsko pracenje svih promjena ruta u aplikaciji",125,False,True,False,False,False,True,,13966236-fe-google-analytics,0,0,False,True,False,False,False,True,"# Description

Dodan i inicializiran react-ga4 paket, kreiran i aktiviran custom hook za automatsko pracenje svih promjena ruta u aplikaciji",140,"Dodan i inicializiran react-ga4 paket, kreiran i aktiviran custom hook za automatsko pracenje svih promjena ruta u aplikaciji",125,13966236-fe-google-analytics
0.14333333333333334,0.0059722222222222225,570,2933783205,closed,True,False,2025-10-21T15:07:35Z,2025-10-21T15:16:12Z,2025-10-21T15:16:11Z,2025-10-22T10:44:08Z,,2025-10-21T15:07:35+00:00,[user_3],3,[user_3],1,[user],1,1,1,1,2,0,0,0,0,0,0,0,,,,,7,1,0,1,14301595 FE: Meni narudžbe i procijenjena vrijednost narudžbe,61,607,TypeScript,578,Skriveno polje za meni narudžbe (procijenjena vrijednost je već bila skrivena),78,False,False,False,True,False,True,,14301595 FE: Meni narudžbe i procijenjena vrijednost narudžbe,0,0,False,False,False,True,False,True,"# Description

Skriveno polje za meni narudžbe (procijenjena vrijednost je već bila skrivena)",93,Skriveno polje za meni narudžbe (procijenjena vrijednost je već bila skrivena),78,14301595 FE: Meni narudžbe i procijenjena vrijednost narudžbe
170.2188888888889,7.092453703703704,571,2936736720,closed,True,False,2025-10-22T11:01:06Z,2025-10-29T13:14:14Z,2025-10-29T13:14:14Z,2025-10-29T13:14:15Z,,2025-10-22T11:01:06+00:00,[user_3],3,[user_3],6,[user_2]|[user_4]|[user]|[user_6]|[user_7]|[user_3],1136,22,25,16,1158,4,16,8,1,7,0,0,2025-10-23T07:35:21+00:00,2025-10-29T12:38:39+00:00,20.570833333333333,169.62583333333333,36,16,4,7,14216383 FE: Klijent,20,1540,TypeScript,1498,"Dodana je nova stranica ""Klijenti"" koja se nalazi uz postojeći stranicu ""Zaposlenici"" u postavakama. Cijela funkcionalnost se temelji na postojećoj ""Zaposlenici"" formi, rutama, logici itd... razlika je samo u podacima koje šaljemo/primamo. Napravljene su sljedeće izmjene: - Kreirane nove rute /clients, /client-create, /client-edit, /client - Kreirane ClientsLayout, ClientsPage, ClientCreate, ClientEdit komponente koje rade samo s UserType.CLIENT - Kreirana ClientForm forma koja radi samo sa sljedećim podacima: ime, prezime, tvrtka, porezni broj tvrtke, email i kontakt broj i na kreiranju i na uređivanju - Dodan useClientForm - Prilagođeni tipovi i kreiranje inicijalnih vrijednosti client forme",702,False,False,True,False,False,True,,14216383 FE: Klijent,2,0,False,False,True,False,False,True,"# Description

Dodana je nova stranica ""Klijenti"" koja se nalazi uz postojeći stranicu ""Zaposlenici"" u postavakama. Cijela funkcionalnost se temelji na postojećoj ""Zaposlenici"" formi, rutama, logici itd... razlika je samo u podacima koje šaljemo/primamo.

Napravljene su sljedeće izmjene:
- Kreirane nove rute /clients, /client-create, /client-edit, /client
- Kreirane ClientsLayout, ClientsPage, ClientCreate, ClientEdit komponente koje rade samo s UserType.CLIENT
- Kreirana ClientForm forma koja radi samo sa sljedećim podacima: ime, prezime, tvrtka, porezni broj tvrtke, email i kontakt broj i na kreiranju i na uređivanju
- Dodan useClientForm
- Prilagođeni tipovi i kreiranje inicijalnih vrijednosti client forme",718,"Dodana je nova stranica ""Klijenti"" koja se nalazi uz postojeći stranicu ""Zaposlenici"" u postavakama. Cijela funkcionalnost se temelji na postojećoj ""Zaposlenici"" formi, rutama, logici itd... razlika je samo u podacima koje šaljemo/primamo. Napravljene su sljedeće izmjene: - Kreirane nove rute /clients, /client-create, /client-edit, /client - Kreirane ClientsLayout, ClientsPage, ClientCreate, ClientEdit komponente koje rade samo s UserType.CLIENT - Kreirana ClientForm forma koja radi samo sa sljedećim podacima: ime, prezime, tvrtka, porezni broj tvrtke, email i kontakt broj i na kreiranju i na uređivanju - Dodan useClientForm - Prilagođeni tipovi i kreiranje inicijalnih vrijednosti client forme",702,14216383 FE: Klijent
48.67166666666667,2.0279861111111113,572,2939503916,closed,True,False,2025-10-23T07:58:38Z,2025-10-25T08:38:56Z,2025-10-25T08:38:56Z,2025-10-25T08:38:58Z,,2025-10-23T07:58:38+00:00,[user_3],3,[user_3],6,[user_2]|[user_4]|[user]|[user_6]|[user_7]|[user_3],196,119,11,8,315,0,7,3,1,2,0,0,2025-10-23T08:28:36+00:00,2025-10-24T16:48:09+00:00,0.49944444444444447,32.82527777777778,20,8,0,6,14301052 FS: način isporuke dropdown,36,1210,TypeScript,1173,"Dodan je novi dropdown ""Način isporuke"" po uzoru na ostale dropdowne u formi. Napravljene su sljedeće izmjene: - Dodana migracijska skripta za migraciju postojećih podataka za način isporuke - Dodan enum i mapa za deliveryMethod - Dodana polja deliveryMethod i deliveryMethodOther u schemu, tipove, formu, validacije... - Popravljen kod za generiranje metadata u google kalendaru - Dodana mapa u processedHistory funckiju da bi se promjene prikazivale ispravno",460,False,False,True,False,True,True,,14301052 FS: način isporuke dropdown,1,0,False,False,True,False,True,True,"# Description

Dodan je novi dropdown ""Način isporuke"" po uzoru na ostale dropdowne u formi. Napravljene su sljedeće izmjene:
- Dodana migracijska skripta za migraciju postojećih podataka za način isporuke
- Dodan enum i mapa za deliveryMethod
- Dodana polja deliveryMethod i deliveryMethodOther u schemu, tipove, formu, validacije...
- Popravljen kod za generiranje metadata u google kalendaru
- Dodana mapa u processedHistory funckiju da bi se promjene prikazivale ispravno",475,"Dodan je novi dropdown ""Način isporuke"" po uzoru na ostale dropdowne u formi. Napravljene su sljedeće izmjene: - Dodana migracijska skripta za migraciju postojećih podataka za način isporuke - Dodan enum i mapa za deliveryMethod - Dodana polja deliveryMethod i deliveryMethodOther u schemu, tipove, formu, validacije... - Popravljen kod za generiranje metadata u google kalendaru - Dodana mapa u processedHistory funckiju da bi se promjene prikazivale ispravno",460,14301052 FS: način isporuke dropdown
22.779444444444444,0.9491435185185185,573,2940261248,closed,True,False,2025-10-23T12:19:44Z,2025-10-24T11:06:30Z,2025-10-24T11:06:30Z,2025-10-24T11:06:32Z,,2025-10-23T12:19:44+00:00,[user_2],2,[user_2],5,[user_4]|[user]|[user_6]|[user_7]|[user_3],3,1,1,2,4,0,0,1,1,0,0,0,2025-10-24T11:06:03+00:00,2025-10-24T11:06:03+00:00,22.771944444444443,22.771944444444443,11,2,0,5,14365826 BE (Bug): Internal status migracija,44,812,TypeScript,781,"popravak internal status migracije greska je bila sta se doda internal status stupac odma sa not null constraintom, a u bazi vec ima podataka pa padne jer ga defaulta na null fix: dodat stupac bez constrainta -> migrirat podatke -> stavit constraint",249,True,False,False,False,True,False,,14365826 BE (Bug): Internal status migracija,0,0,True,False,False,False,True,False,"# Description

popravak internal status migracije
greska je bila sta se doda internal status stupac odma sa not null constraintom, a u bazi vec ima podataka pa padne jer ga defaulta na null
fix: dodat stupac bez constrainta -> migrirat podatke -> stavit constraint",264,"popravak internal status migracije greska je bila sta se doda internal status stupac odma sa not null constraintom, a u bazi vec ima podataka pa padne jer ga defaulta na null fix: dodat stupac bez constrainta -> migrirat podatke -> stavit constraint",249,14365826 BE (Bug): Internal status migracija
31.6925,1.3205208333333334,574,2943527098,closed,True,False,2025-10-24T07:56:46Z,2025-10-25T15:38:19Z,2025-10-25T15:38:19Z,2025-10-25T15:38:20Z,,2025-10-24T07:56:46+00:00,[user_2],2,[user_2],5,[user_4]|[user]|[user_6]|[user_7]|[user_3],52,2,8,1,54,0,0,1,1,0,0,0,2025-10-25T15:36:39+00:00,2025-10-25T15:36:39+00:00,31.664722222222224,31.664722222222224,10,1,0,5,14235813 BE: POST ID,20,709,TypeScript,679,"dodan interceptor koji provjerava je li ID prisutan u request body, ako je prisutan baca Bad Request dodano na svim POST endpointovima",134,False,True,False,False,True,False,,14235813 BE: POST ID,0,0,False,True,False,False,True,False,"# Description

dodan interceptor koji provjerava je li ID prisutan u request body, ako je prisutan baca Bad Request
dodano na svim POST endpointovima",149,"dodan interceptor koji provjerava je li ID prisutan u request body, ako je prisutan baca Bad Request dodano na svim POST endpointovima",134,14235813 BE: POST ID
0.10722222222222222,0.0044675925925925924,575,2950737545,closed,True,False,2025-10-27T12:17:50Z,2025-10-27T12:24:16Z,2025-10-27T12:24:16Z,2025-10-27T12:24:18Z,,2025-10-27T12:17:50+00:00,[user_2],2,[user_2],1,[user_3],0,28,1,1,28,0,0,1,1,0,0,0,2025-10-27T12:18:37+00:00,2025-10-27T12:18:37+00:00,0.013055555555555556,0.013055555555555556,5,1,0,0,Quickfix FE: Duplicate service field in event form,50,821,TypeScript,156,,0,True,False,False,False,False,False,TASK_ID,Quickfix FE: Duplicate service field in event form,0,0,True,False,False,False,False,False,,0,,0,Quickfix FE: Duplicate service field in event form
25.6325,1.0680208333333334,576,2954569681,closed,True,False,2025-10-28T10:15:04Z,2025-10-29T11:53:01Z,2025-10-29T11:53:01Z,2025-10-29T11:53:03Z,,2025-10-28T10:15:04+00:00,[user_3],3,[user_3],6,[user_2]|[user_4]|[user]|[user_6]|[user_7]|[user_3],140,68,3,6,208,0,5,4,1,3,0,0,2025-10-28T17:09:33+00:00,2025-10-29T11:46:55+00:00,6.908055555555555,25.530833333333334,17,6,0,6,14200082 FE: Status otkazano,28,1133,TypeScript,1096,"Kreiran status otkazano na FE. Napravljene su sljedeće izmjene: - Dodan status otkazano u izborniku statusa - Čišćenje polja prilikom mijenjanja statusa iz Otkazano/Odbijeno u nešto drugo - Ime labele za razlog odbijanja/otkazivanja dodan kondicionalno - Ubačen VITE_FLAG_CANCELLATION_STATUS env, ako je true status se nudi u izborniku, inače ne - Pojednostavljena isRejectionReasonVisible funkcija - Dodani testovi za EventForm komponentu, testiranje opcija statusa (mock preko vi.stubEnv)",490,False,False,True,False,False,True,,14200082 FE: Status otkazano,0,0,False,False,True,False,False,True,"# Description

Kreiran status otkazano na FE. Napravljene su sljedeće izmjene:
- Dodan status otkazano u izborniku statusa
- Čišćenje polja prilikom mijenjanja statusa iz Otkazano/Odbijeno u nešto drugo
- Ime labele za razlog odbijanja/otkazivanja dodan kondicionalno
- Ubačen VITE_FLAG_CANCELLATION_STATUS env, ako je true status se nudi u izborniku, inače ne
- Pojednostavljena isRejectionReasonVisible funkcija
- Dodani testovi za EventForm komponentu, testiranje opcija statusa (mock preko vi.stubEnv)",505,"Kreiran status otkazano na FE. Napravljene su sljedeće izmjene: - Dodan status otkazano u izborniku statusa - Čišćenje polja prilikom mijenjanja statusa iz Otkazano/Odbijeno u nešto drugo - Ime labele za razlog odbijanja/otkazivanja dodan kondicionalno - Ubačen VITE_FLAG_CANCELLATION_STATUS env, ako je true status se nudi u izborniku, inače ne - Pojednostavljena isRejectionReasonVisible funkcija - Dodani testovi za EventForm komponentu, testiranje opcija statusa (mock preko vi.stubEnv)",490,14200082 FE: Status otkazano
19.73138888888889,0.8221412037037038,577,2956316963,closed,True,False,2025-10-28T18:25:31Z,2025-10-29T14:09:24Z,2025-10-29T14:09:24Z,2025-10-29T14:09:26Z,,2025-10-28T18:25:31+00:00,[user_2],2,[user_2],5,[user_4]|[user]|[user_6]|[user_7]|[user_3],71,9,2,2,80,0,0,1,1,0,0,0,2025-10-29T12:32:31+00:00,2025-10-29T12:32:31+00:00,18.116666666666667,18.116666666666667,12,2,0,5,14503663 BE (Bug): Google kalendar polja,40,931,TypeScript,900,updatedAt i permanentlyDeletedAt izbaceni iz google kalendar eventa primjetia san da ima jos par stvari koje su krive npr: za klijenta pokaze njegov ID umisto imena i prezimena pa san tamo di je falilo selecta i clienta u event repou da se uvik dobavi i klijent dodano i mapiranje za internalStatus polje,304,True,False,False,False,True,False,,14503663 BE (Bug): Google kalendar polja,0,0,True,False,False,False,True,False,"# Description

updatedAt i permanentlyDeletedAt izbaceni iz google kalendar eventa
primjetia san da ima jos par stvari koje su krive npr: za klijenta pokaze njegov ID umisto imena i prezimena pa san tamo di je falilo selecta i clienta u event repou da se uvik dobavi i klijent
dodano i mapiranje za internalStatus polje",319,updatedAt i permanentlyDeletedAt izbaceni iz google kalendar eventa primjetia san da ima jos par stvari koje su krive npr: za klijenta pokaze njegov ID umisto imena i prezimena pa san tamo di je falilo selecta i clienta u event repou da se uvik dobavi i klijent dodano i mapiranje za internalStatus polje,304,14503663 BE (Bug): Google kalendar polja
26.842777777777776,1.118449074074074,578,2957991832,closed,True,False,2025-10-29T08:07:51Z,2025-10-30T10:58:25Z,2025-10-30T10:58:25Z,2025-10-30T10:58:27Z,2025-10-29T09:14:24Z,2025-10-29T08:07:51+00:00,[user_2],2,[user_2],6,[user_2]|[user_4]|[user]|[user_6]|[user_7]|[user_3],220,102,18,12,322,0,7,3,1,2,0,0,2025-10-30T10:00:50+00:00,2025-10-30T10:56:50+00:00,25.883055555555554,26.816388888888888,24,12,0,5,14504712 BE (Bug): Event service/client notifikacija,52,1715,TypeScript,1679,"bug: notifikacije nisu dobavljale formitarane promjene (npr. promjena eventovog clientIda bi u notifikaciji prikazala promjenu iz jednog IDa u drugi umjesto promjenu jednog klijenta u drugi po imenu, ista tvar za serviceId) fix: notification module importa changes module i dobavlja relateane promjene iz changes servicea jer se tamo obavlja formatiranje (iz raw querya u notification repou maknuto dohvacanje promjena) dodatne promjene: -  polako se gradi veliki kupus circular dependencya, changes ima vec circular dependency sa event, user, product modulima, a sad kako san triba importat changes u notification moduleu dobili smo novi circular jer event, user, product moduli importaju notification module: notification -> changes -> event -> notification - updatean Change tip - popravljeno cachiranje na event, user i product repozitorijima (specificno tamo di se dobavlja cache pa prolazia kroz niz da dobavi one koji mu tribaju): kako se koristilo (nesto ?? []).find imali bi [] ako je cache prazan pa bi se provjeria response samo sa ifom, a ako je [] bit ce true i vratit ce nista umisto da querya bazu",1112,True,False,False,False,True,False,,14504712 BE (Bug): Event service/client notifikacija,0,0,True,False,False,False,True,False,"# Description

bug: notifikacije nisu dobavljale formitarane promjene (npr. promjena eventovog clientIda bi u notifikaciji prikazala promjenu iz jednog IDa u drugi umjesto promjenu jednog klijenta u drugi po imenu, ista tvar za serviceId)

fix: notification module importa changes module i dobavlja relateane promjene iz changes servicea jer se tamo obavlja formatiranje (iz raw querya u notification repou maknuto dohvacanje promjena)

dodatne promjene:
-  polako se gradi veliki kupus circular dependencya, changes ima vec circular dependency sa event, user, product modulima, a sad kako san triba importat changes u notification moduleu dobili smo novi circular jer event, user, product moduli importaju notification module: notification -> changes -> event -> notification
- updatean Change tip
- popravljeno cachiranje na event, user i product repozitorijima (specificno tamo di se dobavlja cache pa prolazia kroz niz da dobavi one koji mu tribaju): kako se koristilo (nesto ?? []).find imali bi [] ako je cache prazan pa bi se provjeria response samo sa ifom, a ako je [] bit ce true i vratit ce nista umisto da querya bazu",1129,"bug: notifikacije nisu dobavljale formitarane promjene (npr. promjena eventovog clientIda bi u notifikaciji prikazala promjenu iz jednog IDa u drugi umjesto promjenu jednog klijenta u drugi po imenu, ista tvar za serviceId) fix: notification module importa changes module i dobavlja relateane promjene iz changes servicea jer se tamo obavlja formatiranje (iz raw querya u notification repou maknuto dohvacanje promjena) dodatne promjene: -  polako se gradi veliki kupus circular dependencya, changes ima vec circular dependency sa event, user, product modulima, a sad kako san triba importat changes u notification moduleu dobili smo novi circular jer event, user, product moduli importaju notification module: notification -> changes -> event -> notification - updatean Change tip - popravljeno cachiranje na event, user i product repozitorijima (specificno tamo di se dobavlja cache pa prolazia kroz niz da dobavi one koji mu tribaju): kako se koristilo (nesto ?? []).find imali bi [] ako je cache prazan pa bi se provjeria response samo sa ifom, a ako je [] bit ce true i vratit ce nista umisto da querya bazu",1112,14504712 BE (Bug): Event service/client notifikacija
0.32416666666666666,0.013506944444444445,579,2958519760,closed,True,False,2025-10-29T11:01:08Z,2025-10-29T11:20:35Z,2025-10-29T11:20:35Z,2025-10-29T11:20:37Z,,2025-10-29T11:01:08+00:00,[user_2],2,[user_2],1,[user_3],30,0,1,1,30,0,0,1,1,0,0,0,2025-10-29T11:19:45+00:00,2025-10-29T11:19:45+00:00,0.31027777777777776,0.31027777777777776,6,1,0,1,Quickfix: Select fields in users getByIds,41,593,TypeScript,517,"dohvacali smo sva polja usera na getByIds, odabra san samo polja koja tribaju",77,True,False,False,False,True,False,TASK_ID,Quickfix: Select fields in users getByIds,0,0,True,False,False,False,True,False,"# Description

dohvacali smo sva polja usera na getByIds, odabra san samo polja koja tribaju",92,"dohvacali smo sva polja usera na getByIds, odabra san samo polja koja tribaju",77,Quickfix: Select fields in users getByIds
43.59777777777778,1.8165740740740741,580,2958606239,closed,False,True,2025-10-29T11:28:44Z,2025-10-31T07:04:36Z,,2025-10-31T07:04:39Z,,2025-10-29T11:28:44+00:00,[user_2],2,,0,,148,12,12,6,160,0,0,0,0,0,0,0,,,,,8,6,0,0,14365275 BE: Contact tablica,28,864,TypeScript,478,Task: [14365275](https://app.productive.io/50657-29/projects/768565/tasks/task/14365275),88,False,True,False,False,True,False,,14365275 BE: Contact tablica,0,0,False,True,False,False,True,False,,0,,0,14365275 BE: Contact tablica
0.24833333333333332,0.010347222222222221,581,2960549407,closed,True,False,2025-10-29T20:18:08Z,2025-10-29T20:33:03Z,2025-10-29T20:33:02Z,2025-10-29T20:33:04Z,,2025-10-29T20:18:08+00:00,[user_3],3,[user_3],0,,29,0,1,1,29,0,0,0,0,0,0,0,,,,,6,1,0,0,Quickfix: Restore event service field,37,615,TypeScript,539,Slučajno smo mismatchali @[user_2] i ja kod brisanja duplog polja usluge pa su bila obrisana oba.,97,True,False,False,False,False,True,TASK_ID,Quickfix: Restore event service field,0,0,True,False,False,False,False,True,"# Description

Slučajno smo mismatchali @[user_2] i ja kod brisanja duplog polja usluge pa su bila obrisana oba.",112,Slučajno smo mismatchali @[user_2] i ja kod brisanja duplog polja usluge pa su bila obrisana oba.,97,Quickfix: Restore event service field
0.9580555555555555,0.03991898148148148,582,2961949725,closed,True,False,2025-10-30T07:40:46Z,2025-10-30T08:38:15Z,2025-10-30T08:38:15Z,2025-10-30T08:38:17Z,2025-10-30T07:46:23Z,2025-10-30T07:40:46+00:00,[user_2],2,[user_2],6,[user_2]|[user_4]|[user]|[user_6]|[user_7]|[user_3],34,14,4,1,48,0,2,3,1,2,0,0,2025-10-30T08:06:33+00:00,2025-10-30T08:15:12+00:00,0.4297222222222222,0.5738888888888889,12,1,0,5,14531432 BE: Client type,24,838,TypeScript,808,u Event tipu je stajalo da je client tipa UserDto ali mi kad dohvacamo event i njegovog povezanog klijenta ne dohvacamo sva polja korisnika jer za klijenta nisu bitna doda san client tipove i na upsertu usera kad saljemo klijenta popunia ove ostale podatke sa createClientInitialValues,285,True,False,False,False,True,False,,14531432 BE: Client type,0,0,True,False,False,False,True,False,"# Description

u Event tipu je stajalo da je client tipa UserDto ali mi kad dohvacamo event i njegovog povezanog klijenta ne dohvacamo sva polja korisnika jer za klijenta nisu bitna
doda san client tipove i na upsertu usera kad saljemo klijenta popunia ove ostale podatke sa createClientInitialValues",300,u Event tipu je stajalo da je client tipa UserDto ali mi kad dohvacamo event i njegovog povezanog klijenta ne dohvacamo sva polja korisnika jer za klijenta nisu bitna doda san client tipove i na upsertu usera kad saljemo klijenta popunia ove ostale podatke sa createClientInitialValues,285,14531432 BE: Client type
26.379722222222224,1.0991550925925926,583,2962744544,closed,True,False,2025-10-30T11:17:11Z,2025-10-31T13:39:58Z,2025-10-31T13:39:58Z,2025-10-31T13:39:59Z,,2025-10-30T11:17:11+00:00,[user_3],3,[user_3],6,[user_2]|[user_4]|[user]|[user_6]|[user_7]|[user_3],50,35,1,2,85,1,1,2,1,1,0,0,2025-10-30T13:02:50+00:00,2025-10-30T13:58:27+00:00,1.7608333333333333,2.687777777777778,13,2,1,5,14531416 FE (Bug): Optional skupina,35,679,TypeScript,650,"Isključeno polje skupina kad je odabrano ""Usluga"", resetirano i uklonjeno penaltyPrice polje",92,True,False,False,False,False,True,,14531416 FE (Bug): Optional skupina,0,0,True,False,False,False,False,True,"# Description

Isključeno polje skupina kad je odabrano ""Usluga"", resetirano i uklonjeno penaltyPrice polje",107,"Isključeno polje skupina kad je odabrano ""Usluga"", resetirano i uklonjeno penaltyPrice polje",92,14531416 FE (Bug): Optional skupina
25.388333333333332,1.0578472222222222,584,2963043667,closed,True,False,2025-10-30T12:44:22Z,2025-10-31T14:07:40Z,2025-10-31T14:07:40Z,2025-10-31T14:07:42Z,,2025-10-30T12:44:22+00:00,[user_3],3,[user_3],5,[user_2]|[user_4]|[user]|[user_6]|[user_7],132,93,6,4,225,0,1,1,1,0,0,0,2025-10-30T14:08:39+00:00,2025-10-30T14:08:39+00:00,1.4047222222222222,1.4047222222222222,13,4,0,5,14531421 FE (Bug): Ime i prezime klijenta,41,951,TypeScript,917,"Podijeljeno polje fullName u firstName i lastName. Napravljene su sljedeće izmjene: - Uklonjeni tipovi FormEvent i FormEventClient, tip forme vraćen na ExtendedEventDto - Gdje god se koristio fullName sada je podijeljeno na firstName i lastName - Dodan enableReinitialize: true na formu jer se vrijednosti ne bi ažurirale kako treba - Podlijeljene validacije - Počišćen kod",373,True,False,False,False,False,True,,14531421 FE (Bug): Ime i prezime klijenta,0,0,True,False,False,False,False,True,"# Description

Podijeljeno polje fullName u firstName i lastName. Napravljene su sljedeće izmjene:
- Uklonjeni tipovi FormEvent i FormEventClient, tip forme vraćen na ExtendedEventDto
- Gdje god se koristio fullName sada je podijeljeno na firstName i lastName
- Dodan enableReinitialize: true na formu jer se vrijednosti ne bi ažurirale kako treba
- Podlijeljene validacije
- Počišćen kod",388,"Podijeljeno polje fullName u firstName i lastName. Napravljene su sljedeće izmjene: - Uklonjeni tipovi FormEvent i FormEventClient, tip forme vraćen na ExtendedEventDto - Gdje god se koristio fullName sada je podijeljeno na firstName i lastName - Dodan enableReinitialize: true na formu jer se vrijednosti ne bi ažurirale kako treba - Podlijeljene validacije - Počišćen kod",373,14531421 FE (Bug): Ime i prezime klijenta
25.304444444444446,1.054351851851852,585,2963232473,closed,True,False,2025-10-30T13:34:51Z,2025-10-31T14:53:07Z,2025-10-31T14:53:07Z,2025-10-31T14:53:09Z,2025-10-30T13:39:44Z,2025-10-30T13:34:51+00:00,[user_2],2,[user_2],6,[user_2]|[user_4]|[user]|[user_6]|[user_7]|[user_3],119,95,12,9,214,0,5,3,1,2,0,0,2025-10-30T13:50:15+00:00,2025-10-31T14:50:01+00:00,0.25666666666666665,25.252777777777776,21,9,0,5,14535220 FS: Post events cleanup,32,910,TypeScript,876,dosad se i client sla na post /events pa se tamo hendlala logika sta nije dobro jer event module ne zanima sta je s clientom njega samo zanima clientId - odvojena logika kreiranja eventa i klijenta - dodan upsert endpoint na user controlleru - na submitu event forme prvo radimo upsert klijenta pa onda post eventa - updateani tipovi i validator,345,False,False,False,True,True,False,,14535220 FS: Post events cleanup,0,0,False,False,False,True,True,False,"# Description

dosad se i client sla na post /events pa se tamo hendlala logika sta nije dobro jer event module ne zanima sta je s clientom njega samo zanima clientId

- odvojena logika kreiranja eventa i klijenta
- dodan upsert endpoint na user controlleru
- na submitu event forme prvo radimo upsert klijenta pa onda post eventa
- updateani tipovi i validator",361,dosad se i client sla na post /events pa se tamo hendlala logika sta nije dobro jer event module ne zanima sta je s clientom njega samo zanima clientId - odvojena logika kreiranja eventa i klijenta - dodan upsert endpoint na user controlleru - na submitu event forme prvo radimo upsert klijenta pa onda post eventa - updateani tipovi i validator,345,14535220 FS: Post events cleanup
4.873333333333333,0.20305555555555554,586,2966326145,closed,True,False,2025-10-31T10:53:09Z,2025-10-31T15:45:33Z,2025-10-31T15:45:33Z,2025-10-31T15:45:36Z,2025-10-31T11:06:31Z,2025-10-31T10:53:09+00:00,[user_2],2,[user_2],6,[user_2]|[user_4]|[user]|[user_6]|[user_7]|[user_3],315,19,13,12,334,0,4,3,1,2,0,0,2025-10-31T14:47:46+00:00,2025-10-31T14:47:46+00:00,3.910277777777778,3.910277777777778,22,12,0,5,14365275 BE: Contact tablica,28,949,TypeScript,915,dodana Contact tablica koja spaja korisnika i kontakt dodana migracijska skripta u user/client tipovima dodana relacija contacts prilikom dohvacanja korisnika dohvacamo i kontakte dodan contact validator i dodano polje contacts u user validatoru zasada iz forme korisnika/eventa izostavljeni kontakti (to ce se dodat kad se bude FE radia),338,False,True,False,False,True,False,,14365275 BE: Contact tablica,0,0,False,True,False,False,True,False,"# Description

dodana Contact tablica koja spaja korisnika i kontakt
dodana migracijska skripta
u user/client tipovima dodana relacija contacts
prilikom dohvacanja korisnika dohvacamo i kontakte
dodan contact validator i dodano polje contacts u user validatoru
zasada iz forme korisnika/eventa izostavljeni kontakti (to ce se dodat kad se bude FE radia)",353,dodana Contact tablica koja spaja korisnika i kontakt dodana migracijska skripta u user/client tipovima dodana relacija contacts prilikom dohvacanja korisnika dohvacamo i kontakte dodan contact validator i dodano polje contacts u user validatoru zasada iz forme korisnika/eventa izostavljeni kontakti (to ce se dodat kad se bude FE radia),338,14365275 BE: Contact tablica
2.4633333333333334,0.10263888888888889,587,2966813205,closed,True,False,2025-10-31T13:35:35Z,2025-10-31T16:03:24Z,2025-10-31T16:03:23Z,2025-10-31T16:03:25Z,2025-10-31T13:40:42Z,2025-10-31T13:35:35+00:00,[user_2],2,[user_2],6,[user_2]|[user_4]|[user]|[user_6]|[user_7]|[user_3],117,7,11,20,124,0,7,6,1,5,0,0,2025-10-31T15:23:10+00:00,2025-10-31T16:00:52+00:00,1.7930555555555556,2.421388888888889,32,20,0,5,14365277 BE: Create update kontakata,36,803,TypeScript,773,dodan patch endpoint na /users/:userId/contacts koji zove upsert svih prilozenih kontakata(klijenata) te ih povezuje sa klijentom u contact tablici kroz contact service renamean postojeci Contact tip u InternalPerson i kreiran novi Contact tip,243,False,True,False,False,True,False,,14365277 BE: Create update kontakata,0,0,False,True,False,False,True,False,"# Description

dodan patch endpoint na /users/:userId/contacts koji zove upsert svih prilozenih kontakata(klijenata) te ih povezuje sa klijentom u contact tablici kroz contact service
renamean postojeci Contact tip u InternalPerson i kreiran novi Contact tip",258,dodan patch endpoint na /users/:userId/contacts koji zove upsert svih prilozenih kontakata(klijenata) te ih povezuje sa klijentom u contact tablici kroz contact service renamean postojeci Contact tip u InternalPerson i kreiran novi Contact tip,243,14365277 BE: Create update kontakata
6.3966666666666665,0.26652777777777775,588,2971758280,closed,True,False,2025-11-03T07:50:21Z,2025-11-03T14:14:09Z,2025-11-03T14:14:09Z,2025-11-03T14:14:11Z,2025-11-03T08:04:16Z,2025-11-03T07:50:21+00:00,[user_2],2,[user_2],6,[user_2]|[user_4]|[user]|[user_6]|[user_7]|[user_3],22,7,7,4,29,1,1,2,1,1,0,0,2025-11-03T10:04:36+00:00,2025-11-03T13:20:26+00:00,2.2375,5.501388888888889,18,4,1,5,14570420 BE: Status nepoznato,29,864,TypeScript,832,dodan status nepoznato za događaje koji se ne prikazuje u fe dropdownu ne dopustamo stavljanje događaja na status nepoznato azuriran validator migracijska skripta za sve dogadaje na cekanju prije 1. lipnja 2025. prebaceni u status nepoznato,240,False,True,False,False,True,True,,14570420 BE: Status nepoznato,0,0,False,True,False,False,True,True,"# Description

dodan status nepoznato za događaje koji se ne prikazuje u fe dropdownu
ne dopustamo stavljanje događaja na status nepoznato
azuriran validator
migracijska skripta za sve dogadaje na cekanju prije 1. lipnja 2025. prebaceni u status nepoznato",255,dodan status nepoznato za događaje koji se ne prikazuje u fe dropdownu ne dopustamo stavljanje događaja na status nepoznato azuriran validator migracijska skripta za sve dogadaje na cekanju prije 1. lipnja 2025. prebaceni u status nepoznato,240,14570420 BE: Status nepoznato
167.23777777777778,6.9682407407407405,589,2972193150,closed,True,False,2025-11-03T10:31:48Z,2025-11-10T09:46:04Z,2025-11-10T09:46:04Z,2025-11-10T09:46:06Z,2025-11-05T07:44:03Z,2025-11-03T10:31:48+00:00,[user_2],2,[user_2],2,[user]|[user_3],1514,0,1,10,1514,1,0,2,2,0,0,0,2025-11-05T12:56:22+00:00,2025-11-05T12:56:22+00:00,50.409444444444446,50.409444444444446,21,10,1,2,14533359 BE: Nacin isporuke migracija,37,1031,TypeScript,997,"migrirane usluge poput ""DOSTAVA KOLAČA"" u ""KOLAČI"" i pritom azuriran nacin isporuke povezanih dogadaja prema imenu usluge obrisane usluge ""DOSTAVA"" i ""PREUZIMANJE"" i eventima sa tom vrstom usluge pridruzene pripadajuce usluge kreirane promjene nacina isporuke kod evenata azurirane promjene gdje su se spominjale stare usluge masu je duplog koda, nije najlipse napisano, islo me brze samo copy pasteat al koristit ce se jednom samo pa mislin da je oke",451,False,False,False,True,True,False,,14533359 BE: Nacin isporuke migracija,0,0,False,False,False,True,True,False,"# Description

migrirane usluge poput ""DOSTAVA KOLAČA"" u ""KOLAČI"" i pritom azuriran nacin isporuke povezanih dogadaja prema imenu usluge
obrisane usluge ""DOSTAVA"" i ""PREUZIMANJE"" i eventima sa tom vrstom usluge pridruzene pripadajuce usluge
kreirane promjene nacina isporuke kod evenata
azurirane promjene gdje su se spominjale stare usluge

masu je duplog koda, nije najlipse napisano, islo me brze samo copy pasteat al koristit ce se jednom samo pa mislin da je oke",467,"migrirane usluge poput ""DOSTAVA KOLAČA"" u ""KOLAČI"" i pritom azuriran nacin isporuke povezanih dogadaja prema imenu usluge obrisane usluge ""DOSTAVA"" i ""PREUZIMANJE"" i eventima sa tom vrstom usluge pridruzene pripadajuce usluge kreirane promjene nacina isporuke kod evenata azurirane promjene gdje su se spominjale stare usluge masu je duplog koda, nije najlipse napisano, islo me brze samo copy pasteat al koristit ce se jednom samo pa mislin da je oke",451,14533359 BE: Nacin isporuke migracija
30.45861111111111,1.2691087962962964,590,2972255085,closed,True,False,2025-11-03T10:53:24Z,2025-11-04T17:20:55Z,2025-11-04T17:20:55Z,2025-11-04T17:20:57Z,,2025-11-03T10:53:24+00:00,[user_3],3,[user_3],3,[user_2]|[user]|[user_3],408,34,5,18,442,0,18,8,1,7,0,0,2025-11-03T11:00:52+00:00,2025-11-04T16:40:10+00:00,0.12444444444444444,29.779444444444444,29,18,0,3,14365285 FE: Update event forme,31,1370,TypeScript,1330,"Dodan novi checkbox ""Prikaži klijente"", čijim se toggle-om otvara nova ""podforma"" za prikaz/dodavanje/brisanje klijenata. Napravljane su sljedeće izmjene: - Dodane potrebne stvari na FE vezano za event formu: gumbi, podforma, polja, validacija, handleri, initialValues... - Dodan novi useUpsertContacts hook - Patch kontakata na submit forme, dodan client.id kao userId",369,False,False,True,False,False,True,,14365285 FE: Update event forme,3,0,False,False,True,False,False,True,"# Description

Dodan novi checkbox ""Prikaži klijente"", čijim se toggle-om otvara nova ""podforma"" za prikaz/dodavanje/brisanje klijenata. Napravljane su sljedeće izmjene:
- Dodane potrebne stvari na FE vezano za event formu: gumbi, podforma, polja, validacija, handleri, initialValues...
- Dodan novi useUpsertContacts hook
- Patch kontakata na submit forme, dodan client.id kao userId",384,"Dodan novi checkbox ""Prikaži klijente"", čijim se toggle-om otvara nova ""podforma"" za prikaz/dodavanje/brisanje klijenata. Napravljane su sljedeće izmjene: - Dodane potrebne stvari na FE vezano za event formu: gumbi, podforma, polja, validacija, handleri, initialValues... - Dodan novi useUpsertContacts hook - Patch kontakata na submit forme, dodan client.id kao userId",369,14365285 FE: Update event forme
27.785555555555554,1.1577314814814814,591,2972430908,closed,True,False,2025-11-03T11:53:25Z,2025-11-04T15:40:33Z,2025-11-04T15:40:33Z,2025-11-04T15:40:36Z,,2025-11-03T11:53:25+00:00,[user_3],3,[user_3],2,[user_2]|[user],99,74,3,4,173,2,1,2,2,0,0,0,2025-11-03T14:10:19+00:00,2025-11-03T14:10:19+00:00,2.2816666666666667,2.2816666666666667,14,4,2,3,14588592 FE: Polje način isporuke,33,883,TypeScript,854,"Pomaknuto polje ""Način isporuke"" na vrh. Napravljeno da je required. Iz nekog misterioznog razloga pada validacija na oneOf i onda ispiše ""Neispravna vrijednost načina isporuke"" umjesto ""Način isporuke je obavezan"" iako je initial vrijednost na UNKNOWN i sve štima. Molim vas bacite oko da probamo zajedno riješiti ovu misteriju.",329,False,False,False,True,False,True,,14588592 FE: Polje način isporuke,0,0,False,False,False,True,False,True,"# Description

Pomaknuto polje ""Način isporuke"" na vrh. Napravljeno da je required. Iz nekog misterioznog razloga pada validacija na oneOf i onda ispiše ""Neispravna vrijednost načina isporuke"" umjesto ""Način isporuke je obavezan"" iako je initial vrijednost na UNKNOWN i sve štima. Molim vas bacite oko da probamo zajedno riješiti ovu misteriju.",344,"Pomaknuto polje ""Način isporuke"" na vrh. Napravljeno da je required. Iz nekog misterioznog razloga pada validacija na oneOf i onda ispiše ""Neispravna vrijednost načina isporuke"" umjesto ""Način isporuke je obavezan"" iako je initial vrijednost na UNKNOWN i sve štima. Molim vas bacite oko da probamo zajedno riješiti ovu misteriju.",329,14588592 FE: Polje način isporuke
43.693333333333335,1.8205555555555557,592,2972710645,closed,True,False,2025-11-03T13:21:23Z,2025-11-05T09:02:59Z,2025-11-05T09:02:59Z,2025-11-05T09:03:01Z,2025-11-03T13:27:32Z,2025-11-03T13:21:23+00:00,[user_2],2,[user_2],2,[user]|[user_3],59,39,9,5,98,0,3,3,1,2,0,0,2025-11-04T10:15:43+00:00,2025-11-05T09:00:48+00:00,20.905555555555555,43.65694444444444,16,5,0,4,14570466 BE: MVP Client login,29,881,TypeScript,849,priprema za login klijenta: - dodano polje passwordExpiresAt (klijenti ce prilikom logina dobiti nekakav kod na mail koji ce vrijediti odredjeno vrijeme) - azuriran session service na nacin da ako je korisnik tipa klijenta provjeravamo da li se podudaraju OIBi i lozinke ako lozinka i dalje vrijedi - azuriran login tip,319,False,True,False,False,True,False,,14570466 BE: MVP Client login,0,0,False,True,False,False,True,False,"# Description

priprema za login klijenta:
- dodano polje passwordExpiresAt (klijenti ce prilikom logina dobiti nekakav kod na mail koji ce vrijediti odredjeno vrijeme)
- azuriran session service na nacin da ako je korisnik tipa klijenta provjeravamo da li se podudaraju OIBi i lozinke ako lozinka i dalje vrijedi
- azuriran login tip",334,priprema za login klijenta: - dodano polje passwordExpiresAt (klijenti ce prilikom logina dobiti nekakav kod na mail koji ce vrijediti odredjeno vrijeme) - azuriran session service na nacin da ako je korisnik tipa klijenta provjeravamo da li se podudaraju OIBi i lozinke ako lozinka i dalje vrijedi - azuriran login tip,319,14570466 BE: MVP Client login
0.30277777777777776,0.01261574074074074,593,2972738240,closed,True,False,2025-11-03T13:29:27Z,2025-11-03T13:47:37Z,2025-11-03T13:47:37Z,2025-11-03T13:47:38Z,,2025-11-03T13:29:27+00:00,[user_3],3,[user_3],1,[user],1,1,1,1,2,0,0,0,0,0,0,0,,,,,5,1,0,1,14556006 FE: Label name change,30,604,TypeScript,575,Radni nalog -> Operativna tablica,33,False,False,False,True,False,True,,14556006 FE: Label name change,0,0,False,False,False,True,False,True,"# Description

Radni nalog -> Operativna tablica",48,Radni nalog -> Operativna tablica,33,14556006 FE: Label name change
17.920833333333334,0.7467013888888889,594,2974404671,closed,True,False,2025-11-03T22:32:27Z,2025-11-04T16:27:42Z,2025-11-04T16:27:42Z,2025-11-04T16:27:43Z,2025-11-04T16:08:09Z,2025-11-03T22:32:27+00:00,[user],[user_id],[user_2],0,,1305,5,32,4,1310,1,0,0,0,0,0,0,,,,,16,4,1,0,feature: menus,14,859,TypeScript,401,"nabrzinu sam c/p ponude, tribalo bi radit @[user_2] please samo skriptu triba migrirat @[user_2] @[user_3] istestirajte (fixajte ako sta triba) i merge ima praksi koje se krse (vidio pri c/p) ali to nek nam je manje bitno trenutno",228,True,False,False,False,False,False,TASK_ID,feature: menus,0,0,True,False,False,False,False,False,"# Description

nabrzinu sam c/p ponude, tribalo bi radit
@[user_2] please samo skriptu triba migrirat
@[user_2] @[user_3] istestirajte (fixajte ako sta triba) i merge
ima praksi koje se krse (vidio pri c/p) ali to nek nam je manje bitno trenutno",243,"nabrzinu sam c/p ponude, tribalo bi radit @[user_2] please samo skriptu triba migrirat @[user_2] @[user_3] istestirajte (fixajte ako sta triba) i merge ima praksi koje se krse (vidio pri c/p) ali to nek nam je manje bitno trenutno",228,feature: menus
4.251944444444445,0.17716435185185186,595,2976231421,closed,True,False,2025-11-04T11:25:42Z,2025-11-04T15:40:49Z,2025-11-04T15:40:49Z,2025-11-04T15:40:51Z,,2025-11-04T11:25:42+00:00,[user_3],3,[user_3],2,[user_2]|[user],40,7,2,1,47,0,0,1,1,0,0,0,2025-11-04T15:01:12+00:00,2025-11-04T15:01:12+00:00,3.591666666666667,3.591666666666667,7,1,0,2,14596145 FE: Rikverc: Postavke,30,701,TypeScript,672,Dodana nova VITE_HIDE_SETTINGS_PAGE varijabla na temelju koje prikazujemo/skrivamo postavke i njegove iteme u navigaciji.,121,False,False,False,True,False,True,,14596145 FE: Rikverc: Postavke,0,0,False,False,False,True,False,True,"# Description

Dodana nova VITE_HIDE_SETTINGS_PAGE varijabla na temelju koje prikazujemo/skrivamo postavke i njegove iteme u navigaciji.",136,Dodana nova VITE_HIDE_SETTINGS_PAGE varijabla na temelju koje prikazujemo/skrivamo postavke i njegove iteme u navigaciji.,121,14596145 FE: Rikverc: Postavke
2.765,0.11520833333333334,596,2976527603,closed,True,False,2025-11-04T12:55:16Z,2025-11-04T15:41:10Z,2025-11-04T15:41:10Z,2025-11-04T15:41:12Z,,2025-11-04T12:55:16+00:00,[user_3],3,[user_3],2,[user_2]|[user],12,1,1,1,13,0,0,1,1,0,0,0,2025-11-04T14:57:48+00:00,2025-11-04T14:57:48+00:00,2.042222222222222,2.042222222222222,7,1,0,2,14596362 FE: Tooltip na disableanu skupinu,42,900,TypeScript,865,"Dodan Tooltip na polje ""Skupina"" ako je disableano jer smo odabrali vrstu ""Usluga"".",83,False,False,True,False,False,True,,14596362 FE: Tooltip na disableanu skupinu,2,0,False,False,True,False,False,True,"# Description

Dodan Tooltip na polje ""Skupina"" ako je disableano jer smo odabrali vrstu ""Usluga"".",98,"Dodan Tooltip na polje ""Skupina"" ako je disableano jer smo odabrali vrstu ""Usluga"".",83,14596362 FE: Tooltip na disableanu skupinu
49.465,2.0610416666666667,597,2979809374,closed,True,False,2025-11-05T10:13:48Z,2025-11-07T11:41:42Z,2025-11-07T11:41:42Z,2025-11-07T11:41:43Z,2025-11-05T10:39:29Z,2025-11-05T10:13:48+00:00,[user_2],2,[user_2],3,[user_2]|[user]|[user_3],205,116,10,15,321,0,10,7,1,6,0,0,2025-11-06T17:26:57+00:00,2025-11-07T10:59:07+00:00,31.219166666666666,48.75527777777778,23,15,0,2,14619351 BE: Privremena lozinka,31,1411,TypeScript,1373,generiranje privremene lozinke za klijenta: - dodan generate password endpoint - generirana nasumicna lozinka od 8 znakova - hashiranu spremamo u bazi i stavljamo passwordExpiresAt za 24 sata (kazite ako je puno/malo) - lozinka se salje klijentu na mail (treba dodati prilozeni template u direktorij apps/api/templates i postaviti SMTP podatke u envu sa podacima racuna koji ce slati mailove) - prebacene user metode i pozivi na user tablicu iz session modulea - prilazen template (kazite kako ga prominit/poboljsat): [generate-password.html](https://github.com/user-attachments/files/23357531/generate-password.html) - slika trenutnog basic maila:,648,False,True,False,False,True,False,,14619351 BE: Privremena lozinka,1,0,False,True,False,False,True,False,"# Description

generiranje privremene lozinke za klijenta:
- dodan generate password endpoint
- generirana nasumicna lozinka od 8 znakova
- hashiranu spremamo u bazi i stavljamo passwordExpiresAt za 24 sata (kazite ako je puno/malo)
- lozinka se salje klijentu na mail (treba dodati prilozeni template u direktorij apps/api/templates i postaviti SMTP podatke u envu sa podacima racuna koji ce slati mailove)
- prebacene user metode i pozivi na user tablicu iz session modulea
- prilazen template (kazite kako ga prominit/poboljsat): 
[generate-password.html](https://github.com/user-attachments/files/23357531/generate-password.html)
- slika trenutnog basic maila:",664,generiranje privremene lozinke za klijenta: - dodan generate password endpoint - generirana nasumicna lozinka od 8 znakova - hashiranu spremamo u bazi i stavljamo passwordExpiresAt za 24 sata (kazite ako je puno/malo) - lozinka se salje klijentu na mail (treba dodati prilozeni template u direktorij apps/api/templates i postaviti SMTP podatke u envu sa podacima racuna koji ce slati mailove) - prebacene user metode i pozivi na user tablicu iz session modulea - prilazen template (kazite kako ga prominit/poboljsat): [generate-password.html](https://github.com/user-attachments/files/23357531/generate-password.html) - slika trenutnog basic maila:,648,14619351 BE: Privremena lozinka
46.69111111111111,1.945462962962963,598,2980248664,closed,True,False,2025-11-05T12:21:51Z,2025-11-07T11:03:19Z,2025-11-07T11:03:19Z,2025-11-07T11:03:20Z,2025-11-05T21:04:42Z,2025-11-05T12:21:51+00:00,[user_3],3,[user_3],3,[user_2]|[user]|[user_3],333,31,5,8,364,0,10,6,1,5,0,0,2025-11-06T12:46:42+00:00,2025-11-07T07:21:41+00:00,24.414166666666667,42.99722222222222,17,8,0,3,14559028 FE: Update client forme,32,975,TypeScript,944,"Ažurirana klijent forma na isti način kao i forma događaja, za svakog klijenta u formi su dodani kontakti. Bilo je potrebno malo korigirati tipove za client formu. Na submitu prvo radimo post/patch klijenta, pa nakon toga patch na /users/:userId/contacts. Disclaimer: Trenutno sam napravia na isti ""nestani"" način sa clients.contacts[index].firstName... dok ne napravim task i odradim refactor, trenutno radi ok (svakako testirajte).",433,False,False,True,False,False,True,,14559028 FE: Update client forme,0,0,False,False,True,False,False,True,"# Description

Ažurirana klijent forma na isti način kao i forma događaja, za svakog klijenta u formi su dodani kontakti. Bilo je potrebno malo korigirati tipove za client formu. Na submitu prvo radimo post/patch klijenta, pa nakon toga patch na /users/:userId/contacts.

Disclaimer: Trenutno sam napravia na isti ""nestani"" način sa clients.contacts[index].firstName... dok ne napravim task i odradim refactor, trenutno radi ok (svakako testirajte).",449,"Ažurirana klijent forma na isti način kao i forma događaja, za svakog klijenta u formi su dodani kontakti. Bilo je potrebno malo korigirati tipove za client formu. Na submitu prvo radimo post/patch klijenta, pa nakon toga patch na /users/:userId/contacts. Disclaimer: Trenutno sam napravia na isti ""nestani"" način sa clients.contacts[index].firstName... dok ne napravim task i odradim refactor, trenutno radi ok (svakako testirajte).",433,14559028 FE: Update client forme
0.12333333333333334,0.005138888888888889,599,2980275283,closed,True,False,2025-11-05T12:28:39Z,2025-11-05T12:36:03Z,2025-11-05T12:36:03Z,2025-11-05T12:36:05Z,,2025-11-05T12:28:39+00:00,[user_2],2,[user_2],1,[user_3],32,7,1,1,39,0,0,1,1,0,0,0,2025-11-05T12:29:34+00:00,2025-11-05T12:29:34+00:00,0.015277777777777777,0.015277777777777777,5,1,0,0,14559028 BE: Formatiranje dohvaćenog korisnika,46,760,TypeScript,729,formatiranje korisnika prije returna u user service: - prije bi mora dohvatit kontakt sa user.contacts[1].contact.firstName - formatiramo da maknemo ovaj međukorak pa je sad: user.contacts[1].firstName,201,True,False,False,False,True,False,,14559028 BE: Formatiranje dohvaćenog korisnika,0,0,True,False,False,False,True,False,"# Description

formatiranje korisnika prije returna u user service:
- prije bi mora dohvatit kontakt sa user.contacts[1].contact.firstName
- formatiramo da maknemo ovaj međukorak pa je sad: user.contacts[1].firstName",216,formatiranje korisnika prije returna u user service: - prije bi mora dohvatit kontakt sa user.contacts[1].contact.firstName - formatiramo da maknemo ovaj međukorak pa je sad: user.contacts[1].firstName,201,14559028 BE: Formatiranje dohvaćenog korisnika
42.110277777777775,1.7545949074074072,600,2980385313,closed,True,False,2025-11-05T12:54:14Z,2025-11-07T07:00:51Z,2025-11-07T07:00:51Z,2025-11-07T07:00:54Z,2025-11-05T13:02:25Z,2025-11-05T12:54:14+00:00,[user_2],2,[user_2],2,[user]|[user_3],52,0,14,3,52,0,1,1,1,0,0,0,2025-11-06T18:01:00+00:00,2025-11-06T18:01:00+00:00,29.11277777777778,29.11277777777778,10,3,0,2,14619353 FS: Client permisije,29,936,TypeScript,905,"dodane 2 klijentske permisije za pregled i upravljanje događajima nisan stavia da se prikazuju na formi zaposlenika sta se tice toga kako cemo skuzit moze li korisnik vidjeti taj event: ideja mi je prema JWTu u event service razaznati moze li klijent vidjeti taj dogadaj ili ne, tako mi se pari najjednostavnije i najbrze za ovo neko privremeno rjesenje",353,False,True,False,False,True,True,,14619353 FS: Client permisije,0,0,False,True,False,False,True,True,"# Description

dodane 2 klijentske permisije za pregled i upravljanje događajima
nisan stavia da se prikazuju na formi zaposlenika
sta se tice toga kako cemo skuzit moze li korisnik vidjeti taj event: ideja mi je prema JWTu u event service razaznati moze li klijent vidjeti taj dogadaj ili ne, tako mi se pari najjednostavnije i najbrze za ovo neko privremeno rjesenje",368,"dodane 2 klijentske permisije za pregled i upravljanje događajima nisan stavia da se prikazuju na formi zaposlenika sta se tice toga kako cemo skuzit moze li korisnik vidjeti taj event: ideja mi je prema JWTu u event service razaznati moze li klijent vidjeti taj dogadaj ili ne, tako mi se pari najjednostavnije i najbrze za ovo neko privremeno rjesenje",353,14619353 FS: Client permisije
44.350833333333334,1.847951388888889,601,2980677255,closed,True,False,2025-11-05T14:04:58Z,2025-11-07T10:26:02Z,2025-11-07T10:26:01Z,2025-11-07T10:26:04Z,2025-11-06T14:16:28Z,2025-11-05T14:04:58+00:00,[user_2],2,[user_2],2,[user]|[user_3],80,7,6,7,87,0,0,1,1,0,0,0,2025-11-06T18:15:39+00:00,2025-11-06T18:15:39+00:00,28.178055555555556,28.178055555555556,15,7,0,2,14619356 BE: Dohvacanje klijentovih dogadaja,44,639,TypeScript,610,omoguceno dohvacanje klijentovih dogadaja po oibu u JWTu,56,False,True,False,False,True,False,,14619356 BE: Dohvacanje klijentovih dogadaja,0,0,False,True,False,False,True,False,"# Description

omoguceno dohvacanje klijentovih dogadaja po oibu u JWTu",71,omoguceno dohvacanje klijentovih dogadaja po oibu u JWTu,56,14619356 BE: Dohvacanje klijentovih dogadaja
17.702222222222222,0.7375925925925926,602,2984619289,closed,True,False,2025-11-06T13:08:19Z,2025-11-07T06:50:27Z,2025-11-07T06:50:27Z,2025-11-07T06:50:28Z,2025-11-06T13:15:51Z,2025-11-06T13:08:19+00:00,[user_2],2,[user_2],2,[user]|[user_3],32,0,3,2,32,0,0,1,1,0,0,0,2025-11-06T19:42:30+00:00,2025-11-06T19:42:30+00:00,6.5697222222222225,6.5697222222222225,9,2,0,2,14657889 FS: Promjena tipa klijenta kroz kontakt formu,54,1238,TypeScript,1207,"bug: prilikom dohvacanja kontakata nismo dohvaćali tip kontakta, pa prilikom updatea kontakata nekog klijenta, svaki kontakt se popuni sa inicijalnim vrijednostima pa kad nebi imali tip klijenta dohvacenog stavia bi ga na PRIVATE_ENTITY i prominia tip samog klijenta dohvacamo sad tip klijenta i ime firme prilikom dohvacanja klijenta, nije idealno rjesenje, ali mi je oke zasad, idealno bi bilo da se ovi kontakti koji se azuriraju sibaju samo polja koja se minjaju ali to je sa trenutnom strukturom nemoguce i nigdi ne radimo tako, a moramo punit s inicijalnim vrijednostima jer na createu fale neka required polja koja nemamo u kontakt formi",644,True,False,False,False,True,True,,14657889 FS: Promjena tipa klijenta kroz kontakt formu,0,0,True,False,False,False,True,True,"# Description

bug: prilikom dohvacanja kontakata nismo dohvaćali tip kontakta, pa prilikom updatea kontakata nekog klijenta, svaki kontakt se popuni sa inicijalnim vrijednostima pa kad nebi imali tip klijenta dohvacenog stavia bi ga na PRIVATE_ENTITY i prominia tip samog klijenta

dohvacamo sad tip klijenta i ime firme prilikom dohvacanja klijenta, nije idealno rjesenje, ali mi je oke zasad, idealno bi bilo da se ovi kontakti koji se azuriraju sibaju samo polja koja se minjaju ali to je sa trenutnom strukturom nemoguce i nigdi ne radimo tako, a moramo punit s inicijalnim vrijednostima jer na createu fale neka required polja koja nemamo u kontakt formi",660,"bug: prilikom dohvacanja kontakata nismo dohvaćali tip kontakta, pa prilikom updatea kontakata nekog klijenta, svaki kontakt se popuni sa inicijalnim vrijednostima pa kad nebi imali tip klijenta dohvacenog stavia bi ga na PRIVATE_ENTITY i prominia tip samog klijenta dohvacamo sad tip klijenta i ime firme prilikom dohvacanja klijenta, nije idealno rjesenje, ali mi je oke zasad, idealno bi bilo da se ovi kontakti koji se azuriraju sibaju samo polja koja se minjaju ali to je sa trenutnom strukturom nemoguce i nigdi ne radimo tako, a moramo punit s inicijalnim vrijednostima jer na createu fale neka required polja koja nemamo u kontakt formi",644,14657889 FS: Promjena tipa klijenta kroz kontakt formu
0.1597222222222222,0.006655092592592592,603,2988410582,closed,False,True,2025-11-07T12:19:17Z,2025-11-07T12:28:52Z,,2025-11-07T12:28:58Z,,2025-11-07T12:19:17+00:00,[user_3],3,,0,,420,44,7,9,464,0,0,0,0,0,0,0,,,,,11,9,0,0,14365286 FE: Update prefill modala,34,821,TypeScript,156,,0,True,False,False,False,False,False,TASK_ID,14365286 FE: Update prefill modala,0,0,True,False,False,False,False,False,,0,,0,14365286 FE: Update prefill modala
28.296666666666667,1.1790277777777778,604,2988457374,closed,True,False,2025-11-07T12:34:43Z,2025-11-08T16:52:31Z,2025-11-08T16:52:31Z,2025-11-08T16:52:33Z,,2025-11-07T12:34:43+00:00,[user_3],3,[user_3],2,[user_2]|[user],89,13,2,2,102,1,1,1,1,0,0,0,2025-11-07T15:04:56+00:00,2025-11-07T15:04:56+00:00,2.5036111111111112,2.5036111111111112,11,2,1,2,14365286 FE: Update prefill modala,34,1003,TypeScript,974,Updatean prefill modal tako da se popunjavaju i klijentovi kontakti. Inicijalno su selektirani svi kontakti pa korisnik može odabrati koje kontatke želi a koje ne prefillati. Umjesto useFetchClients sam ubacia useFetchUsers jer tu trenutno dohvaćamo klijente i njegove pripadajuće kontakte. @[user_2] više ne koristimo /clients api rutu pa predlažem da totalno zapalimo sve na FE i na BE vezano za nju. Također sam dodao prefill clientType-a.,442,False,False,True,False,False,True,,14365286 FE: Update prefill modala,0,0,False,False,True,False,False,True,"# Description

Updatean prefill modal tako da se popunjavaju i klijentovi kontakti. Inicijalno su selektirani svi kontakti pa korisnik može odabrati koje kontatke želi a koje ne prefillati. Umjesto useFetchClients sam ubacia useFetchUsers jer tu trenutno dohvaćamo klijente i njegove pripadajuće kontakte. @[user_2] više ne koristimo /clients api rutu pa predlažem da totalno zapalimo sve na FE i na BE vezano za nju. Također sam dodao prefill clientType-a.",457,Updatean prefill modal tako da se popunjavaju i klijentovi kontakti. Inicijalno su selektirani svi kontakti pa korisnik može odabrati koje kontatke želi a koje ne prefillati. Umjesto useFetchClients sam ubacia useFetchUsers jer tu trenutno dohvaćamo klijente i njegove pripadajuće kontakte. @[user_2] više ne koristimo /clients api rutu pa predlažem da totalno zapalimo sve na FE i na BE vezano za nju. Također sam dodao prefill clientType-a.,442,14365286 FE: Update prefill modala
72.9625,3.040104166666667,605,2988521180,closed,True,False,2025-11-07T12:54:55Z,2025-11-10T13:52:40Z,2025-11-10T13:52:40Z,2025-11-10T13:52:42Z,,2025-11-07T12:54:55+00:00,[user_3],3,[user_3],2,[user_2]|[user],30,0,3,1,30,0,0,1,1,0,0,0,2025-11-10T08:25:35+00:00,2025-11-10T08:25:35+00:00,67.5111111111111,67.5111111111111,7,1,0,2,14677698 FE: Interna metrika,28,731,TypeScript,702,Napravljena interna metrika koliko vremena se provede na create ili edit event ruti preko GA. Dodan novi useFormDurationMetric hook da ga možemo ubaciti na oba mjesta.,167,False,True,False,False,False,True,,14677698 FE: Interna metrika,0,0,False,True,False,False,False,True,"# Description

Napravljena interna metrika koliko vremena se provede na create ili edit event ruti preko GA. Dodan novi useFormDurationMetric hook da ga možemo ubaciti na oba mjesta.",182,Napravljena interna metrika koliko vremena se provede na create ili edit event ruti preko GA. Dodan novi useFormDurationMetric hook da ga možemo ubaciti na oba mjesta.,167,14677698 FE: Interna metrika
68.90777777777778,2.8711574074074075,606,2991569307,closed,True,False,2025-11-08T16:12:22Z,2025-11-11T13:06:50Z,2025-11-11T13:06:50Z,2025-11-11T13:06:52Z,2025-11-08T16:35:03Z,2025-11-08T16:12:22+00:00,[user_3],3,[user_3],3,[user_2]|[user]|[user_3],768,284,30,11,1052,0,13,4,1,3,0,0,2025-11-10T08:14:58+00:00,2025-11-11T07:00:44+00:00,40.04333333333334,62.806111111111115,20,11,0,3,14619359 FE: Client login forma,31,2159,TypeScript,2116,"Dosta je velik PR, pokušat ću u kratkim crtama objasnit promjene i moj osvrt na ovu funkcionalnost i potencijalne (buduće) probleme. Slike su ispod. Uglavnom, napravljene su sljedeće promjene: - Kreirana nova SelectLoginType komponenta koja je napravljena po uzoru na privitak u tasku (stilovi i ikonice). - U SelectLoginType dodana logika za prijavu naručitelja, zaposlenika i kreiranje narudžbe. - Postojeća Login forma je postala EmployeeLoginForm, dodan je naslov ""Prijava zaposlenika"" - Kreirana nova ClientLoginForm komponenta (možda je bolje da je nova komponenta jer je dugoročno održivije, vičite ako se ne slažete pa ćemo prodiskutirat) - U ClientLoginForm ubačena polja i logika koju je task zahtijevao, (Email, OIB, jednokratna lozinka na email, validacija) - Sve je prilagođeno Tableru - Dodan info banner o slanju lozinke na email i gumbom za ponovno slanje uz cooldown (možda ne bi bilo loše ovo na BE handleat da se ne mogu spammat requestovi) - Ažurirane provjere permisija po FE, u nav linkovima, dropdownovima za događaj i za korisnika u kutu Trenutno ovisimo o odluci što će klijent moći vidjeti kada se prijavi. Pa kad to definiramo možemo dalje prilagođavati prijavu klijenta.",1198,False,True,False,False,False,True,,14619359 FE: Client login forma,2,0,False,True,False,False,False,True,"# Description

Dosta je velik PR, pokušat ću u kratkim crtama objasnit promjene i moj osvrt na ovu funkcionalnost i potencijalne (buduće) probleme. Slike su ispod. Uglavnom, napravljene su sljedeće promjene:
- Kreirana nova SelectLoginType komponenta koja je napravljena po uzoru na privitak u tasku (stilovi i ikonice).
- U SelectLoginType dodana logika za prijavu naručitelja, zaposlenika i kreiranje narudžbe.
- Postojeća Login forma je postala EmployeeLoginForm, dodan je naslov ""Prijava zaposlenika""
- Kreirana nova ClientLoginForm komponenta (možda je bolje da je nova komponenta jer je dugoročno održivije, vičite ako se ne slažete pa ćemo prodiskutirat)
- U ClientLoginForm ubačena polja i logika koju je task zahtijevao, (Email, OIB, jednokratna lozinka na email, validacija)
- Sve je prilagođeno Tableru
- Dodan info banner o slanju lozinke na email i gumbom za ponovno slanje uz cooldown (možda ne bi bilo loše ovo na BE handleat da se ne mogu spammat requestovi)
- Ažurirane provjere permisija po FE, u nav linkovima, dropdownovima za događaj i za korisnika u kutu

Trenutno ovisimo o odluci što će klijent moći vidjeti kada se prijavi. Pa kad to definiramo možemo dalje prilagođavati prijavu klijenta.",1214,"Dosta je velik PR, pokušat ću u kratkim crtama objasnit promjene i moj osvrt na ovu funkcionalnost i potencijalne (buduće) probleme. Slike su ispod. Uglavnom, napravljene su sljedeće promjene: - Kreirana nova SelectLoginType komponenta koja je napravljena po uzoru na privitak u tasku (stilovi i ikonice). - U SelectLoginType dodana logika za prijavu naručitelja, zaposlenika i kreiranje narudžbe. - Postojeća Login forma je postala EmployeeLoginForm, dodan je naslov ""Prijava zaposlenika"" - Kreirana nova ClientLoginForm komponenta (možda je bolje da je nova komponenta jer je dugoročno održivije, vičite ako se ne slažete pa ćemo prodiskutirat) - U ClientLoginForm ubačena polja i logika koju je task zahtijevao, (Email, OIB, jednokratna lozinka na email, validacija) - Sve je prilagođeno Tableru - Dodan info banner o slanju lozinke na email i gumbom za ponovno slanje uz cooldown (možda ne bi bilo loše ovo na BE handleat da se ne mogu spammat requestovi) - Ažurirane provjere permisija po FE, u nav linkovima, dropdownovima za događaj i za korisnika u kutu Trenutno ovisimo o odluci što će klijent moći vidjeti kada se prijavi. Pa kad to definiramo možemo dalje prilagođavati prijavu klijenta.",1198,14619359 FE: Client login forma
46.411944444444444,1.9338310185185186,607,2994371150,closed,True,False,2025-11-10T09:21:51Z,2025-11-12T07:46:34Z,2025-11-12T07:46:34Z,2025-11-12T07:46:36Z,2025-11-10T09:42:46Z,2025-11-10T09:21:51+00:00,[user_2],2,[user_2],3,[user_2]|[user]|[user_3],270,288,60,8,558,0,4,3,1,2,0,0,2025-11-10T09:42:31+00:00,2025-11-11T14:55:58+00:00,0.34444444444444444,29.56861111111111,16,8,0,2,14596163 FS: JWT request,24,1008,TypeScript,975,"reduciranje JWTa na samo ID i OIB popravljen AuthRequest tip alignano hendlanje u socket i roles guardovima (nemozemo vise gledat iz jwt nego moramo zvat user service) za sve provjere korisnika dodan useCurrentUser hook koji fetcha korisnika prema IDu iz JWTa: - ode se oslanjamo na cache na BE da ne radi req na bazu svaki put a to mi nije bas idealno al trenutno ne vidin bolje rjesenje, ako imate prijedlog vicite",416,False,False,False,True,True,True,,14596163 FS: JWT request,0,0,False,False,False,True,True,True,"# Description

reduciranje JWTa na samo ID i OIB
popravljen AuthRequest tip
alignano hendlanje u socket i roles guardovima (nemozemo vise gledat iz jwt nego moramo zvat user service)
za sve provjere korisnika dodan useCurrentUser hook koji fetcha korisnika prema IDu iz JWTa:
- ode se oslanjamo na cache na BE da ne radi req na bazu svaki put a to mi nije bas idealno al trenutno ne vidin bolje rjesenje, ako imate prijedlog vicite",431,"reduciranje JWTa na samo ID i OIB popravljen AuthRequest tip alignano hendlanje u socket i roles guardovima (nemozemo vise gledat iz jwt nego moramo zvat user service) za sve provjere korisnika dodan useCurrentUser hook koji fetcha korisnika prema IDu iz JWTa: - ode se oslanjamo na cache na BE da ne radi req na bazu svaki put a to mi nije bas idealno al trenutno ne vidin bolje rjesenje, ako imate prijedlog vicite",416,14596163 FS: JWT request
43.63611111111111,1.8181712962962964,608,2995272629,closed,True,False,2025-11-10T13:17:00Z,2025-11-12T08:55:10Z,2025-11-12T08:55:10Z,2025-11-12T08:55:13Z,2025-11-10T13:21:14Z,2025-11-10T13:17:00+00:00,[user_2],2,[user_2],3,[user_2]|[user]|[user_3],100,110,21,6,210,0,7,3,1,2,0,0,2025-11-11T16:15:07+00:00,2025-11-11T16:15:07+00:00,26.968611111111112,26.968611111111112,13,6,0,2,14701840 FS: Socket module,26,770,TypeScript,738,socket module sad nije globalan maknuto emitiranje socket eventa u event moduleu emita se socket event samo na kreiranju/brisanju notifikacija provjerom tipa entiteta u payloadu socket eventa (ne)radimo refetch entiteta,219,False,False,False,True,True,True,,14701840 FS: Socket module,0,0,False,False,False,True,True,True,"# Description

socket module sad nije globalan
maknuto emitiranje socket eventa u event moduleu
emita se socket event samo na kreiranju/brisanju notifikacija
provjerom tipa entiteta u payloadu socket eventa (ne)radimo refetch entiteta",234,socket module sad nije globalan maknuto emitiranje socket eventa u event moduleu emita se socket event samo na kreiranju/brisanju notifikacija provjerom tipa entiteta u payloadu socket eventa (ne)radimo refetch entiteta,219,14701840 FS: Socket module
0.12277777777777778,0.005115740740740741,609,2995410985,closed,True,False,2025-11-10T13:55:31Z,2025-11-10T14:02:53Z,2025-11-10T14:02:53Z,2025-11-10T14:02:55Z,2025-11-10T13:56:26Z,2025-11-10T13:55:31+00:00,[user_2],2,[user_2],1,[user_3],1,0,1,2,1,0,0,1,1,0,0,0,2025-11-10T13:59:47+00:00,2025-11-10T13:59:47+00:00,0.07111111111111111,0.07111111111111111,7,2,0,0,14703968 BE: Notifikacije,25,787,TypeScript,758,nebi se dohvacale notifikacije jer se dobavljaju sve notifikacije kreirane nakon user.createdAt a kad su se prebacivale metode iz session repozitorija u user repozitorija desia se propust i nije se dohvaca createdAt na getById,226,True,False,False,False,True,False,,14703968 BE: Notifikacije,0,0,True,False,False,False,True,False,"# Description

nebi se dohvacale notifikacije jer se dobavljaju sve notifikacije kreirane nakon user.createdAt a kad su se prebacivale metode iz session repozitorija u user repozitorija desia se propust i nije se dohvaca createdAt na getById",241,nebi se dohvacale notifikacije jer se dobavljaju sve notifikacije kreirane nakon user.createdAt a kad su se prebacivale metode iz session repozitorija u user repozitorija desia se propust i nije se dohvaca createdAt na getById,226,14703968 BE: Notifikacije
42.463055555555556,1.7692939814814814,610,2995456407,closed,True,False,2025-11-10T14:08:27Z,2025-11-12T08:36:14Z,2025-11-12T08:36:14Z,2025-11-12T08:36:16Z,2025-11-10T14:13:30Z,2025-11-10T14:08:27+00:00,[user_2],2,[user_2],2,[user]|[user_3],14,4,6,1,18,0,0,1,1,0,0,0,2025-11-11T16:19:34+00:00,2025-11-11T16:19:34+00:00,26.185277777777777,26.185277777777777,8,1,0,2,14701850 BE: Configuration module,33,649,TypeScript,620,maknut Global() u Configuration moduleu i importan u ostalim moduleima koji ga koriste,86,True,False,False,False,True,False,,14701850 BE: Configuration module,0,0,True,False,False,False,True,False,"# Description

maknut Global() u Configuration moduleu i importan u ostalim moduleima koji ga koriste",101,maknut Global() u Configuration moduleu i importan u ostalim moduleima koji ga koriste,86,14701850 BE: Configuration module
23.26527777777778,0.9693865740740741,611,2995639373,closed,True,False,2025-11-10T14:58:23Z,2025-11-11T14:14:18Z,2025-11-11T14:14:18Z,2025-11-11T14:14:21Z,,2025-11-10T14:58:23+00:00,[user_3],3,[user_3],1,[user],204,202,1,2,406,0,0,0,0,0,0,0,,,,,6,2,0,1,14087874 FE: Grupiranje event polja,35,714,TypeScript,683,Izmijenjena lokacija polja na event formi.,42,False,False,False,True,False,True,,14087874 FE: Grupiranje event polja,1,0,False,False,False,True,False,True,"# Description

Izmijenjena lokacija polja na event formi.",57,Izmijenjena lokacija polja na event formi.,42,14087874 FE: Grupiranje event polja
19.290555555555557,0.8037731481481482,612,2999044925,closed,True,False,2025-11-11T13:19:47Z,2025-11-12T08:37:14Z,2025-11-12T08:37:13Z,2025-11-12T08:37:16Z,2025-11-11T13:24:15Z,2025-11-11T13:19:47+00:00,[user_2],2,[user_2],2,[user]|[user_3],11,3,4,1,14,0,0,1,1,0,0,0,2025-11-11T16:21:22+00:00,2025-11-11T16:21:22+00:00,3.026388888888889,3.026388888888889,9,1,0,2,14718958 FE: Client edit,24,1006,TypeScript,976,"padala je forma na editu jer createdAt nije naveden u validatoru a slali smo ga u formu, napravia san da ga ne saljemo u formu ko sta ne saljemo lastUpdatedAt i njemu slicna polja kad san doda createdAt u User tip san uvatia jos jedan bug u prefill modalu di bi ispisalo (prazno) za sve trenutne vrijednosti klijenta sta je krivo, a problem je bia u tome sta smo slali cili event a hendlali ga ko da smo dobili samo klijenta",424,True,False,False,False,False,True,,14718958 FE: Client edit,0,0,True,False,False,False,False,True,"# Description

padala je forma na editu jer createdAt nije naveden u validatoru a slali smo ga u formu, napravia san da ga ne saljemo u formu ko sta ne saljemo lastUpdatedAt i njemu slicna polja
kad san doda createdAt u User tip san uvatia jos jedan bug u prefill modalu di bi ispisalo (prazno) za sve trenutne vrijednosti klijenta sta je krivo, a problem je bia u tome sta smo slali cili event a hendlali ga ko da smo dobili samo klijenta",439,"padala je forma na editu jer createdAt nije naveden u validatoru a slali smo ga u formu, napravia san da ga ne saljemo u formu ko sta ne saljemo lastUpdatedAt i njemu slicna polja kad san doda createdAt u User tip san uvatia jos jedan bug u prefill modalu di bi ispisalo (prazno) za sve trenutne vrijednosti klijenta sta je krivo, a problem je bia u tome sta smo slali cili event a hendlali ga ko da smo dobili samo klijenta",424,14718958 FE: Client edit
18.002222222222223,0.7500925925925926,613,2999387912,closed,True,False,2025-11-11T15:01:28Z,2025-11-12T09:01:36Z,2025-11-12T09:01:36Z,2025-11-12T09:01:38Z,2025-11-11T15:38:13Z,2025-11-11T15:01:28+00:00,[user_2],2,[user_2],2,[user]|[user_3],71,123,11,3,194,0,0,1,1,0,0,0,2025-11-12T09:00:01+00:00,2025-11-12T09:00:01+00:00,17.975833333333334,17.975833333333334,10,3,0,2,14718960 FS: Kontakt pravna osoba,33,1362,TypeScript,1325,"bug: kad bi dodali novog kontakta prvo bi se to polje napunilo sa contactInitialValues koje sadrzava clientType PRIVATE_ENTITY pa kad bi isli upisat nekog postojecu pravnu osobu za kontakt, prominia bi mu se tip u privatnu osobu promjene: createUserType azuriran da su boolean polja opcionalna jer je u schemi defaultani na false PatchUserType popravljen da je zapravo Patch tip (opcionalno sve osim ID) maknuti selectovi clientTypea i companyNamea za kontakte jer nam sad ne tribaju na BE na create usera ako je klijent i nema clientType zakucavamo ga na privatna osoba pociscene inicijalne vrijednosti zaposlenika, klijenata, kontakata u user validatoru maknut required sa clientType jer ako nije tu defaultamo ga na privatnu osobu ako je klijent u pitanju",758,True,False,False,True,True,True,,14718960 FS: Kontakt pravna osoba,0,0,True,False,False,True,True,True,"# Description

bug: kad bi dodali novog kontakta prvo bi se to polje napunilo sa contactInitialValues koje sadrzava clientType PRIVATE_ENTITY pa kad bi isli upisat nekog postojecu pravnu osobu za kontakt, prominia bi mu se tip u privatnu osobu

promjene:
createUserType azuriran da su boolean polja opcionalna jer je u schemi defaultani na false
PatchUserType popravljen da je zapravo Patch tip (opcionalno sve osim ID)
maknuti selectovi clientTypea i companyNamea za kontakte jer nam sad ne tribaju
na BE na create usera ako je klijent i nema clientType zakucavamo ga na privatna osoba
pociscene inicijalne vrijednosti zaposlenika, klijenata, kontakata
u user validatoru maknut required sa clientType jer ako nije tu defaultamo ga na privatnu osobu ako je klijent u pitanju",774,"bug: kad bi dodali novog kontakta prvo bi se to polje napunilo sa contactInitialValues koje sadrzava clientType PRIVATE_ENTITY pa kad bi isli upisat nekog postojecu pravnu osobu za kontakt, prominia bi mu se tip u privatnu osobu promjene: createUserType azuriran da su boolean polja opcionalna jer je u schemi defaultani na false PatchUserType popravljen da je zapravo Patch tip (opcionalno sve osim ID) maknuti selectovi clientTypea i companyNamea za kontakte jer nam sad ne tribaju na BE na create usera ako je klijent i nema clientType zakucavamo ga na privatna osoba pociscene inicijalne vrijednosti zaposlenika, klijenata, kontakata u user validatoru maknut required sa clientType jer ako nije tu defaultamo ga na privatnu osobu ako je klijent u pitanju",758,14718960 FS: Kontakt pravna osoba
18.01388888888889,0.7505787037037037,614,2999599084,closed,True,False,2025-11-11T16:01:10Z,2025-11-12T10:02:00Z,2025-11-12T10:02:00Z,2025-11-12T10:02:02Z,,2025-11-11T16:01:10+00:00,[user_2],2,[user_2],2,[user]|[user_3],1,2,1,2,3,0,0,1,1,0,0,0,2025-11-12T09:03:28+00:00,2025-11-12T09:03:28+00:00,17.038333333333334,17.038333333333334,8,2,0,2,14701941 BE: Offer module,25,598,TypeScript,569,maknut service module import u offer module,43,False,False,False,True,True,False,,14701941 BE: Offer module,0,0,False,False,False,True,True,False,"# Description

maknut service module import u offer module",58,maknut service module import u offer module,43,14701941 BE: Offer module
17.01388888888889,0.7089120370370371,615,2999622659,closed,True,False,2025-11-11T16:09:02Z,2025-11-12T09:09:52Z,2025-11-12T09:09:52Z,2025-11-12T09:09:54Z,,2025-11-11T16:09:02+00:00,[user_2],2,[user_2],2,[user]|[user_3],6,1,2,1,7,0,0,1,1,0,0,0,2025-11-12T09:04:29+00:00,2025-11-12T09:04:29+00:00,16.924166666666668,16.924166666666668,7,1,0,2,14701953 BE: Changes service komentar,37,828,TypeScript,798,"zakomentirano zasto pozivamo event getById u changes service i neradimo nista sa njim pomaka san i provjeru iz event controllera u changes service (ovo je bia privremeni fix da se izbjegne circular dependency, al sad se nemoze izbjec svakako)",242,False,False,False,True,True,False,,14701953 BE: Changes service komentar,0,0,False,False,False,True,True,False,"# Description

zakomentirano zasto pozivamo event getById u changes service i neradimo nista sa njim
pomaka san i provjeru iz event controllera u changes service (ovo je bia privremeni fix da se izbjegne circular dependency, al sad se nemoze izbjec svakako)",257,"zakomentirano zasto pozivamo event getById u changes service i neradimo nista sa njim pomaka san i provjeru iz event controllera u changes service (ovo je bia privremeni fix da se izbjegne circular dependency, al sad se nemoze izbjec svakako)",242,14701953 BE: Changes service komentar
1.288888888888889,0.053703703703703705,616,3001961434,closed,True,False,2025-11-12T08:54:49Z,2025-11-12T10:12:09Z,2025-11-12T10:12:09Z,2025-11-12T10:12:10Z,,2025-11-12T08:54:49+00:00,[user_2],2,[user_2],2,[user]|[user_3],23,5,12,3,28,0,0,1,1,0,0,0,2025-11-12T09:14:01+00:00,2025-11-12T09:14:01+00:00,0.32,0.32,9,3,0,2,14701860 BE: Cache module,25,628,TypeScript,599,maknuta globalna registracija cache modulea i importan tamo di se koristi,73,False,False,False,True,True,False,,14701860 BE: Cache module,0,0,False,False,False,True,True,False,"# Description

maknuta globalna registracija cache modulea i importan tamo di se koristi",88,maknuta globalna registracija cache modulea i importan tamo di se koristi,73,14701860 BE: Cache module
24.454444444444444,1.018935185185185,617,3002255113,closed,True,False,2025-11-12T10:23:26Z,2025-11-13T10:50:42Z,2025-11-13T10:50:42Z,2025-11-13T10:50:44Z,,2025-11-12T10:23:26+00:00,[user_3],3,[user_3],2,[user_2]|[user],6,5,3,2,11,0,0,1,1,0,0,0,2025-11-12T12:25:02+00:00,2025-11-12T12:25:02+00:00,2.026666666666667,2.026666666666667,8,2,0,2,14742302 FE: EmployeeEdit validacija,36,987,TypeScript,953,1. na employee createu se password polje ne zacrveni ako je prazno - Falila su password i repeatPassword polja u createEmployeeInitialValues 2. na employee editu nebi tribalo postojat password polje jer smo odvojili edit i change password - Vracen id u formu da znamo je li u create ili edit modu i prema tome prikazujemo password polja,336,True,False,False,False,False,True,,14742302 FE: EmployeeEdit validacija,0,0,True,False,False,False,False,True,"# Description

1. na employee createu se password polje ne zacrveni ako je prazno
- Falila su password i repeatPassword polja u createEmployeeInitialValues

2. na employee editu nebi tribalo postojat password polje jer smo odvojili edit i change password
- Vracen id u formu da znamo je li u create ili edit modu i prema tome prikazujemo password polja",352,1. na employee createu se password polje ne zacrveni ako je prazno - Falila su password i repeatPassword polja u createEmployeeInitialValues 2. na employee editu nebi tribalo postojat password polje jer smo odvojili edit i change password - Vracen id u formu da znamo je li u create ili edit modu i prema tome prikazujemo password polja,336,14742302 FE: EmployeeEdit validacija
44.715,1.8631250000000001,618,3002378673,closed,True,False,2025-11-12T11:01:11Z,2025-11-14T07:44:05Z,2025-11-14T07:44:05Z,2025-11-14T07:44:06Z,,2025-11-12T11:01:11+00:00,[user_2],2,[user_2],3,[user_2]|[user]|[user_3],90,303,17,4,393,0,3,2,1,1,0,0,2025-11-13T13:49:13+00:00,2025-11-13T13:49:13+00:00,26.800555555555555,26.800555555555555,10,4,0,2,14740837 FS: Assignee relacija,30,869,TypeScript,834,"obrisana internalPerson polja, dodana relacija Assignee na event maknuti endpointovi/hookovi koji su fetchali internalPerson cleanup svega di se koristia internalPerson dodan assigneeId u validator dohvacanje odgovorne osobe prilikom dohvacanja eventa azurirani event tipovi migracijska skripta",294,False,True,False,False,True,True,,14740837 FS: Assignee relacija,0,0,False,True,False,False,True,True,"# Description

obrisana internalPerson polja, dodana relacija Assignee na event
maknuti endpointovi/hookovi koji su fetchali internalPerson
cleanup svega di se koristia internalPerson
dodan assigneeId u validator
dohvacanje odgovorne osobe prilikom dohvacanja eventa
azurirani event tipovi
migracijska skripta",309,"obrisana internalPerson polja, dodana relacija Assignee na event maknuti endpointovi/hookovi koji su fetchali internalPerson cleanup svega di se koristia internalPerson dodan assigneeId u validator dohvacanje odgovorne osobe prilikom dohvacanja eventa azurirani event tipovi migracijska skripta",294,14740837 FS: Assignee relacija
48.75416666666667,2.0314236111111112,619,3002483666,closed,True,False,2025-11-12T11:37:43Z,2025-11-14T12:22:58Z,2025-11-14T12:22:58Z,2025-11-14T12:23:01Z,,2025-11-12T11:37:43+00:00,[user_2],2,[user_2],3,[user_2]|[user]|[user_3],27,10,5,5,37,1,2,3,1,2,0,0,2025-11-13T13:54:21+00:00,2025-11-14T12:00:25+00:00,26.27722222222222,48.37833333333333,14,5,1,3,14740841 (2) BE: Proširenje User modela,39,744,TypeScript,711,dodano isAssignee polje u user tablici azurirani validatori: - mail i lozinka nisu obavezni za odgovorne osobe dohvacamo isAssigne prilikom dohvacanja usera azurirani user tipovi,178,False,True,False,False,True,False,,14740841 (2) BE: Proširenje User modela,0,0,False,True,False,False,True,False,"# Description

dodano isAssignee polje u user tablici
azurirani validatori:
- mail i lozinka nisu obavezni za odgovorne osobe
dohvacamo isAssigne prilikom dohvacanja usera
azurirani user tipovi",193,dodano isAssignee polje u user tablici azurirani validatori: - mail i lozinka nisu obavezni za odgovorne osobe dohvacamo isAssigne prilikom dohvacanja usera azurirani user tipovi,178,14740841 (2) BE: Proširenje User modela
47.839166666666664,1.993298611111111,620,3002684720,closed,True,False,2025-11-12T12:45:02Z,2025-11-14T12:35:23Z,2025-11-14T12:35:23Z,2025-11-14T12:35:25Z,,2025-11-12T12:45:02+00:00,[user_2],2,[user_2],2,[user]|[user_3],91,35,16,11,126,1,0,2,1,1,0,0,2025-11-13T13:59:43+00:00,2025-11-14T12:16:23+00:00,25.244722222222222,47.5225,25,11,1,3,14741084 FS: Assignee permisija,31,602,TypeScript,573,dodana canManageAssignees permisija,35,False,True,False,False,True,True,,14741084 FS: Assignee permisija,0,0,False,True,False,False,True,True,"# Description

dodana canManageAssignees permisija",50,dodana canManageAssignees permisija,35,14741084 FS: Assignee permisija
47.48833333333334,1.9786805555555558,621,3002761142,closed,True,False,2025-11-12T13:07:20Z,2025-11-14T12:36:38Z,2025-11-14T12:36:38Z,2025-11-14T12:36:39Z,,2025-11-12T13:07:20+00:00,[user_2],2,[user_2],3,[user_2]|[user]|[user_3],102,4,3,7,106,0,3,2,1,1,0,0,2025-11-13T14:16:43+00:00,2025-11-13T14:16:43+00:00,25.156388888888888,25.156388888888888,15,7,0,2,14740899 BE: Assignee query param,33,618,TypeScript,589,dodan assignee query param koji ako je true dobavljamo sve odgovorne osobe,74,False,True,False,False,True,False,,14740899 BE: Assignee query param,0,0,False,True,False,False,True,False,"# Description

dodan assignee query param koji ako je true dobavljamo sve odgovorne osobe",89,dodan assignee query param koji ako je true dobavljamo sve odgovorne osobe,74,14740899 BE: Assignee query param
26.6775,1.1115625,622,3006007108,closed,True,False,2025-11-13T08:44:57Z,2025-11-14T11:25:36Z,2025-11-14T11:25:36Z,2025-11-14T11:25:38Z,,2025-11-13T08:44:57+00:00,[user_2],2,[user_2],3,[user_2]|[user]|[user_3],70,32,3,1,102,0,2,2,1,1,0,0,2025-11-13T14:28:29+00:00,2025-11-13T14:28:29+00:00,5.725555555555555,5.725555555555555,7,1,0,2,14760669 BE: Event polja za klijenta,36,929,TypeScript,889,za klijente dobavljena event polja: - Datum - Vrijeme - trajanje - Usluga - Način isporuke - Lokacija - Vrsta klijenta - Telefon klijenta - E-mail klijenta - Broj osoba u narudžbi: od - do - Napomene,199,False,False,True,False,True,False,,14760669 BE: Event polja za klijenta,0,0,False,False,True,False,True,False,"# Description

za klijente dobavljena event polja:
- Datum
- Vrijeme
- trajanje
- Usluga
- Način isporuke
- Lokacija
- Vrsta klijenta
- Telefon klijenta
- E-mail klijenta
- Broj osoba u narudžbi: od - do
- Napomene",214,za klijente dobavljena event polja: - Datum - Vrijeme - trajanje - Usluga - Način isporuke - Lokacija - Vrsta klijenta - Telefon klijenta - E-mail klijenta - Broj osoba u narudžbi: od - do - Napomene,199,14760669 BE: Event polja za klijenta
25.144166666666667,1.0476736111111111,623,3006374667,closed,True,False,2025-11-13T10:28:45Z,2025-11-14T11:37:24Z,2025-11-14T11:37:24Z,2025-11-14T11:37:26Z,,2025-11-13T10:28:45+00:00,[user_2],2,[user_2],2,[user]|[user_3],30,23,9,4,53,0,1,1,1,0,0,0,2025-11-13T14:55:24+00:00,2025-11-13T14:55:24+00:00,4.444166666666667,4.444166666666667,10,4,0,2,14762078 BE: Preferences polje,30,899,TypeScript,865,dodano opcionalno string preferences polje u User tablicu azurirani tipovi i validator select preferenci na getById primjetia san neke greske kod tipova pa san pocistia usput migracijska skripta azurirana update metoda u user serviceu tako da korisnici sami sebi mogu updateati preference bez canManageUsers prava,313,False,True,False,False,True,False,,14762078 BE: Preferences polje,0,0,False,True,False,False,True,False,"# Description

dodano opcionalno string preferences polje u User tablicu
azurirani tipovi i validator
select preferenci na getById
primjetia san neke greske kod tipova pa san pocistia usput
migracijska skripta
azurirana update metoda u user serviceu tako da korisnici sami sebi mogu updateati preference bez canManageUsers prava",328,dodano opcionalno string preferences polje u User tablicu azurirani tipovi i validator select preferenci na getById primjetia san neke greske kod tipova pa san pocistia usput migracijska skripta azurirana update metoda u user serviceu tako da korisnici sami sebi mogu updateati preference bez canManageUsers prava,313,14762078 BE: Preferences polje
191.47722222222222,7.978217592592593,624,3006567982,closed,True,False,2025-11-13T11:21:52Z,2025-11-21T10:50:30Z,2025-11-21T10:50:30Z,2025-11-21T10:50:32Z,,2025-11-13T11:21:52+00:00,[user_3],3,[user_3],2,[user_2]|[user],104,39,5,7,143,6,2,5,2,3,0,0,2025-11-14T11:48:01+00:00,2025-11-14T11:48:01+00:00,24.435833333333335,24.435833333333335,27,7,6,6,14744661 FE: Maknuti if uvjet kod MvpOfferContent u EventForm,61,622,TypeScript,593,Uklonjen if uvjet kod MvpOfferContent komponente u event formi.,63,False,False,False,True,False,True,,14744661 FE: Maknuti if uvjet kod MvpOfferContent u EventForm,0,0,False,False,False,True,False,True,"# Description

Uklonjen if uvjet kod MvpOfferContent komponente u event formi.",78,Uklonjen if uvjet kod MvpOfferContent komponente u event formi.,63,14744661 FE: Maknuti if uvjet kod MvpOfferContent u EventForm
48.3425,2.0142708333333332,625,3006940861,closed,True,False,2025-11-13T13:22:52Z,2025-11-15T13:43:25Z,2025-11-15T13:43:25Z,2025-11-15T13:43:27Z,,2025-11-13T13:22:52+00:00,[user_3],3,[user_3],2,[user_2]|[user],48,50,9,2,98,0,2,1,1,0,0,0,2025-11-14T11:53:00+00:00,2025-11-14T11:53:00+00:00,22.502222222222223,22.502222222222223,8,2,0,2,14761835 FE: Refresh forbidden,30,1024,TypeScript,846,"Postojala su nam dva problema u kodu: - U pagevima smo imali if provjere za permisije prije deklaracije hookova, što je stvaralo error ""Rendered more hooks than in previous render..."" pa sam prebacio provjere nakon deklaracija. - Učitavanje usera nije instant pa bi neko vrijeme bio undefined, kod svakog useCurrentUser sam dodao isLoading provjeru i render spinnera.",367,True,False,False,False,False,True,,14761835 FE: Refresh forbidden,0,0,True,False,False,False,False,True,"# Description

Postojala su nam dva problema u kodu:
- U pagevima smo imali if provjere za permisije prije deklaracije hookova, što je stvaralo error ""Rendered more hooks than in previous render..."" pa sam prebacio provjere nakon deklaracija.
- Učitavanje usera nije instant pa bi neko vrijeme bio undefined, kod svakog useCurrentUser sam dodao isLoading provjeru i render spinnera.",382,"Postojala su nam dva problema u kodu: - U pagevima smo imali if provjere za permisije prije deklaracije hookova, što je stvaralo error ""Rendered more hooks than in previous render..."" pa sam prebacio provjere nakon deklaracija. - Učitavanje usera nije instant pa bi neko vrijeme bio undefined, kod svakog useCurrentUser sam dodao isLoading provjeru i render spinnera.",367,14761835 FE: Refresh forbidden
163.33666666666667,6.805694444444445,626,3011332388,closed,True,False,2025-11-14T16:07:52Z,2025-11-21T11:28:04Z,2025-11-21T11:28:04Z,2025-11-21T11:28:06Z,,2025-11-14T16:07:52+00:00,[user_3],3,[user_3],3,[user_2]|[user]|[user_3],403,91,12,19,494,0,23,10,1,9,0,0,2025-11-15T15:26:04+00:00,2025-11-21T10:15:58+00:00,23.303333333333335,162.135,31,19,0,4,14714003 FE: Vezani/ponavljajući događaji,41,1905,TypeScript,1865,"Kreirana funkcionalnost ponavljajućih događaja. Prilikom kreiranja postoji checkbox ""Uključi ponavljanje"" kojeg kad kliknemo otvori se dva inputa, jedan za broj tjedana, drugi za dane u tjednu. Funckionira na način da od startDate-a gledamo X broj tjedana unaprijed, i na označene dane, uz inicijalno postavljen datum kreiramo isti događaj. Ispod tih input-a se nalazi prozor o informacijama kada i koliko događaja kreiramo. Napravljene su sljedeće izmjene: - Kreirana EventRecurringGenerator komponenta koja sadrži gore navedenu logiku i prikazana je samo prilikom kreiranja događaja - Dodan recurring objekt (FE only) u formu sa propovima: enabled, days, weeks i eventCount za čuvanje stanja, handleanje grešaka i validaciju - Dodana validacija i postavljen limit na maksimalno kreiranje od 30 događaja (ako je malo vičite, promijenit ćemo) - Ako je događaj recurring, u EventForm šibamo await handleSubmit u for petlju za broj datuma - Zbog strukture api hooka, toastevi su prebačeni u EventForm, kao i handleanje grešaka Vidite i javite šta mislite o cjelokupnoj strukturi, naravno ovo nije idealno rješenje. U budućnosti možemo složiti poseban endpoint i novi hook za bulk kreiranje pa da šaljemo niz događaja na BE.",1221,False,True,False,False,False,True,,14714003 FE: Vezani/ponavljajući događaji,1,0,False,True,False,False,False,True,"# Description

Kreirana funkcionalnost ponavljajućih događaja. Prilikom kreiranja postoji checkbox ""Uključi ponavljanje"" kojeg kad kliknemo otvori se dva inputa, jedan za broj tjedana, drugi za dane u tjednu. Funckionira na način da od startDate-a gledamo X broj tjedana unaprijed, i na označene dane, uz inicijalno postavljen datum kreiramo isti događaj. Ispod tih input-a se nalazi prozor o informacijama kada i koliko događaja kreiramo. Napravljene su sljedeće izmjene:
- Kreirana EventRecurringGenerator komponenta koja sadrži gore navedenu logiku i prikazana je samo prilikom kreiranja događaja
- Dodan recurring objekt (FE only) u formu sa propovima: enabled, days, weeks i eventCount za čuvanje stanja, handleanje grešaka i validaciju
- Dodana validacija i postavljen limit na maksimalno kreiranje od 30 događaja (ako je malo vičite, promijenit ćemo)
- Ako je događaj recurring, u EventForm šibamo await handleSubmit u for petlju za broj datuma
- Zbog strukture api hooka, toastevi su prebačeni u EventForm, kao i handleanje grešaka

Vidite i javite šta mislite o cjelokupnoj strukturi, naravno ovo nije idealno rješenje. U budućnosti možemo složiti poseban endpoint i novi hook za bulk kreiranje pa da šaljemo niz događaja na BE.",1237,"Kreirana funkcionalnost ponavljajućih događaja. Prilikom kreiranja postoji checkbox ""Uključi ponavljanje"" kojeg kad kliknemo otvori se dva inputa, jedan za broj tjedana, drugi za dane u tjednu. Funckionira na način da od startDate-a gledamo X broj tjedana unaprijed, i na označene dane, uz inicijalno postavljen datum kreiramo isti događaj. Ispod tih input-a se nalazi prozor o informacijama kada i koliko događaja kreiramo. Napravljene su sljedeće izmjene: - Kreirana EventRecurringGenerator komponenta koja sadrži gore navedenu logiku i prikazana je samo prilikom kreiranja događaja - Dodan recurring objekt (FE only) u formu sa propovima: enabled, days, weeks i eventCount za čuvanje stanja, handleanje grešaka i validaciju - Dodana validacija i postavljen limit na maksimalno kreiranje od 30 događaja (ako je malo vičite, promijenit ćemo) - Ako je događaj recurring, u EventForm šibamo await handleSubmit u for petlju za broj datuma - Zbog strukture api hooka, toastevi su prebačeni u EventForm, kao i handleanje grešaka Vidite i javite šta mislite o cjelokupnoj strukturi, naravno ovo nije idealno rješenje. U budućnosti možemo složiti poseban endpoint i novi hook za bulk kreiranje pa da šaljemo niz događaja na BE.",1221,14714003 FE: Vezani/ponavljajući događaji
2.4897222222222224,0.10373842592592593,627,3013547228,closed,True,False,2025-11-15T14:15:00Z,2025-11-15T16:44:23Z,2025-11-15T16:44:23Z,2025-11-15T16:44:25Z,,2025-11-15T14:15:00+00:00,[user_3],3,[user_3],2,[user_2]|[user],19,3,2,1,22,0,0,1,1,0,0,0,2025-11-15T15:31:45+00:00,2025-11-15T15:31:45+00:00,1.2791666666666666,1.2791666666666666,7,1,0,2,14744044 FE: Široke tablice,27,885,TypeScript,850,"Popravljen truncate u TableCell komponenti, dodan custom css za truncate ćelija.",80,True,False,False,False,False,True,,14744044 FE: Široke tablice,2,0,True,False,False,False,False,True,"# Description

Popravljen truncate u TableCell komponenti, dodan custom css za truncate ćelija.",95,"Popravljen truncate u TableCell komponenti, dodan custom css za truncate ćelija.",80,14744044 FE: Široke tablice
2.2291666666666665,0.09288194444444443,628,3013561335,closed,True,False,2025-11-15T14:32:15Z,2025-11-15T16:46:00Z,2025-11-15T16:46:00Z,2025-11-15T16:46:01Z,,2025-11-15T14:32:15+00:00,[user_3],3,[user_3],2,[user_2]|[user],4,0,1,1,4,0,0,1,1,0,0,0,2025-11-15T15:34:41+00:00,2025-11-15T15:34:41+00:00,1.0405555555555555,1.0405555555555555,7,1,0,2,14744189 FE: Centrirati login box vertikalno,44,745,TypeScript,712,Dodana puna visina na root element da bi login box bio centriran.,65,False,False,False,True,False,True,,14744189 FE: Centrirati login box vertikalno,1,0,False,False,False,True,False,True,"# Description

Dodana puna visina na root element da bi login box bio centriran.",80,Dodana puna visina na root element da bi login box bio centriran.,65,14744189 FE: Centrirati login box vertikalno
2.0594444444444444,0.08581018518518518,629,3013573023,closed,True,False,2025-11-15T14:42:49Z,2025-11-15T16:46:23Z,2025-11-15T16:46:23Z,2025-11-15T16:46:25Z,,2025-11-15T14:42:49+00:00,[user_3],3,[user_3],2,[user_2]|[user],12,7,7,1,19,0,0,1,1,0,0,0,2025-11-15T15:38:38+00:00,2025-11-15T15:38:38+00:00,0.9302777777777778,0.9302777777777778,7,1,0,2,"14744169 FE: Širina gumba ""Dodaj""",33,608,TypeScript,579,"Normalizirana širina gumbova ""Dodaj"" zamotavanjem teksta u span element.",72,True,False,False,False,False,True,,"14744169 FE: Širina gumba ""Dodaj""",0,0,True,False,False,False,False,True,"# Description

Normalizirana širina gumbova ""Dodaj"" zamotavanjem teksta u span element.",87,"Normalizirana širina gumbova ""Dodaj"" zamotavanjem teksta u span element.",72,"14744169 FE: Širina gumba ""Dodaj"""
139.78805555555556,5.824502314814815,630,3013687420,closed,True,False,2025-11-15T16:40:57Z,2025-11-21T12:28:14Z,2025-11-21T12:28:14Z,2025-11-21T12:28:16Z,,2025-11-15T16:40:57+00:00,[user_3],3,[user_3],2,[user_2]|[user],58,6,3,5,64,0,2,2,1,1,0,0,2025-11-17T12:05:09+00:00,2025-11-21T10:32:41+00:00,43.403333333333336,137.86222222222221,13,5,0,3,14740878 FE: Ažuriranje User forme,34,1208,TypeScript,1170,"Ažurirana User (Employee) forma na temelju zahtjeva. Napravljene su sljedeće promjene: - Dodan checkbox ""Odgovorna osoba"" - Na temelju checkboxa prilagođena logika za polja email i password što se tiče opcionalnosti - Ako je ""Odgovorna osoba"" checkbox uključen, prikazuje se opcionalno polje ""Kontakt broj"" Nešto mi je padala validacija za email kad bih kreirao odgovornu osobu, međutim u međuvremenu je nekako proradilo, možda se packages nije osvježio, svakako testirajte.",474,False,True,False,False,False,True,,14740878 FE: Ažuriranje User forme,1,0,False,True,False,False,False,True,"# Description

Ažurirana User (Employee) forma na temelju zahtjeva. Napravljene su sljedeće promjene:
- Dodan checkbox ""Odgovorna osoba""
- Na temelju checkboxa prilagođena logika za polja email i password što se tiče opcionalnosti
- Ako je ""Odgovorna osoba"" checkbox uključen, prikazuje se opcionalno polje ""Kontakt broj""

Nešto mi je padala validacija za email kad bih kreirao odgovornu osobu, međutim u međuvremenu je nekako proradilo, možda se packages nije osvježio, svakako testirajte.",490,"Ažurirana User (Employee) forma na temelju zahtjeva. Napravljene su sljedeće promjene: - Dodan checkbox ""Odgovorna osoba"" - Na temelju checkboxa prilagođena logika za polja email i password što se tiče opcionalnosti - Ako je ""Odgovorna osoba"" checkbox uključen, prikazuje se opcionalno polje ""Kontakt broj"" Nešto mi je padala validacija za email kad bih kreirao odgovornu osobu, međutim u međuvremenu je nekako proradilo, možda se packages nije osvježio, svakako testirajte.",474,14740878 FE: Ažuriranje User forme
95.95166666666667,3.997986111111111,631,3016792826,closed,True,False,2025-11-17T09:40:57Z,2025-11-21T09:38:03Z,2025-11-21T09:38:03Z,2025-11-21T09:38:05Z,,2025-11-17T09:40:57+00:00,[user_2],2,[user_2],2,[user]|[user_3],23,7,2,2,30,0,0,1,1,0,0,0,2025-11-19T12:41:19+00:00,2025-11-19T12:41:19+00:00,51.00611111111111,51.00611111111111,8,2,0,2,14801053 FS: Status nepoznato validacija,40,669,TypeScript,640,dopusti event status Nepoznato za događaje kreiranje prije 1.lipnja 2025.,73,True,False,False,False,True,True,,14801053 FS: Status nepoznato validacija,0,0,True,False,False,False,True,True,"# Description

dopusti event status Nepoznato za događaje kreiranje prije 1.lipnja 2025.",88,dopusti event status Nepoznato za događaje kreiranje prije 1.lipnja 2025.,73,14801053 FS: Status nepoznato validacija
1.1558333333333333,0.04815972222222222,632,3017369361,closed,True,False,2025-11-17T12:47:26Z,2025-11-17T13:56:47Z,2025-11-17T13:56:47Z,2025-11-17T13:56:48Z,,2025-11-17T12:47:26+00:00,[user_2],2,[user_3],2,[user]|[user_3],12,1,1,1,13,0,0,1,1,0,0,0,2025-11-17T13:48:56+00:00,2025-11-17T13:48:56+00:00,1.025,1.025,7,1,0,2,14805449 BE: Bulk create event,30,821,TypeScript,791,"prosiren post event endpoint da omogucimo i bulk kreiranje dogadaja ovo je brzinsko rjesenje da se samo pozove obicni create vise puta, ako bude trebalo mozemo napravit i bas createMany servis koji ce u jednom requestu na bazu kreirati sve dogadaje.",249,False,True,False,False,True,False,,14805449 BE: Bulk create event,0,0,False,True,False,False,True,False,"# Description

prosiren post event endpoint da omogucimo i bulk kreiranje dogadaja
ovo je brzinsko rjesenje da se samo pozove obicni create vise puta, ako bude trebalo mozemo napravit i bas createMany servis koji ce u jednom requestu na bazu kreirati sve dogadaje.",264,"prosiren post event endpoint da omogucimo i bulk kreiranje dogadaja ovo je brzinsko rjesenje da se samo pozove obicni create vise puta, ako bude trebalo mozemo napravit i bas createMany servis koji ce u jednom requestu na bazu kreirati sve dogadaje.",249,14805449 BE: Bulk create event
91.02333333333333,3.7926388888888884,633,3017736204,closed,True,False,2025-11-17T14:37:41Z,2025-11-21T09:39:05Z,2025-11-21T09:39:05Z,2025-11-21T09:39:07Z,,2025-11-17T14:37:41+00:00,[user_2],2,[user_2],1,[user_3],0,172,7,1,172,0,0,1,1,0,0,0,2025-11-19T12:42:02+00:00,2025-11-19T12:42:02+00:00,46.0725,46.0725,5,1,0,0,14807758 FS: Client module,26,628,TypeScript,596,obrisano: - client module - useFetchClients hook - CLIENTS u apiRoutes,70,False,False,False,True,True,True,,14807758 FS: Client module,0,0,False,False,False,True,True,True,"# Description

obrisano:
- client module
- useFetchClients hook
- CLIENTS u apiRoutes",85,obrisano: - client module - useFetchClients hook - CLIENTS u apiRoutes,70,14807758 FS: Client module
90.91638888888889,3.7881828703703704,634,3017765046,closed,True,False,2025-11-17T14:44:29Z,2025-11-21T09:39:28Z,2025-11-21T09:39:28Z,2025-11-21T09:39:30Z,,2025-11-17T14:44:29+00:00,[user_2],2,[user_2],2,[user]|[user_3],11,59,10,1,70,0,0,1,1,0,0,0,2025-11-19T20:00:58+00:00,2025-11-19T20:00:58+00:00,53.27472222222222,53.27472222222222,7,1,0,2,14807760 BE: Notification forwardRef,36,611,TypeScript,582,obrisani forwardRefovi na notification module tamo di ne triba,62,False,False,False,True,True,False,,14807760 BE: Notification forwardRef,0,0,False,False,False,True,True,False,"# Description

obrisani forwardRefovi na notification module tamo di ne triba",77,obrisani forwardRefovi na notification module tamo di ne triba,62,14807760 BE: Notification forwardRef
0.37416666666666665,0.015590277777777778,635,3017793984,closed,False,False,2025-11-17T14:52:20Z,2025-11-17T15:14:47Z,,2025-11-17T15:14:51Z,,2025-11-17T14:52:20+00:00,[user_2],2,,2,[user]|[user_3],69,136,9,2,205,0,0,1,1,0,0,0,2025-11-17T15:10:15+00:00,2025-11-17T15:10:15+00:00,0.2986111111111111,0.2986111111111111,7,2,0,2,14807764 BE: Event controller prefix,36,629,TypeScript,600,dodan prefix u event controlleru da se ne ponavlja /events na svakom endpointu,78,False,False,False,True,True,False,,14807764 BE: Event controller prefix,0,0,False,False,False,True,True,False,"# Description

dodan prefix u event controlleru da se ne ponavlja /events na svakom endpointu",93,dodan prefix u event controlleru da se ne ponavlja /events na svakom endpointu,78,14807764 BE: Event controller prefix
91.27527777777777,3.803136574074074,636,3017881925,closed,True,False,2025-11-17T15:16:53Z,2025-11-21T10:33:24Z,2025-11-21T10:33:24Z,2025-11-21T10:33:25Z,,2025-11-17T15:16:53+00:00,[user_2],2,[user_2],2,[user]|[user_3],60,127,9,3,187,0,1,1,1,0,0,0,2025-11-19T20:05:19+00:00,2025-11-19T20:05:19+00:00,52.80722222222222,52.80722222222222,9,3,0,2,14807766 BE: Locations module,29,628,TypeScript,598,obrisan location module i prebaceno sve u event module alignan endpoint na FE,77,False,False,False,True,True,True,,14807766 BE: Locations module,0,0,False,False,False,True,True,True,"# Description

obrisan location module i prebaceno sve u event module
alignan endpoint na FE",92,obrisan location module i prebaceno sve u event module alignan endpoint na FE,77,14807766 BE: Locations module
0.11027777777777778,0.004594907407407408,637,3017892239,closed,True,False,2025-11-17T15:19:34Z,2025-11-17T15:26:11Z,2025-11-17T15:26:11Z,2025-11-17T15:26:13Z,,2025-11-17T15:19:34+00:00,[user_2],2,[user_2],0,,10,10,1,1,20,0,0,0,0,0,0,0,,,,,4,1,0,0,14807764 BE: Event controller prefix,36,625,TypeScript,596,dodan prefix u event controlleru da ne ponavljamo /events za svaki endpoint,75,True,False,False,False,True,False,,14807764 BE: Event controller prefix,0,0,True,False,False,False,True,False,"# Description

dodan prefix u event controlleru da ne ponavljamo /events za svaki endpoint",90,dodan prefix u event controlleru da ne ponavljamo /events za svaki endpoint,75,14807764 BE: Event controller prefix
53.41916666666667,2.225798611111111,638,3029336126,closed,True,False,2025-11-20T10:44:56Z,2025-11-22T16:10:05Z,2025-11-22T16:10:05Z,2025-11-22T16:10:07Z,2025-11-20T10:54:34Z,2025-11-20T10:44:56+00:00,[user_3],3,[user_3],3,[user_2]|[user]|[user_3],175,45,2,8,220,0,8,4,1,3,0,0,2025-11-21T10:57:10+00:00,2025-11-22T12:01:03+00:00,24.20388888888889,49.26861111111111,16,8,0,2,14744200 FE: Ažurirati MvpOfferContent komponentu,49,1133,TypeScript,1093,Ažurirana MvpOfferContent komponenta na temelju privitka u zadatku. Napravljene su sljedeće izmjene: - Dodana select polja za vrstu i skupinu - Korigiranje col-ova da bude preglednije - Handleana logika da usluge nemaju skupine - Filtriranje popisa proizvoda na temelju vrste i skupine - Čišćenje komponente i korigiranje tipova - Ažuriranje validatora,352,False,False,True,False,False,True,,14744200 FE: Ažurirati MvpOfferContent komponentu,1,0,False,False,True,False,False,True,"# Description

Ažurirana MvpOfferContent komponenta na temelju privitka u zadatku. Napravljene su sljedeće izmjene:
- Dodana select polja za vrstu i skupinu
- Korigiranje col-ova da bude preglednije
- Handleana logika da usluge nemaju skupine
- Filtriranje popisa proizvoda na temelju vrste i skupine
- Čišćenje komponente i korigiranje tipova
- Ažuriranje validatora",367,Ažurirana MvpOfferContent komponenta na temelju privitka u zadatku. Napravljene su sljedeće izmjene: - Dodana select polja za vrstu i skupinu - Korigiranje col-ova da bude preglednije - Handleana logika da usluge nemaju skupine - Filtriranje popisa proizvoda na temelju vrste i skupine - Čišćenje komponente i korigiranje tipova - Ažuriranje validatora,352,14744200 FE: Ažurirati MvpOfferContent komponentu
0.1475,0.006145833333333333,639,3029410349,closed,True,False,2025-11-20T11:05:15Z,2025-11-20T11:14:06Z,2025-11-20T11:14:06Z,2025-11-20T11:14:08Z,,2025-11-20T11:05:15+00:00,[user_3],3,[user_3],1,[user],4,3,1,1,7,0,0,0,0,0,0,0,,,,,5,1,0,1,14829494 FE: Ažurirati ikonice u navigaciji,43,646,TypeScript,617,Ažurirane ikonice u navigaciji za klijente i usluge (IconAddressBook i IconCategory),84,False,False,True,False,False,True,,14829494 FE: Ažurirati ikonice u navigaciji,0,0,False,False,True,False,False,True,"# Description

Ažurirane ikonice u navigaciji za klijente i usluge (IconAddressBook i IconCategory)",99,Ažurirane ikonice u navigaciji za klijente i usluge (IconAddressBook i IconCategory),84,14829494 FE: Ažurirati ikonice u navigaciji
24.165277777777778,1.006886574074074,640,3029458856,closed,True,False,2025-11-20T11:19:32Z,2025-11-21T11:29:27Z,2025-11-21T11:29:27Z,2025-11-21T11:29:29Z,,2025-11-20T11:19:32+00:00,[user_3],3,[user_3],2,[user_2]|[user],5,0,1,1,5,0,0,1,1,0,0,0,2025-11-21T10:59:28+00:00,2025-11-21T10:59:28+00:00,23.665555555555557,23.665555555555557,6,1,0,1,"14829591 FE: Dodati disclaimer na ekran ""Ponude""",48,715,TypeScript,682,"Dodan disclaimer na stranicu ""Ponude""",37,False,False,True,False,False,True,,"14829591 FE: Dodati disclaimer na ekran ""Ponude""",1,0,False,False,True,False,False,True,"# Description

Dodan disclaimer na stranicu ""Ponude""",52,"Dodan disclaimer na stranicu ""Ponude""",37,"14829591 FE: Dodati disclaimer na ekran ""Ponude"""
0.10333333333333333,0.0043055555555555555,641,3029473932,closed,True,False,2025-11-20T11:24:02Z,2025-11-20T11:30:14Z,2025-11-20T11:30:14Z,2025-11-20T11:30:16Z,,2025-11-20T11:24:02+00:00,[user_3],3,[user_3],1,[user],2,2,1,1,4,0,0,0,0,0,0,0,,,,,5,1,0,1,14829857 FE: Prazno ime i prezime kod klijent tablice,53,632,TypeScript,603,Dodana crtica prilikom praznog polja imena i prezimena u tablici klijenata,74,True,False,False,False,False,True,,14829857 FE: Prazno ime i prezime kod klijent tablice,0,0,True,False,False,False,False,True,"# Description

Dodana crtica prilikom praznog polja imena i prezimena u tablici klijenata",89,Dodana crtica prilikom praznog polja imena i prezimena u tablici klijenata,74,14829857 FE: Prazno ime i prezime kod klijent tablice
0.32555555555555554,0.013564814814814814,642,3029736237,closed,True,False,2025-11-20T12:39:42Z,2025-11-20T12:59:14Z,2025-11-20T12:59:14Z,2025-11-20T12:59:16Z,,2025-11-20T12:39:42+00:00,[user_3],3,[user_3],2,[user_2]|[user],18,11,5,1,29,0,0,0,0,0,0,0,,,,,6,1,0,2,14830013 FE: Ne koristimo isti dash za prazne podatke,53,618,TypeScript,589,"Normaliziran dash, dodana EMTPY_DASH konstanta u constants/ui.ts",64,False,False,False,True,False,True,,14830013 FE: Ne koristimo isti dash za prazne podatke,0,0,False,False,False,True,False,True,"# Description

Normaliziran dash, dodana EMTPY_DASH konstanta u constants/ui.ts",79,"Normaliziran dash, dodana EMTPY_DASH konstanta u constants/ui.ts",64,14830013 FE: Ne koristimo isti dash za prazne podatke
22.53361111111111,0.9389004629629629,643,3029799097,closed,True,False,2025-11-20T12:58:05Z,2025-11-21T11:30:06Z,2025-11-21T11:30:06Z,2025-11-21T11:30:07Z,2025-11-20T13:01:41Z,2025-11-20T12:58:05+00:00,[user_3],3,[user_3],2,[user_2]|[user],81,12,7,2,93,0,0,1,1,0,0,0,2025-11-21T11:04:12+00:00,2025-11-21T11:04:12+00:00,22.101944444444445,22.101944444444445,9,2,0,2,14830098 FE: Dodati lijevi obrub na tablicu događaja u boji badgea statusa,74,1127,TypeScript,1092,"Pošto imamo reusable Table i TableRow komponente, nije mi imalo smisla samo ""zviznuti"" status preko propsa u TableRow i to je to. Umjesto toga sam pročitao vrijesnost statusa preko stupca ""Status"" i Badge komponente. TypeScript se naravno bunio pa sam napravio type safe provjere čisto da ne dodajemo eslint error komentare. Edit: slučajno mi je osta diff od PR-a za dash, pa samo zanemarite te fajlove da ne radim novi PR",422,False,False,True,False,False,True,,14830098 FE: Dodati lijevi obrub na tablicu događaja u boji badgea statusa,1,0,False,False,True,False,False,True,"# Description

Pošto imamo reusable Table i TableRow komponente, nije mi imalo smisla samo ""zviznuti"" status preko propsa u TableRow i to je to. Umjesto toga sam pročitao vrijesnost statusa preko stupca ""Status"" i Badge komponente. TypeScript se naravno bunio pa sam napravio type safe provjere čisto da ne dodajemo eslint error komentare.

Edit: slučajno mi je osta diff od PR-a za dash, pa samo zanemarite te fajlove da ne radim novi PR",438,"Pošto imamo reusable Table i TableRow komponente, nije mi imalo smisla samo ""zviznuti"" status preko propsa u TableRow i to je to. Umjesto toga sam pročitao vrijesnost statusa preko stupca ""Status"" i Badge komponente. TypeScript se naravno bunio pa sam napravio type safe provjere čisto da ne dodajemo eslint error komentare. Edit: slučajno mi je osta diff od PR-a za dash, pa samo zanemarite te fajlove da ne radim novi PR",422,14830098 FE: Dodati lijevi obrub na tablicu događaja u boji badgea statusa
21.055,0.8772916666666667,644,3030158971,closed,True,False,2025-11-20T14:38:47Z,2025-11-21T11:42:05Z,2025-11-21T11:42:05Z,2025-11-21T11:42:06Z,,2025-11-20T14:38:47+00:00,[user_3],3,[user_3],2,[user_2]|[user],23,16,3,2,39,0,1,1,1,0,0,0,2025-11-21T11:17:07+00:00,2025-11-21T11:17:07+00:00,20.63888888888889,20.63888888888889,8,2,0,2,14761252 FE: Maknut nepotreban fetch usluga u event tablici,59,732,TypeScript,703,"Uklonjena logika dohvata usluga i iteriranja kroz događaje, umjesto toga ubačen event.service.name, prilagođena invalidacija cache-a.",133,False,False,False,True,False,True,,14761252 FE: Maknut nepotreban fetch usluga u event tablici,0,0,False,False,False,True,False,True,"# Description

Uklonjena logika dohvata usluga i iteriranja kroz događaje, umjesto toga ubačen event.service.name, prilagođena invalidacija cache-a.",148,"Uklonjena logika dohvata usluga i iteriranja kroz događaje, umjesto toga ubačen event.service.name, prilagođena invalidacija cache-a.",133,14761252 FE: Maknut nepotreban fetch usluga u event tablici
0.8280555555555555,0.03450231481481481,645,3033313004,closed,True,False,2025-11-21T10:48:43Z,2025-11-21T11:38:24Z,2025-11-21T11:38:24Z,2025-11-21T11:38:25Z,,2025-11-21T10:48:43+00:00,[user_3],3,[user_3],2,[user_2]|[user],1,0,1,1,1,0,0,1,1,0,0,0,2025-11-21T11:22:56+00:00,2025-11-21T11:22:56+00:00,0.5702777777777778,0.5702777777777778,7,1,0,2,14867802 FE: Izbrisan event strikethrough text,46,593,TypeScript,564,Popravljen strikethrough text style za izbrisan događaj,55,True,False,False,False,False,True,,14867802 FE: Izbrisan event strikethrough text,0,0,True,False,False,False,False,True,"# Description

Popravljen strikethrough text style za izbrisan događaj",70,Popravljen strikethrough text style za izbrisan događaj,55,14867802 FE: Izbrisan event strikethrough text
0.11333333333333333,0.004722222222222222,646,3033408025,closed,True,False,2025-11-21T11:21:45Z,2025-11-21T11:28:33Z,2025-11-21T11:28:33Z,2025-11-21T11:28:35Z,,2025-11-21T11:21:45+00:00,[user_2],2,[user_2],0,,2,0,1,1,2,0,0,0,0,0,0,0,,,,,4,1,0,0,14882269 BE: Event service cache,32,673,TypeScript,644,Invalidiran event cache na kreiranju/azuriranju servisa jer dohvacamo povezani servis kroz event.,97,True,False,False,False,True,False,,14882269 BE: Event service cache,0,0,True,False,False,False,True,False,"# Description

Invalidiran event cache na kreiranju/azuriranju servisa jer dohvacamo povezani servis kroz event.",112,Invalidiran event cache na kreiranju/azuriranju servisa jer dohvacamo povezani servis kroz event.,97,14882269 BE: Event service cache
21.02861111111111,0.8761921296296297,647,3034010749,closed,True,False,2025-11-21T14:42:41Z,2025-11-22T11:44:24Z,2025-11-22T11:44:24Z,2025-11-22T11:44:26Z,,2025-11-21T14:42:41+00:00,[user_2],2,[user_2],2,[user]|[user_3],30,11,8,2,41,0,0,1,1,0,0,0,2025-11-22T10:43:09+00:00,2025-11-22T10:43:09+00:00,20.00777777777778,20.00777777777778,8,2,0,2,14829170 BE: Polje 'Naziv' ponude,33,923,TypeScript,891,"dodano polje ""name"" u Offer tablicu dodana migracijska skripta gdje sve ponude dobijaju defaultno ime prema IDu: npr. ID: efjeu3i90 -> name: EFJ-EU3 usput pociscena logika na offer formi u inicijalne vrijednosti ponuda dodano ime: (prazno), ovo ce se maknit sa FE PR-om, ovo je samo da se s ovim PRom ne skrsi kreiranje novih ponuda dok nemamo jos na FE to polje",362,False,True,False,False,True,True,,14829170 BE: Polje 'Naziv' ponude,0,0,False,True,False,False,True,True,"# Description

dodano polje ""name"" u Offer tablicu
dodana migracijska skripta gdje sve ponude dobijaju defaultno ime prema IDu: npr. ID: efjeu3i90 -> name: EFJ-EU3
usput pociscena logika na offer formi
u inicijalne vrijednosti ponuda dodano ime: (prazno), ovo ce se maknit sa FE PR-om, ovo je samo da se s ovim PRom ne skrsi kreiranje novih ponuda dok nemamo jos na FE to polje",377,"dodano polje ""name"" u Offer tablicu dodana migracijska skripta gdje sve ponude dobijaju defaultno ime prema IDu: npr. ID: efjeu3i90 -> name: EFJ-EU3 usput pociscena logika na offer formi u inicijalne vrijednosti ponuda dodano ime: (prazno), ovo ce se maknit sa FE PR-om, ovo je samo da se s ovim PRom ne skrsi kreiranje novih ponuda dok nemamo jos na FE to polje",362,14829170 BE: Polje 'Naziv' ponude
5.125277777777778,0.21355324074074075,648,3036304072,closed,True,False,2025-11-22T11:10:50Z,2025-11-22T16:18:21Z,2025-11-22T16:18:21Z,2025-11-22T16:18:23Z,,2025-11-22T11:10:50+00:00,[user_3],3,[user_3],3,[user_2]|[user]|[user_3],30,20,6,4,50,0,2,2,1,1,0,0,2025-11-22T12:05:47+00:00,2025-11-22T12:09:09+00:00,0.9158333333333334,0.9719444444444445,11,4,0,2,14740900 FE: Ažuriranje useFetchUsers,37,767,TypeScript,738,Ažuriran useFetchUsers hook tako da može primiti isAssignee param i sukladno tome ga slati na BE da nam vrati usere koji su isAssignee. Počišen hook prebacivanjem logike u Router.,179,False,False,True,True,False,True,,14740900 FE: Ažuriranje useFetchUsers,0,0,False,False,True,True,False,True,"# Description

Ažuriran useFetchUsers hook tako da može primiti isAssignee param i sukladno tome ga slati na BE da nam vrati usere koji su isAssignee. Počišen hook prebacivanjem logike u Router.",194,Ažuriran useFetchUsers hook tako da može primiti isAssignee param i sukladno tome ga slati na BE da nam vrati usere koji su isAssignee. Počišen hook prebacivanjem logike u Router.,179,14740900 FE: Ažuriranje useFetchUsers
44.64055555555556,1.8600231481481482,649,3036393567,closed,True,False,2025-11-22T13:01:01Z,2025-11-24T09:39:27Z,2025-11-24T09:39:27Z,2025-11-24T09:39:30Z,2025-11-22T13:07:31Z,2025-11-22T13:01:01+00:00,[user_3],3,[user_3],2,[user_2]|[user],35,0,2,4,35,0,0,1,1,0,0,0,2025-11-24T07:48:16+00:00,2025-11-24T07:48:16+00:00,42.7875,42.7875,13,4,0,2,14741016 FE: Ažuriranje event forme,35,728,TypeScript,699,"Ažurirana forma događaja, dodano polje ""Odgovorna osoba"". Prilagođen kod, dohvat odgovornih osoba, (naletio sam na bug na BE pa trenutno ne radi editiranje na inicijalnu vrijednost).",182,False,True,False,False,False,True,,14741016 FE: Ažuriranje event forme,0,0,False,True,False,False,False,True,"# Description

Ažurirana forma događaja, dodano polje ""Odgovorna osoba"". Prilagođen kod, dohvat odgovornih osoba, (naletio sam na bug na BE pa trenutno ne radi editiranje na inicijalnu vrijednost).",197,"Ažurirana forma događaja, dodano polje ""Odgovorna osoba"". Prilagođen kod, dohvat odgovornih osoba, (naletio sam na bug na BE pa trenutno ne radi editiranje na inicijalnu vrijednost).",182,14741016 FE: Ažuriranje event forme
44.283611111111114,1.8451504629629631,650,3036422617,closed,True,False,2025-11-22T13:38:07Z,2025-11-24T09:55:08Z,2025-11-24T09:55:08Z,2025-11-24T09:55:11Z,,2025-11-22T13:38:07+00:00,[user_3],3,[user_3],2,[user_2]|[user],22,7,4,5,29,0,0,1,1,0,0,0,2025-11-24T07:51:22+00:00,2025-11-24T07:51:22+00:00,42.22083333333333,42.22083333333333,12,5,0,2,14741101 FE: Kontakt odgovorne osobe,36,1167,TypeScript,1130,"Dodan kontakt broj ispod odgovorne osobe, uređeno formatiranje brojeva, prikazano (prazno) ako odgovorna osoba nije odabrana.",125,False,True,False,False,False,True,,14741101 FE: Kontakt odgovorne osobe,3,0,False,True,False,False,False,True,"# Description

Dodan kontakt broj ispod odgovorne osobe, uređeno formatiranje brojeva, prikazano (prazno) ako odgovorna osoba nije odabrana.",140,"Dodan kontakt broj ispod odgovorne osobe, uređeno formatiranje brojeva, prikazano (prazno) ako odgovorna osoba nije odabrana.",125,14741101 FE: Kontakt odgovorne osobe
42.44611111111111,1.7685879629629628,651,3036508870,closed,True,False,2025-11-22T15:43:55Z,2025-11-24T10:10:41Z,2025-11-24T10:10:41Z,2025-11-24T10:10:43Z,,2025-11-22T15:43:55+00:00,[user_3],3,[user_3],2,[user_2]|[user],81,3,1,8,84,0,0,1,1,0,0,0,2025-11-24T08:02:29+00:00,2025-11-24T08:02:29+00:00,40.309444444444445,40.309444444444445,15,8,0,2,14741010 FE: Biranje odgovorne osobe u tablici,46,1093,TypeScript,1060,"Dodana ćelija ""Odgovorna osoba"" na temelju permisija. Ako korisnik ima permisiju, može birati odgvornu osobu, ako ne prikaže se samo read only polje s trenutnom vrijednosti. Razmišlja sam kako najčišće ovo izhandleat, nisam radia nikakav wrapper hook već sam iskoristia PATCH na useUpdateEvent. Proslijedia sam callback za update iz EventsTable komponente do helper funkcija pa javite mišljenje i štima li sve.",410,False,True,False,False,False,True,,14741010 FE: Biranje odgovorne osobe u tablici,1,0,False,True,False,False,False,True,"# Description

Dodana ćelija ""Odgovorna osoba"" na temelju permisija. Ako korisnik ima permisiju, može birati odgvornu osobu, ako ne prikaže se samo read only polje s trenutnom vrijednosti. Razmišlja sam kako najčišće ovo izhandleat, nisam radia nikakav wrapper hook već sam iskoristia PATCH na useUpdateEvent. Proslijedia sam callback za update iz EventsTable komponente do helper funkcija pa javite mišljenje i štima li sve.",425,"Dodana ćelija ""Odgovorna osoba"" na temelju permisija. Ako korisnik ima permisiju, može birati odgvornu osobu, ako ne prikaže se samo read only polje s trenutnom vrijednosti. Razmišlja sam kako najčišće ovo izhandleat, nisam radia nikakav wrapper hook već sam iskoristia PATCH na useUpdateEvent. Proslijedia sam callback za update iz EventsTable komponente do helper funkcija pa javite mišljenje i štima li sve.",410,14741010 FE: Biranje odgovorne osobe u tablici
0.14305555555555555,0.005960648148148148,652,3036538803,closed,True,False,2025-11-22T16:21:39Z,2025-11-22T16:30:14Z,2025-11-22T16:30:14Z,2025-11-22T16:30:16Z,,2025-11-22T16:21:39+00:00,[user_3],3,[user_3],0,,15,9,4,1,24,0,0,0,0,0,0,0,,,,,4,1,0,0,Quickfix: Empty dashes,22,567,TypeScript,284,Dodan EMPTY_DASH varijable gdje je potrebno.,44,True,False,False,False,False,False,TASK_ID,Quickfix: Empty dashes,0,0,True,False,False,False,False,False,"# Description

Dodan EMPTY_DASH varijable gdje je potrebno.",59,Dodan EMPTY_DASH varijable gdje je potrebno.,44,Quickfix: Empty dashes
196.07194444444445,8.169664351851852,653,3039407357,closed,True,False,2025-11-24T10:36:46Z,2025-12-02T14:41:06Z,2025-12-02T14:41:05Z,2025-12-02T14:41:09Z,2025-11-24T15:49:20Z,2025-11-24T10:36:46+00:00,[user_2],2,[user_2],3,[user_2]|[user]|[user_3],983,1726,61,20,2709,9,4,5,1,4,0,0,2025-11-25T16:03:50+00:00,2025-12-02T14:31:58+00:00,29.45111111111111,195.92,42,20,9,4,14831895 FS: Kontakt je klijent,31,1426,TypeScript,1388,"previse promjena da bi ih popisa al evo povrsinski glavne: promjenjena logika kontakata/klijenata sukladno tasku: - polja ime, prezime, mail i kontakt klijenta su sada iskljucivo u Kontakti dijelu i definiraju samog klijenta zajedno sa poljima tip klijenta, ime tvrtke i porezni broj tvrtke (oni su na razini eventa ali opisuju sve klijente navedene pod ""Kontakti"") - prilikom kreiranja eventa radi se upsert klijenata da minimiziramo duplikate ali kreiramo nove klijente za svaki novi tip klijenta ili oib firme (npr. 3 eventa: 1. privatna osoba ivo.ivic@unist.hr 2. pravna osoba ivo.ivic@unist.hr, firma A, OIB: 11111111111, 3. pravna osoba ivo.ivic@unist.hr, firma B, OIB: 22222222222 rezultirati ce sa 3 klijenta Ivo Ivić sa razlicitim tipom, oibom, ovo cemo kasnije ako bude potrebe lako ujediniti nekom skriptom) - obrisani ""Kontakti"" u formi klijenta",857,False,False,False,True,True,True,,14831895 FS: Kontakt je klijent,0,0,False,False,False,True,True,True,"# Description

previse promjena da bi ih popisa al evo povrsinski glavne:

promjenjena logika kontakata/klijenata sukladno tasku:
- polja ime, prezime, mail i kontakt klijenta su sada iskljucivo u Kontakti dijelu i definiraju samog klijenta zajedno sa poljima tip klijenta, ime tvrtke i porezni broj tvrtke (oni su na razini eventa ali opisuju sve klijente navedene pod ""Kontakti"")
- prilikom kreiranja eventa radi se upsert klijenata da minimiziramo duplikate ali kreiramo nove klijente za svaki novi tip klijenta ili oib firme (npr. 3 eventa: 
1. privatna osoba ivo.ivic@unist.hr
2. pravna osoba ivo.ivic@unist.hr, firma A, OIB: 11111111111,
3. pravna osoba ivo.ivic@unist.hr, firma B, OIB: 22222222222
rezultirati ce sa 3 klijenta Ivo Ivić sa razlicitim tipom, oibom, ovo cemo kasnije ako bude potrebe lako ujediniti nekom skriptom)
- obrisani ""Kontakti"" u formi klijenta",874,"previse promjena da bi ih popisa al evo povrsinski glavne: promjenjena logika kontakata/klijenata sukladno tasku: - polja ime, prezime, mail i kontakt klijenta su sada iskljucivo u Kontakti dijelu i definiraju samog klijenta zajedno sa poljima tip klijenta, ime tvrtke i porezni broj tvrtke (oni su na razini eventa ali opisuju sve klijente navedene pod ""Kontakti"") - prilikom kreiranja eventa radi se upsert klijenata da minimiziramo duplikate ali kreiramo nove klijente za svaki novi tip klijenta ili oib firme (npr. 3 eventa: 1. privatna osoba ivo.ivic@unist.hr 2. pravna osoba ivo.ivic@unist.hr, firma A, OIB: 11111111111, 3. pravna osoba ivo.ivic@unist.hr, firma B, OIB: 22222222222 rezultirati ce sa 3 klijenta Ivo Ivić sa razlicitim tipom, oibom, ovo cemo kasnije ako bude potrebe lako ujediniti nekom skriptom) - obrisani ""Kontakti"" u formi klijenta",857,14831895 FS: Kontakt je klijent
381.80944444444447,15.908726851851853,654,3045262074,closed,True,False,2025-11-25T22:44:39Z,2025-12-11T20:33:14Z,2025-12-11T20:33:13Z,2025-12-11T20:33:16Z,2025-12-09T14:16:14Z,2025-11-25T22:44:39+00:00,[user],[user_id],[user_3],3,[user_2]|[user]|[user_3],52,30,11,3,82,1,4,5,2,3,0,0,2025-11-25T22:46:39+00:00,2025-11-28T12:51:54+00:00,0.03333333333333333,62.12083333333333,19,3,1,4,chore: added client badge,25,753,TypeScript,515,https://drive.google.com/file/d/1eKSZ1P0HuhwaTJRXFCxCgf1FrXKjbKWN/view?usp=sharing,82,True,False,False,False,False,False,14829903,chore: added client badge,1,0,True,False,False,False,False,False,"# Description

https://drive.google.com/file/d/1eKSZ1P0HuhwaTJRXFCxCgf1FrXKjbKWN/view?usp=sharing",97,https://drive.google.com/file/d/1eKSZ1P0HuhwaTJRXFCxCgf1FrXKjbKWN/view?usp=sharing,82,chore: added client badge
117.9186111111111,4.913275462962963,655,3047237523,closed,True,False,2025-11-26T11:33:51Z,2025-12-01T09:28:58Z,2025-12-01T09:28:58Z,2025-12-01T09:29:00Z,2025-11-26T11:45:23Z,2025-11-26T11:33:51+00:00,[user_3],3,[user_3],3,[user_2]|[user]|[user_3],929,767,12,10,1696,2,12,4,1,3,0,0,2025-11-28T13:24:16+00:00,2025-12-01T07:27:58+00:00,49.84027777777778,115.90194444444444,21,10,2,3,14761283 FE: Event polja za klijenta,36,1000,TypeScript,969,"Na događaju skrivena polja koja korisnik klijent ne smije vidjeti provjerom isClient preko user.type, nakon implementacije smo imali nekoliko bugova vezano za dohvaćanje korisnika i proizvoda, bacalo bi nas na forbidden i logoutalo. Dodao sam enabled argument u api hookove da se uopće ne okidaju ako smo prijavljeni kao klijent. Popravljen bug gdje bi se u document.title prikazivalo undefined undefined za ime i prezime klijenta.",431,False,False,True,False,False,True,,14761283 FE: Event polja za klijenta,0,0,False,False,True,False,False,True,"# Description

Na događaju skrivena polja koja korisnik klijent ne smije vidjeti provjerom isClient preko user.type, nakon implementacije smo imali nekoliko bugova vezano za dohvaćanje korisnika i proizvoda, bacalo bi nas na forbidden i logoutalo. 
Dodao sam enabled argument u api hookove da se uopće ne okidaju ako smo prijavljeni kao klijent.
Popravljen bug gdje bi se u document.title prikazivalo undefined undefined za ime i prezime klijenta.",447,"Na događaju skrivena polja koja korisnik klijent ne smije vidjeti provjerom isClient preko user.type, nakon implementacije smo imali nekoliko bugova vezano za dohvaćanje korisnika i proizvoda, bacalo bi nas na forbidden i logoutalo. Dodao sam enabled argument u api hookove da se uopće ne okidaju ako smo prijavljeni kao klijent. Popravljen bug gdje bi se u document.title prikazivalo undefined undefined za ime i prezime klijenta.",431,14761283 FE: Event polja za klijenta
128.99666666666667,5.3748611111111115,656,3054025717,closed,True,False,2025-11-28T13:01:34Z,2025-12-03T22:01:22Z,2025-12-03T22:01:22Z,2025-12-03T22:01:25Z,,2025-11-28T13:01:34+00:00,[user_3],3,[user_3],3,[user_2]|[user]|[user_3],605,211,15,22,816,2,15,8,2,6,0,0,2025-11-28T14:01:08+00:00,2025-12-02T14:10:59+00:00,0.9927777777777778,97.15694444444445,36,22,2,4,14762079 FE: Dohvaćanje filtera,31,2357,TypeScript,2311,"Nisam očekiva ovako velik PR za ovaj task, implementirana je konverzija s localStorage preferenci u JSON kakav je naveden u tasku. Filteri nisu u najboljem stanju triba im refactor, nije bilo zgodno za povezat ali flow je sljedeći: login -> dohvate se preference korisnika -> updatea se localstorage -> krzo app se koristi local storage za filtere -> update filtera kroz app se salje na BE i update-a se local storage -> na logout se brise localstorage U svakom slučaju, za prikaz filtera URL ima prednost. Neke od bitnijih promjena je to da sam totalno maka ""displayMode"" kalendara iz filtera događaja jer to nisu filteri, već samo display. Usput se rišilo nekoliko bugova s tim prikazom (inicijalno nije obojan botun prikaza tablice iako prikazuje tablicu, klikom na create prebaci s tablice na kalendar). - Dodana je getPreferences funkcija u useCurrentUser hook - Dodana i proširena logika za patch korisnika preko useUpdateUser sa id i preferences, dodan async/await i try/catchevi gdje je potrebno. - Uklonjen prikaz toasta ""Uspješno uređen korisnik"" prilikom ažuriranja preferenci Bacite oko na kod i javite kakav vam se čini flow, ako nešto ne paše prominit ćemo. Svakako istestirajte edge caseove i probajte skršit nešto.",1230,False,False,True,False,False,True,,14762079 FE: Dohvaćanje filtera,0,0,False,False,True,False,False,True,"# Description

Nisam očekiva ovako velik PR za ovaj task, implementirana je konverzija s localStorage preferenci u JSON kakav je naveden u tasku. Filteri nisu u najboljem stanju triba im refactor, nije bilo zgodno za povezat ali flow je sljedeći: 
login -> dohvate se preference korisnika -> updatea se localstorage -> krzo app se koristi local storage za filtere -> update filtera kroz app se salje na BE i update-a se local storage -> na logout se brise localstorage

U svakom slučaju, za prikaz filtera URL ima prednost. Neke od bitnijih promjena je to da sam totalno maka ""displayMode"" kalendara iz filtera događaja jer to nisu filteri, već samo display. Usput se rišilo nekoliko bugova s tim prikazom (inicijalno nije obojan botun prikaza tablice iako prikazuje tablicu, klikom na create prebaci s tablice na kalendar). 

- Dodana je getPreferences funkcija u useCurrentUser hook
- Dodana i proširena logika za patch korisnika preko useUpdateUser sa id i preferences, dodan async/await i try/catchevi gdje je potrebno.
- Uklonjen prikaz toasta ""Uspješno uređen korisnik"" prilikom ažuriranja preferenci

Bacite oko na kod i javite kakav vam se čini flow, ako nešto ne paše prominit ćemo. Svakako istestirajte edge caseove i probajte skršit nešto.",1250,"Nisam očekiva ovako velik PR za ovaj task, implementirana je konverzija s localStorage preferenci u JSON kakav je naveden u tasku. Filteri nisu u najboljem stanju triba im refactor, nije bilo zgodno za povezat ali flow je sljedeći: login -> dohvate se preference korisnika -> updatea se localstorage -> krzo app se koristi local storage za filtere -> update filtera kroz app se salje na BE i update-a se local storage -> na logout se brise localstorage U svakom slučaju, za prikaz filtera URL ima prednost. Neke od bitnijih promjena je to da sam totalno maka ""displayMode"" kalendara iz filtera događaja jer to nisu filteri, već samo display. Usput se rišilo nekoliko bugova s tim prikazom (inicijalno nije obojan botun prikaza tablice iako prikazuje tablicu, klikom na create prebaci s tablice na kalendar). - Dodana je getPreferences funkcija u useCurrentUser hook - Dodana i proširena logika za patch korisnika preko useUpdateUser sa id i preferences, dodan async/await i try/catchevi gdje je potrebno. - Uklonjen prikaz toasta ""Uspješno uređen korisnik"" prilikom ažuriranja preferenci Bacite oko na kod i javite kakav vam se čini flow, ako nešto ne paše prominit ćemo. Svakako istestirajte edge caseove i probajte skršit nešto.",1230,14762079 FE: Dohvaćanje filtera
96.53777777777778,4.022407407407408,657,3054265191,closed,True,False,2025-11-28T14:39:24Z,2025-12-02T15:11:40Z,2025-12-02T15:11:40Z,2025-12-02T15:11:42Z,2025-11-28T15:10:13Z,2025-11-28T14:39:24+00:00,[user_2],2,[user_2],3,[user_2]|[user]|[user_3],132,135,10,8,267,0,5,5,1,4,0,0,2025-11-29T12:55:52+00:00,2025-12-02T12:34:20+00:00,22.274444444444445,93.91555555555556,19,8,0,4,14894730 BE: Refaktor event service update,42,944,TypeScript,908,prosli flow event updatea: - dohvacanje postojeceg eventa -> kreiranje change loga -> sa vracenim field changes idemo u update metodu na repozitoriju -> razne provjere -> update popravljeni flow: - dohvacanje postojeceg eventa -> update eventa -> kreiranje change loga rjesen bug kad bi se assignee proba maknit pa nije radilo mali cleanup event tipova,352,True,False,False,True,True,False,,14894730 BE: Refaktor event service update,0,0,True,False,False,True,True,False,"# Description

prosli flow event updatea: 
- dohvacanje postojeceg eventa -> kreiranje change loga -> sa vracenim field changes idemo u update metodu na repozitoriju -> razne provjere -> update

popravljeni flow:
- dohvacanje postojeceg eventa -> update eventa -> kreiranje change loga

rjesen bug kad bi se assignee proba maknit pa nije radilo
mali cleanup event tipova",370,prosli flow event updatea: - dohvacanje postojeceg eventa -> kreiranje change loga -> sa vracenim field changes idemo u update metodu na repozitoriju -> razne provjere -> update popravljeni flow: - dohvacanje postojeceg eventa -> update eventa -> kreiranje change loga rjesen bug kad bi se assignee proba maknit pa nije radilo mali cleanup event tipova,352,14894730 BE: Refaktor event service update
88.15777777777778,3.673240740740741,658,3054361454,closed,True,False,2025-11-28T15:21:21Z,2025-12-02T07:30:49Z,2025-12-02T07:30:49Z,2025-12-02T07:30:51Z,2025-11-28T15:25:47Z,2025-11-28T15:21:21+00:00,[user_2],2,[user_2],2,[user]|[user_3],27,20,1,5,47,0,0,1,1,0,0,0,2025-11-29T15:57:37+00:00,2025-11-29T15:57:37+00:00,24.604444444444443,24.604444444444443,12,5,0,2,15000839 BE: Assignee promjena,30,728,TypeScript,699,dodano mapiranje odgovornih osoba za promjene dogadaja da se prikazu imena a ne ID u povijesti promjena prilikom promjene odgovorne osobe.,138,True,False,False,False,True,False,,15000839 BE: Assignee promjena,0,0,True,False,False,False,True,False,"# Description

dodano mapiranje odgovornih osoba za promjene dogadaja da se prikazu imena a ne ID u povijesti promjena prilikom promjene odgovorne osobe.",153,dodano mapiranje odgovornih osoba za promjene dogadaja da se prikazu imena a ne ID u povijesti promjena prilikom promjene odgovorne osobe.,138,15000839 BE: Assignee promjena
79.0911111111111,3.295462962962963,659,3055383444,closed,True,False,2025-11-29T07:19:17Z,2025-12-02T14:24:45Z,2025-12-02T14:24:45Z,2025-12-02T14:24:49Z,2025-11-29T07:34:02Z,2025-11-29T07:19:17+00:00,[user_2],2,[user_2],3,[user_2]|[user]|[user_3],386,89,19,9,475,2,2,3,1,2,0,0,2025-12-02T10:00:21+00:00,2025-12-02T13:19:35+00:00,74.68444444444444,78.005,24,9,2,3,14829333 BE: 1 ponuda : N događaja,34,1137,TypeScript,1102,priprema BE za dodavanje vise dogadaja na ponudi: - dodana relacijska tablica za dogadaje i ponude - dodana migracijska skripta: za ponude koji su imali eventId kreirana relacija EventOffer - dodan event-offer module za kreiranje/azuriranje/brisanje njihovih relacija - na POST ponude povezujemo i prilozene dogadaje sa ponudom - azurirani tipovi - zasad san ostavia funkcionalnost forme ponude istu na nacin da se iz povezanih dogadaja uzme samo prvi kao vrijednost eventId u formi (ovo ce @[user_3] maknit kad bude FE task kad bude multiple select dogadaja),557,False,True,False,False,True,True,,14829333 BE: 1 ponuda : N događaja,0,0,False,True,False,False,True,True,"# Description

priprema BE za dodavanje vise dogadaja na ponudi:
- dodana relacijska tablica za dogadaje i ponude
- dodana migracijska skripta: za ponude koji su imali eventId kreirana relacija EventOffer
- dodan event-offer module za kreiranje/azuriranje/brisanje njihovih relacija
- na POST ponude povezujemo i prilozene dogadaje sa ponudom
- azurirani tipovi
- zasad san ostavia funkcionalnost forme ponude istu na nacin da se iz povezanih dogadaja uzme samo prvi kao vrijednost eventId u formi (ovo ce @[user_3] maknit kad bude FE task kad bude multiple select dogadaja)",572,priprema BE za dodavanje vise dogadaja na ponudi: - dodana relacijska tablica za dogadaje i ponude - dodana migracijska skripta: za ponude koji su imali eventId kreirana relacija EventOffer - dodan event-offer module za kreiranje/azuriranje/brisanje njihovih relacija - na POST ponude povezujemo i prilozene dogadaje sa ponudom - azurirani tipovi - zasad san ostavia funkcionalnost forme ponude istu na nacin da se iz povezanih dogadaja uzme samo prvi kao vrijednost eventId u formi (ovo ce @[user_3] maknit kad bude FE task kad bude multiple select dogadaja),557,14829333 BE: 1 ponuda : N događaja
108.46472222222222,4.519363425925926,660,3055450335,closed,True,False,2025-11-29T08:45:59Z,2025-12-03T21:13:52Z,2025-12-03T21:13:52Z,2025-12-03T21:13:54Z,2025-11-29T08:48:39Z,2025-11-29T08:45:59+00:00,[user_2],2,[user_2],3,[user_2]|[user]|[user_3],133,43,8,14,176,0,4,4,1,2,0,1,2025-12-02T13:17:51+00:00,2025-12-03T20:44:44+00:00,76.53111111111112,107.97916666666667,27,14,0,4,14829616 BE: 1 događaj : N ponuda,33,786,TypeScript,754,"priprema BE za vise ponuda na dogadaju: - dodane potrebne metode na servisima i repozitorijima - popravljen/pojednostavljen cache na offer repozitoriju da radi kao i kod eventa, producta... - azuriranje tipova",209,False,True,False,False,True,False,,14829616 BE: 1 događaj : N ponuda,0,0,False,True,False,False,True,False,"# Description

priprema BE za vise ponuda na dogadaju:
- dodane potrebne metode na servisima i repozitorijima
- popravljen/pojednostavljen cache na offer repozitoriju da radi kao i kod eventa, producta...
- azuriranje tipova",224,"priprema BE za vise ponuda na dogadaju: - dodane potrebne metode na servisima i repozitorijima - popravljen/pojednostavljen cache na offer repozitoriju da radi kao i kod eventa, producta... - azuriranje tipova",209,14829616 BE: 1 događaj : N ponuda
73.28138888888888,3.0533912037037036,661,3055675801,closed,True,False,2025-11-29T14:49:39Z,2025-12-02T16:06:32Z,2025-12-02T16:06:32Z,2025-12-02T16:06:35Z,2025-11-29T15:42:02Z,2025-11-29T14:49:39+00:00,[user_3],3,[user_3],2,[user_2]|[user],24,9,4,4,33,0,0,2,1,1,0,0,2025-12-01T10:20:45+00:00,2025-12-02T12:48:28+00:00,43.51833333333333,69.98027777777777,13,4,0,3,"14829170 FS: Polje ""Naziv"" ponude",33,685,TypeScript,655,"Dodano novo polje ""Naziv"" u formi ponude i u tablici ponude.",60,False,False,True,False,False,True,,"14829170 FS: Polje ""Naziv"" ponude",0,0,False,False,True,False,False,True,"# Description

Dodano novo polje ""Naziv"" u formi ponude i u tablici ponude.",75,"Dodano novo polje ""Naziv"" u formi ponude i u tablici ponude.",60,"14829170 FS: Polje ""Naziv"" ponude"
55.835,2.3264583333333335,662,3055690363,closed,True,False,2025-11-29T15:14:09Z,2025-12-01T23:04:15Z,2025-12-01T23:04:15Z,2025-12-01T23:04:16Z,,2025-11-29T15:14:09+00:00,[user_3],3,[user_3],2,[user_2]|[user],5,1,2,2,6,0,0,1,1,0,0,0,2025-12-01T10:25:58+00:00,2025-12-01T10:25:58+00:00,43.19694444444445,43.19694444444445,8,2,0,2,"15005494 FE: Disableati polje ""Odgovorna osoba""",47,651,TypeScript,622,"Isključena polja ""Odgovorna osoba"" ako korisnik nema permisiju CAN_MANAGE_ASSIGNEES",83,True,False,False,False,False,True,,"15005494 FE: Disableati polje ""Odgovorna osoba""",0,0,True,False,False,False,False,True,"# Description

Isključena polja ""Odgovorna osoba"" ako korisnik nema permisiju CAN_MANAGE_ASSIGNEES",98,"Isključena polja ""Odgovorna osoba"" ako korisnik nema permisiju CAN_MANAGE_ASSIGNEES",83,"15005494 FE: Disableati polje ""Odgovorna osoba"""
47.036944444444444,1.959872685185185,663,3063136376,closed,True,False,2025-12-02T11:21:16Z,2025-12-04T10:23:29Z,2025-12-04T10:23:29Z,2025-12-04T10:23:31Z,2025-12-02T16:47:10Z,2025-12-02T11:21:16+00:00,[user_3],3,[user_3],3,[user_2]|[user]|[user_3],253,136,11,36,389,1,15,4,1,3,0,0,2025-12-02T13:22:01+00:00,2025-12-04T07:12:10+00:00,2.0125,43.848333333333336,48,36,1,2,14829333 FE: 1 ponuda : N događaja,34,1670,TypeScript,1629,"Dodana funckionalnost više događaja na jednoj ponudi prema prijedlogu u tasku. Polje ""Događaj"" pretvoreno u value-less izbornik, kad se otvorim dropdown vidimo dostupne događaj za odabrati, kad ga odaberemo pojavljuje se u tablici ispod sa podacima o vremenu, nazivu i usluzi sa opcijom ""Izbriši"". Na temelju odabranog događaja se rekalkulira dropdown i briše se odabrani događaj. Ako ga izbrišemo iz tablice ispod vraća se u dropdown. Ažurirani tipovi, funckije za dohvat podataka, dodana nova komponenta <OfferEventTable />. Dodano filtriranje dropdown menija događaja prema izbrisanim događajima, otkazano i odbijeno statusu i zadnjih 30 dana (na način da gledamo da je stariji od 30 dana i potvrđen).",704,False,True,False,False,False,True,,14829333 FE: 1 ponuda : N događaja,3,0,False,True,False,False,False,True,"# Description

Dodana funckionalnost više događaja na jednoj ponudi prema prijedlogu u tasku. Polje ""Događaj"" pretvoreno u value-less izbornik, kad se otvorim dropdown vidimo dostupne događaj za odabrati, kad ga odaberemo pojavljuje se u tablici ispod sa podacima o vremenu, nazivu i usluzi sa opcijom ""Izbriši"". 

Na temelju odabranog događaja se rekalkulira dropdown i briše se odabrani događaj. Ako ga izbrišemo iz tablice ispod vraća se u dropdown. Ažurirani tipovi, funckije za dohvat podataka, dodana nova komponenta <OfferEventTable />.

Dodano filtriranje dropdown menija događaja prema izbrisanim događajima, otkazano i odbijeno statusu i zadnjih 30 dana (na način da gledamo da je stariji od 30 dana i potvrđen).",722,"Dodana funckionalnost više događaja na jednoj ponudi prema prijedlogu u tasku. Polje ""Događaj"" pretvoreno u value-less izbornik, kad se otvorim dropdown vidimo dostupne događaj za odabrati, kad ga odaberemo pojavljuje se u tablici ispod sa podacima o vremenu, nazivu i usluzi sa opcijom ""Izbriši"". Na temelju odabranog događaja se rekalkulira dropdown i briše se odabrani događaj. Ako ga izbrišemo iz tablice ispod vraća se u dropdown. Ažurirani tipovi, funckije za dohvat podataka, dodana nova komponenta <OfferEventTable />. Dodano filtriranje dropdown menija događaja prema izbrisanim događajima, otkazano i odbijeno statusu i zadnjih 30 dana (na način da gledamo da je stariji od 30 dana i potvrđen).",704,14829333 FE: 1 ponuda : N događaja
39.37777777777778,1.6407407407407408,664,3064125913,closed,True,False,2025-12-02T15:56:34Z,2025-12-04T07:19:14Z,2025-12-04T07:19:14Z,2025-12-04T07:19:15Z,,2025-12-02T15:56:34+00:00,[user_2],2,[user_2],3,[user_2]|[user]|[user_3],23,5,3,1,28,0,2,2,1,1,0,0,2025-12-03T21:53:18+00:00,2025-12-03T21:53:18+00:00,29.945555555555554,29.945555555555554,8,1,0,2,"14830496 BE: Meta polja: kreirano, ažurirano",44,650,TypeScript,619,dodana meta polja na ponudama: createdAt i updatedAt azurirani tipovi migracijska skripta,89,False,True,False,False,True,False,,"14830496 BE: Meta polja: kreirano, ažurirano",0,0,False,True,False,False,True,False,"# Description

dodana meta polja na ponudama: createdAt i updatedAt
azurirani tipovi
migracijska skripta",104,dodana meta polja na ponudama: createdAt i updatedAt azurirani tipovi migracijska skripta,89,"14830496 BE: Meta polja: kreirano, ažurirano"
27.836666666666666,1.159861111111111,665,3066679597,closed,True,False,2025-12-03T09:49:26Z,2025-12-04T13:39:38Z,2025-12-04T13:39:38Z,2025-12-04T13:39:40Z,2025-12-03T09:56:36Z,2025-12-03T09:49:26+00:00,[user_2],2,[user_2],2,[user]|[user_3],209,22,26,7,231,0,2,1,1,0,0,0,2025-12-04T13:19:30+00:00,2025-12-04T13:19:30+00:00,27.50111111111111,27.50111111111111,15,7,0,2,14830541 FS: Povijest izmjena ponude,36,833,TypeScript,800,"dodana povijest izmjena ponude ko sta imaju i drugi entiteti: - primjetia san da se u socketu gleda canViewServices umisto canViewServiceChanges pa san to ispravia - dodano pravo canViewOfferChanges - azurirani tipovi, validator - azurirana logika notifikacija da odraduje i ponude",281,False,True,False,False,True,True,,14830541 FS: Povijest izmjena ponude,0,0,False,True,False,False,True,True,"# Description

dodana povijest izmjena ponude ko sta imaju i drugi entiteti:
- primjetia san da se u socketu gleda canViewServices umisto canViewServiceChanges pa san to ispravia
- dodano pravo canViewOfferChanges
- azurirani tipovi, validator
- azurirana logika notifikacija da odraduje i ponude",296,"dodana povijest izmjena ponude ko sta imaju i drugi entiteti: - primjetia san da se u socketu gleda canViewServices umisto canViewServiceChanges pa san to ispravia - dodano pravo canViewOfferChanges - azurirani tipovi, validator - azurirana logika notifikacija da odraduje i ponude",281,14830541 FS: Povijest izmjena ponude
27.446666666666665,1.1436111111111111,666,3066858625,closed,True,False,2025-12-03T10:31:10Z,2025-12-04T13:57:58Z,2025-12-04T13:57:58Z,2025-12-04T13:58:00Z,2025-12-03T10:33:25Z,2025-12-03T10:31:10+00:00,[user_2],2,[user_2],2,[user]|[user_3],42,5,5,5,47,0,1,1,1,0,0,0,2025-12-04T13:33:16+00:00,2025-12-04T13:33:16+00:00,27.035,27.035,12,5,0,2,"14831023 BE: Polje ""Status""",27,689,TypeScript,658,"dodano polje status u modelu Offer azurirani tipovi i validator migracijska skripta: sve ponude su stavljene na status ""U izradi""",129,False,True,False,False,True,False,,"14831023 BE: Polje ""Status""",0,0,False,True,False,False,True,False,"# Description

dodano polje status u modelu Offer
azurirani tipovi i validator
migracijska skripta: sve ponude su stavljene na status ""U izradi""",144,"dodano polje status u modelu Offer azurirani tipovi i validator migracijska skripta: sve ponude su stavljene na status ""U izradi""",129,"14831023 BE: Polje ""Status"""
25.336944444444445,1.0557060185185185,667,3067102069,closed,True,False,2025-12-03T11:35:51Z,2025-12-04T12:56:04Z,2025-12-04T12:56:04Z,2025-12-04T12:56:05Z,2025-12-03T11:40:30Z,2025-12-03T11:35:51+00:00,[user_2],2,[user_2],2,[user]|[user_3],36,18,9,3,54,0,0,1,1,0,0,0,2025-12-04T12:55:49+00:00,2025-12-04T12:55:49+00:00,25.33277777777778,25.33277777777778,10,3,0,2,15065470 BE: Socket,19,929,TypeScript,896,socket je umra jer nije bia exportan user repo pa nebi moga dobavit usera na pokusaju spajanja na socket nezelimo exportat tudje repoe pa san stavia da koristimo user service sta je naravno stvorilo circular dependency: user -> notification -> socket -> user dodani forwardRefovi fixan tip u notification toastu i s tim je rjesen bug da se toast notifikacije ne pojavljuje,372,True,False,False,False,True,True,,15065470 BE: Socket,0,0,True,False,False,False,True,True,"# Description

socket je umra jer nije bia exportan user repo pa nebi moga dobavit usera na pokusaju spajanja na socket
nezelimo exportat tudje repoe pa san stavia da koristimo user service sta je naravno stvorilo circular dependency:
user -> notification -> socket -> user
dodani forwardRefovi
fixan tip u notification toastu i s tim je rjesen bug da se toast notifikacije ne pojavljuje",387,socket je umra jer nije bia exportan user repo pa nebi moga dobavit usera na pokusaju spajanja na socket nezelimo exportat tudje repoe pa san stavia da koristimo user service sta je naravno stvorilo circular dependency: user -> notification -> socket -> user dodani forwardRefovi fixan tip u notification toastu i s tim je rjesen bug da se toast notifikacije ne pojavljuje,372,15065470 BE: Socket
45.33166666666666,1.8888194444444444,668,3067360432,closed,True,False,2025-12-03T13:02:18Z,2025-12-05T10:22:12Z,2025-12-05T10:22:12Z,2025-12-05T10:22:14Z,,2025-12-03T13:02:18+00:00,[user_2],2,[user_2],2,[user]|[user_3],1292,1107,35,2,2399,1,0,1,1,0,0,0,2025-12-04T16:39:35+00:00,2025-12-04T16:39:35+00:00,27.621388888888887,27.621388888888887,9,2,1,2,15065571 BE: Prettier za packages,33,592,TypeScript,563,dodan prettierrc u packages i formatirani svi fileovi,53,False,False,False,True,True,False,,15065571 BE: Prettier za packages,0,0,False,False,False,True,True,False,"# Description

dodan prettierrc u packages i formatirani svi fileovi",68,dodan prettierrc u packages i formatirani svi fileovi,53,15065571 BE: Prettier za packages
49.547222222222224,2.064467592592593,669,3067612268,closed,True,False,2025-12-03T14:14:34Z,2025-12-05T15:47:24Z,2025-12-05T15:47:24Z,2025-12-05T15:47:26Z,2025-12-05T10:05:13Z,2025-12-03T14:14:34+00:00,[user_2],2,[user_2],3,[user_2]|[user]|[user_3],188,22,8,11,210,0,11,4,1,3,0,0,2025-12-05T11:52:17+00:00,2025-12-05T15:46:05+00:00,45.62861111111111,49.52527777777778,22,11,0,3,14831111 BE: Polja za validnost ponude,38,956,TypeScript,922,dodana polja za validnost ponude: - migracijska skripta defaulta sve postojece ponude na: vrijedi od danas i vrijedi 7 dana - azurirani tipovi - azuriran validator - dodan CRON job koji stavlja sve istekle ponude na status Isteklo - kreirana promjena ponude (kada sustav stavi ponudu na Isteklo) za userId ima null sto predstavlja sustav,337,False,True,False,False,True,False,,14831111 BE: Polja za validnost ponude,0,0,False,True,False,False,True,False,"# Description

dodana polja za validnost ponude:
- migracijska skripta defaulta sve postojece ponude na: vrijedi od danas i vrijedi 7 dana
- azurirani tipovi
- azuriran validator
- dodan CRON job koji stavlja sve istekle ponude na status Isteklo
- kreirana promjena ponude (kada sustav stavi ponudu na Isteklo) za userId ima null sto predstavlja sustav",352,dodana polja za validnost ponude: - migracijska skripta defaulta sve postojece ponude na: vrijedi od danas i vrijedi 7 dana - azurirani tipovi - azuriran validator - dodan CRON job koji stavlja sve istekle ponude na status Isteklo - kreirana promjena ponude (kada sustav stavi ponudu na Isteklo) za userId ima null sto predstavlja sustav,337,14831111 BE: Polja za validnost ponude
13.329166666666667,0.5553819444444444,670,3069218958,closed,True,False,2025-12-03T23:13:58Z,2025-12-04T12:33:43Z,2025-12-04T12:33:43Z,2025-12-04T12:33:44Z,,2025-12-03T23:13:58+00:00,[user_3],3,[user_3],3,[user_2]|[user]|[user_3],180,32,7,14,212,1,10,4,1,3,0,0,2025-12-03T23:28:33+00:00,2025-12-04T11:17:28+00:00,0.24305555555555555,12.058333333333334,23,14,1,2,14829616 FE: 1 događaj : N ponuda,33,1265,TypeScript,1232,"Kao i u ponudama, kreirana komponenta EventOfferTable koja prima formu i ponude kao propse i na temelju toga rendera tablicu s nazivom i akcijama. Dodan je i value-less dropdown pomoću kojeg biramo ponude. Doda sam da se klikom na pregled ponude otvori novi tab s ponudom zbog istog problema kao s pregledom događaja a to je da će nam se prilikom kreiranja resetirati forma. Čini mi se najbezbolniji workaround jer bi se morali zezat s ruterom da bi perzistirali ispunjene podatke jer se forma unmounta.",503,False,True,False,False,False,True,,14829616 FE: 1 događaj : N ponuda,1,0,False,True,False,False,False,True,"# Description

Kao i u ponudama, kreirana komponenta EventOfferTable koja prima formu i ponude kao propse i na temelju toga rendera tablicu s nazivom i akcijama. Dodan je i value-less dropdown pomoću kojeg biramo ponude. 

Doda sam da se klikom na pregled ponude otvori novi tab s ponudom zbog istog problema kao s pregledom događaja a to je da će nam se prilikom kreiranja resetirati forma. Čini mi se najbezbolniji workaround jer bi se morali zezat s ruterom da bi perzistirali ispunjene podatke jer se forma unmounta.",520,"Kao i u ponudama, kreirana komponenta EventOfferTable koja prima formu i ponude kao propse i na temelju toga rendera tablicu s nazivom i akcijama. Dodan je i value-less dropdown pomoću kojeg biramo ponude. Doda sam da se klikom na pregled ponude otvori novi tab s ponudom zbog istog problema kao s pregledom događaja a to je da će nam se prilikom kreiranja resetirati forma. Čini mi se najbezbolniji workaround jer bi se morali zezat s ruterom da bi perzistirali ispunjene podatke jer se forma unmounta.",503,14829616 FE: 1 događaj : N ponuda
26.331666666666667,1.0971527777777779,671,3070311278,closed,True,False,2025-12-04T08:32:08Z,2025-12-05T10:52:02Z,2025-12-05T10:52:02Z,2025-12-05T10:52:04Z,,2025-12-04T08:32:08+00:00,[user_2],2,[user_2],3,[user_2]|[user]|[user_3],103,0,7,4,103,0,9,6,1,5,0,0,2025-12-04T17:03:18+00:00,2025-12-05T10:48:29+00:00,8.519444444444444,26.2725,12,4,0,3,14831289 BE: Statične porezne tablice,37,695,TypeScript,663,dodana tablica Tax prema tasku dodan Tax module endpoint za dobavit prema kodu: npr. /taxes?code=PDV vracamo samo onaj validni tog koda,135,False,True,False,False,True,False,,14831289 BE: Statične porezne tablice,0,0,False,True,False,False,True,False,"# Description

dodana tablica Tax prema tasku
dodan Tax module
endpoint za dobavit prema kodu: npr. /taxes?code=PDV
vracamo samo onaj validni tog koda",150,dodana tablica Tax prema tasku dodan Tax module endpoint za dobavit prema kodu: npr. /taxes?code=PDV vracamo samo onaj validni tog koda,135,14831289 BE: Statične porezne tablice
25.763333333333332,1.0734722222222222,672,3070378402,closed,True,False,2025-12-04T08:54:48Z,2025-12-05T10:40:36Z,2025-12-05T10:40:36Z,2025-12-05T10:40:38Z,,2025-12-04T08:54:48+00:00,[user_2],2,[user_2],2,[user]|[user_3],11,2,4,1,13,0,0,1,1,0,0,0,2025-12-04T17:05:50+00:00,2025-12-04T17:05:50+00:00,8.18388888888889,8.18388888888889,7,1,0,2,"14831389 BE: Polje ""Napomena""",29,696,TypeScript,665,dodano polje note u offer model azuriran tip i validator vidia san da u offer validatoru fale typeErrori na 2 mista pa san i to usput doda,138,False,True,False,False,True,False,,"14831389 BE: Polje ""Napomena""",0,0,False,True,False,False,True,False,"# Description

dodano polje note u offer model
azuriran tip i validator
vidia san da u offer validatoru fale typeErrori na 2 mista pa san i to usput doda",153,dodano polje note u offer model azuriran tip i validator vidia san da u offer validatoru fale typeErrori na 2 mista pa san i to usput doda,138,"14831389 BE: Polje ""Napomena"""
0.10388888888888889,0.0043287037037037035,673,3070401400,closed,True,False,2025-12-04T09:01:52Z,2025-12-04T09:08:07Z,2025-12-04T09:08:06Z,2025-12-04T09:08:08Z,,2025-12-04T09:01:52+00:00,[user_2],2,[user_2],0,,2,2,1,1,4,0,0,0,0,0,0,0,,,,,4,1,0,0,Quickfix: Mapping bug on BE,27,551,TypeScript,475,brzi fix format metode na event servisu,39,True,False,False,False,True,False,TASK_ID,Quickfix: Mapping bug on BE,0,0,True,False,False,False,True,False,"# Description

brzi fix format metode na event servisu",54,brzi fix format metode na event servisu,39,Quickfix: Mapping bug on BE
25.511111111111113,1.062962962962963,674,3070454458,closed,True,False,2025-12-04T09:19:58Z,2025-12-05T10:50:38Z,2025-12-05T10:50:38Z,2025-12-05T10:50:40Z,,2025-12-04T09:19:58+00:00,[user_2],2,[user_2],2,[user]|[user_3],8,3,3,3,11,0,0,1,1,0,0,0,2025-12-04T17:08:04+00:00,2025-12-04T17:08:04+00:00,7.801666666666667,7.801666666666667,9,3,0,2,"14831599 BE: Dodati autoinkrementi ""number"" stupac",50,610,TypeScript,581,dodano autoinkrementirano number polje u offer modelu,53,False,True,False,False,True,False,,"14831599 BE: Dodati autoinkrementi ""number"" stupac",0,0,False,True,False,False,True,False,"# Description

dodano autoinkrementirano number polje u offer modelu",68,dodano autoinkrementirano number polje u offer modelu,53,"14831599 BE: Dodati autoinkrementi ""number"" stupac"
1.9333333333333333,0.08055555555555556,675,3070766071,closed,True,False,2025-12-04T10:42:54Z,2025-12-04T12:38:54Z,2025-12-04T12:38:54Z,2025-12-04T12:38:56Z,,2025-12-04T10:42:54+00:00,[user_2],2,[user_2],2,[user]|[user_3],5,1,1,1,6,0,0,1,1,0,0,0,2025-12-04T12:38:39+00:00,2025-12-04T12:38:39+00:00,1.9291666666666667,1.9291666666666667,7,1,0,2,15083910 BE: Preferences promjena,33,619,TypeScript,590,skrivena promjena preferenci kod korisnika,42,True,False,False,False,True,False,,15083910 BE: Preferences promjena,0,0,True,False,False,False,True,False,"# Description

skrivena promjena preferenci kod korisnika",57,skrivena promjena preferenci kod korisnika,42,15083910 BE: Preferences promjena
1.7980555555555555,0.07491898148148148,676,3070808105,closed,True,False,2025-12-04T10:53:52Z,2025-12-04T12:41:45Z,2025-12-04T12:41:45Z,2025-12-04T12:41:46Z,,2025-12-04T10:53:52+00:00,[user_2],2,[user_2],2,[user]|[user_3],5,1,1,1,6,0,0,1,1,0,0,0,2025-12-04T12:40:43+00:00,2025-12-04T12:40:43+00:00,1.7808333333333333,1.7808333333333333,7,1,0,2,15084097 BE: Employee edit,26,697,TypeScript,668,"popravljen edit employeea, pada bi jer bi pri provjeri zauzetih mailova dohvatia samog sebe i vidia to ko konflikt, tribalo je samo dodat da negleda sebe",153,True,False,False,False,True,False,,15084097 BE: Employee edit,0,0,True,False,False,False,True,False,"# Description

popravljen edit employeea, pada bi jer bi pri provjeri zauzetih mailova dohvatia samog sebe i vidia to ko konflikt, tribalo je samo dodat da negleda sebe",168,"popravljen edit employeea, pada bi jer bi pri provjeri zauzetih mailova dohvatia samog sebe i vidia to ko konflikt, tribalo je samo dodat da negleda sebe",153,15084097 BE: Employee edit
1.4725,0.06135416666666666,677,3070860617,closed,True,False,2025-12-04T11:06:25Z,2025-12-04T12:34:46Z,2025-12-04T12:34:46Z,2025-12-04T12:34:48Z,,2025-12-04T11:06:25+00:00,[user_3],3,[user_3],3,[user_2]|[user]|[user_3],64,7,4,4,71,1,2,3,1,2,0,0,2025-12-04T11:08:47+00:00,2025-12-04T12:01:44+00:00,0.03944444444444444,0.9219444444444445,14,4,1,3,"14830496 FE: Meta polja: kreirano, ažurirano",44,773,TypeScript,742,"Dodana polja createdAt i updatedAt u edit modu, ista stvar kao kod događaja.",76,False,True,False,False,False,True,,"14830496 FE: Meta polja: kreirano, ažurirano",1,0,False,True,False,False,False,True,"# Description

Dodana polja createdAt i updatedAt u edit modu, ista stvar kao kod događaja.",91,"Dodana polja createdAt i updatedAt u edit modu, ista stvar kao kod događaja.",76,"14830496 FE: Meta polja: kreirano, ažurirano"
1.556111111111111,0.06483796296296296,678,3070930554,closed,True,False,2025-12-04T11:24:27Z,2025-12-04T12:57:49Z,2025-12-04T12:57:49Z,2025-12-04T12:57:51Z,,2025-12-04T11:24:27+00:00,[user_2],2,[user_2],2,[user]|[user_3],2,2,1,1,4,0,0,1,1,0,0,0,2025-12-04T12:56:50+00:00,2025-12-04T12:56:50+00:00,1.5397222222222222,1.5397222222222222,7,1,0,2,15084857 BE: Select companyName,31,660,TypeScript,631,"krivo polje smo uzimali od relateanog eventa, triba uzet companyName a ne companyTaxNumber",90,True,False,False,False,True,False,,15084857 BE: Select companyName,0,0,True,False,False,False,True,False,"# Description

krivo polje smo uzimali od relateanog eventa, triba uzet companyName a ne companyTaxNumber",105,"krivo polje smo uzimali od relateanog eventa, triba uzet companyName a ne companyTaxNumber",90,15084857 BE: Select companyName
21.669166666666666,0.9028819444444444,679,3071369599,closed,True,False,2025-12-04T13:21:47Z,2025-12-05T11:01:56Z,2025-12-05T11:01:56Z,2025-12-05T11:01:58Z,,2025-12-04T13:21:47+00:00,[user_2],2,[user_2],2,[user]|[user_3],12,69,10,2,81,0,0,1,1,0,0,0,2025-12-04T16:30:34+00:00,2025-12-04T16:30:34+00:00,3.1463888888888887,3.1463888888888887,8,2,0,2,15082610 FS: Obrisati MvpOfferContent,37,642,TypeScript,613,obrisano mvp__offerContent event polje i svugdi di se spominjalo.,65,False,False,False,True,True,True,,15082610 FS: Obrisati MvpOfferContent,0,0,False,False,False,True,True,True,"# Description

obrisano mvp__offerContent event polje i svugdi di se spominjalo.",80,obrisano mvp__offerContent event polje i svugdi di se spominjalo.,65,15082610 FS: Obrisati MvpOfferContent
20.349444444444444,0.8478935185185185,680,3071948185,closed,True,False,2025-12-04T16:03:10Z,2025-12-05T12:24:08Z,2025-12-05T12:24:08Z,2025-12-05T12:24:10Z,,2025-12-04T16:03:10+00:00,[user_3],3,[user_3],2,[user_2]|[user],152,39,11,4,191,0,2,1,1,0,0,0,2025-12-05T12:04:30+00:00,2025-12-05T12:04:30+00:00,20.022222222222222,20.022222222222222,10,4,0,2,"14831023 FE: Polje ""Status""",27,2052,TypeScript,2011,"Dodano polje status u formu Ponude. Kreirana mapa naziva i mapa boja za prikaz statusnog badge-a. U povijesnoj izmjeni sam naletio na problem da imamo dva ista polja 'status' (na događaju i na ponudi) pa badge nije radio kako treba jer nije znao razlikovati koji mu status dolazi. Kroz Changes... komponente sam spustio prop change pa sam preko change.entityType prikazao ispravan badge. Nakon toga mi je pala napamet logika da reuseam Status komponentu tako da prima entity i na temelju nje prikaže prave boje statusa. Ta logika je reusana gdje god se koristi <Status /> komponenta. Status komponenta s bojama je dodana u: povijest izmjena ponude, notifikacije, tablicu ponuda i u read only mod forme ponude. Osim toga, znam da nije dio taska ali sam vratio nazad badge u read only prikaz forme događaja (sicam se da smo nekad davno takoder tu imali badge u boji).",865,False,True,False,False,False,True,,"14831023 FE: Polje ""Status""",4,0,False,True,False,False,False,True,"# Description

Dodano polje status u formu Ponude. Kreirana mapa naziva i mapa boja za prikaz statusnog badge-a. U povijesnoj izmjeni sam naletio na problem da imamo dva ista polja 'status' (na događaju i na ponudi) pa badge nije radio kako treba jer nije znao razlikovati koji mu status dolazi.

Kroz Changes... komponente sam spustio prop change pa sam preko change.entityType prikazao ispravan badge. Nakon toga mi je pala napamet logika da reuseam Status komponentu tako da prima entity i na temelju nje prikaže prave boje statusa. Ta logika je reusana gdje god se koristi <Status /> komponenta.

Status komponenta s bojama je dodana u: povijest izmjena ponude, notifikacije, tablicu ponuda i u read only mod forme ponude. Osim toga, znam da nije dio taska ali sam vratio nazad badge u read only prikaz forme događaja (sicam se da smo nekad davno takoder tu imali badge u boji).",882,"Dodano polje status u formu Ponude. Kreirana mapa naziva i mapa boja za prikaz statusnog badge-a. U povijesnoj izmjeni sam naletio na problem da imamo dva ista polja 'status' (na događaju i na ponudi) pa badge nije radio kako treba jer nije znao razlikovati koji mu status dolazi. Kroz Changes... komponente sam spustio prop change pa sam preko change.entityType prikazao ispravan badge. Nakon toga mi je pala napamet logika da reuseam Status komponentu tako da prima entity i na temelju nje prikaže prave boje statusa. Ta logika je reusana gdje god se koristi <Status /> komponenta. Status komponenta s bojama je dodana u: povijest izmjena ponude, notifikacije, tablicu ponuda i u read only mod forme ponude. Osim toga, znam da nije dio taska ali sam vratio nazad badge u read only prikaz forme događaja (sicam se da smo nekad davno takoder tu imali badge u boji).",865,"14831023 FE: Polje ""Status"""
2.848888888888889,0.1187037037037037,681,3074563091,closed,True,False,2025-12-05T09:47:40Z,2025-12-05T12:38:36Z,2025-12-05T12:38:36Z,2025-12-05T12:38:38Z,,2025-12-05T09:47:40+00:00,[user_3],3,[user_3],2,[user_2]|[user],138,117,15,5,255,0,2,1,1,0,0,0,2025-12-05T12:21:39+00:00,2025-12-05T12:21:39+00:00,2.566388888888889,2.566388888888889,11,5,0,2,15015875 FE: Izmijeniti sve sa Users... u Employee,50,644,TypeScript,615,Izmijenjeno sve sa Users... u Employees... ili Clients... tamo di se koristi naravno.,85,False,False,False,True,False,True,,15015875 FE: Izmijeniti sve sa Users... u Employee,0,0,False,False,False,True,False,True,"# Description

Izmijenjeno sve sa Users... u Employees... ili Clients... tamo di se koristi naravno.",100,Izmijenjeno sve sa Users... u Employees... ili Clients... tamo di se koristi naravno.,85,15015875 FE: Izmijeniti sve sa Users... u Employee
2.486111111111111,0.10358796296296297,682,3074676270,closed,True,False,2025-12-05T10:21:16Z,2025-12-05T12:50:26Z,2025-12-05T12:50:26Z,2025-12-05T12:50:29Z,,2025-12-05T10:21:16+00:00,[user_3],3,[user_3],3,[user_2]|[user]|[user_3],43,1,2,2,44,0,1,2,1,1,0,0,2025-12-05T10:21:37+00:00,2025-12-05T12:31:07+00:00,0.005833333333333334,2.1641666666666666,9,2,0,2,15083766 FE: startDate validacija,33,993,TypeScript,815,"Popravljena validacija datuma gdje bi se mogla unijeti bilo koja godina početka događaja (1111, 55555, 202555) itd... - Poboljšan UX tako da je srezan broj znamenki datuma (može se unijeti maksimalno 4 znamenke, nakon toga unos kreće ispočetka kao u većini aplikacija) - Dodan test za najmanju i najveću godinu (okvirno od 1970 do 2100)",336,True,False,False,False,False,True,,15083766 FE: startDate validacija,0,0,True,False,False,False,False,True,"# Description

Popravljena validacija datuma gdje bi se mogla unijeti bilo koja godina početka događaja (1111, 55555, 202555) itd...
- Poboljšan UX tako da je srezan broj znamenki datuma (može se unijeti maksimalno 4 znamenke, nakon toga unos kreće ispočetka kao u većini aplikacija)
- Dodan test za najmanju i najveću godinu (okvirno od 1970 do 2100)",351,"Popravljena validacija datuma gdje bi se mogla unijeti bilo koja godina početka događaja (1111, 55555, 202555) itd... - Poboljšan UX tako da je srezan broj znamenki datuma (može se unijeti maksimalno 4 znamenke, nakon toga unos kreće ispočetka kao u većini aplikacija) - Dodan test za najmanju i najveću godinu (okvirno od 1970 do 2100)",336,15083766 FE: startDate validacija
1.9880555555555555,0.08283564814814814,683,3074793458,closed,True,False,2025-12-05T11:00:24Z,2025-12-05T12:59:41Z,2025-12-05T12:59:41Z,2025-12-05T12:59:43Z,,2025-12-05T11:00:24+00:00,[user_3],3,[user_3],2,[user_2]|[user],8,14,3,2,22,0,0,1,1,0,0,0,2025-12-05T12:35:48+00:00,2025-12-05T12:35:48+00:00,1.59,1.59,8,2,0,2,15075531 FE: isSelf provjera,28,809,TypeScript,779,"Izbrisane isSelf provjere iz Employees i Clients page-eva, bili su tu iz povijesnih razloga (kad je korisnik sam sebi moga prominit sifru a nije bilo odvojenog modala). Nije dio taska, al sam prominia ClientsPage u Clients zbog konzistentnosti.",244,False,False,False,True,False,True,,15075531 FE: isSelf provjera,0,0,False,False,False,True,False,True,"# Description

Izbrisane isSelf provjere iz Employees i Clients page-eva, bili su tu iz povijesnih razloga (kad je korisnik sam sebi moga prominit sifru a nije bilo odvojenog modala).
Nije dio taska, al sam prominia ClientsPage u Clients zbog konzistentnosti.",259,"Izbrisane isSelf provjere iz Employees i Clients page-eva, bili su tu iz povijesnih razloga (kad je korisnik sam sebi moga prominit sifru a nije bilo odvojenog modala). Nije dio taska, al sam prominia ClientsPage u Clients zbog konzistentnosti.",244,15075531 FE: isSelf provjera
0.9288888888888889,0.038703703703703705,684,3074978528,closed,True,False,2025-12-05T12:04:18Z,2025-12-05T13:00:02Z,2025-12-05T13:00:02Z,2025-12-05T13:00:04Z,,2025-12-05T12:04:18+00:00,[user_3],3,[user_3],2,[user_2]|[user],2,2,2,1,4,0,0,1,1,0,0,0,2025-12-05T12:36:48+00:00,2025-12-05T12:36:48+00:00,0.5416666666666666,0.5416666666666666,7,1,0,2,15085086 FE: Naziv ponude tab,29,736,TypeScript,705,Dodan naziv ponude u naslov taba kod pregleda i uređivanja.,59,False,False,False,True,False,True,,15085086 FE: Naziv ponude tab,1,0,False,False,False,True,False,True,"# Description

Dodan naziv ponude u naslov taba kod pregleda i uređivanja.",74,Dodan naziv ponude u naslov taba kod pregleda i uređivanja.,59,15085086 FE: Naziv ponude tab
88.8561111111111,3.7023379629629627,685,3075933801,closed,True,False,2025-12-05T17:41:04Z,2025-12-09T10:32:26Z,2025-12-09T10:32:26Z,2025-12-09T10:32:27Z,,2025-12-05T17:41:04+00:00,[user_3],3,[user_3],2,[user_2]|[user],99,14,8,5,113,1,0,1,1,0,0,0,2025-12-08T10:35:55+00:00,2025-12-08T10:35:55+00:00,64.91416666666667,64.91416666666667,12,5,1,2,14831111 FE: Polja za validnost ponude,38,1451,TypeScript,1418,"Input fieldovi u HTML-u rade samo sa ISO stringovima, dok BE-u triba Date tip, tako da je bilo povuci potegni sa formom i tipovima. Uglavnom, kao što task kaže, postavljene su default vrijednosti na new Date() i tri dana nakon. Nakon što sam doda tip string u FormOffer, useNewOfferForm je poludio jer se ne poklapaju FormOffer i CreateOffer tipovi u handleru, tako da sam maka CreateOffer tip iz submit handlera u OfferCreate i OfferEdit, napravia da su FormOffer, i samo pretvoria validFrom i validUntil u Date tip kao takav payload šibam u api hookove. To mi se čini najclean način. Nakon toga, skužia sam kad editiramo formu i izbrišemo totalno bilo koje bolje uopće ne prikaže error jer se na editu touched ne aktivira, i onda uopće ne prikaže error a ne da submitat zbog !form.isValid. Pa sam zbog tog doda onBlur na svaki FormControl i FormSelect, s tim da sam korigira tip u FormControl.",895,False,True,False,False,True,True,,14831111 FE: Polja za validnost ponude,0,0,False,True,False,False,True,True,"# Description

Input fieldovi u HTML-u rade samo sa ISO stringovima, dok BE-u triba Date tip, tako da je bilo povuci potegni sa formom i tipovima. Uglavnom, kao što task kaže, postavljene su default vrijednosti na new Date() i tri dana nakon.

Nakon što sam doda tip string u FormOffer, useNewOfferForm je poludio jer se ne poklapaju FormOffer i CreateOffer tipovi u handleru, tako da sam maka CreateOffer tip iz submit handlera u OfferCreate i OfferEdit, napravia da su FormOffer, i samo pretvoria validFrom i validUntil u Date tip kao takav payload šibam u api hookove. To mi se čini najclean način.

Nakon toga, skužia sam kad editiramo formu i izbrišemo totalno bilo koje bolje uopće ne prikaže error jer se na editu touched ne aktivira, i onda uopće ne prikaže error a ne da submitat zbog !form.isValid. Pa sam zbog tog doda onBlur na svaki FormControl i FormSelect, s tim da sam korigira tip u FormControl.",912,"Input fieldovi u HTML-u rade samo sa ISO stringovima, dok BE-u triba Date tip, tako da je bilo povuci potegni sa formom i tipovima. Uglavnom, kao što task kaže, postavljene su default vrijednosti na new Date() i tri dana nakon. Nakon što sam doda tip string u FormOffer, useNewOfferForm je poludio jer se ne poklapaju FormOffer i CreateOffer tipovi u handleru, tako da sam maka CreateOffer tip iz submit handlera u OfferCreate i OfferEdit, napravia da su FormOffer, i samo pretvoria validFrom i validUntil u Date tip kao takav payload šibam u api hookove. To mi se čini najclean način. Nakon toga, skužia sam kad editiramo formu i izbrišemo totalno bilo koje bolje uopće ne prikaže error jer se na editu touched ne aktivira, i onda uopće ne prikaže error a ne da submitat zbog !form.isValid. Pa sam zbog tog doda onBlur na svaki FormControl i FormSelect, s tim da sam korigira tip u FormControl.",895,14831111 FE: Polja za validnost ponude
49.71277777777778,2.071365740740741,686,3077332499,closed,True,False,2025-12-06T10:35:44Z,2025-12-08T12:18:30Z,2025-12-08T12:18:30Z,2025-12-08T12:18:32Z,,2025-12-06T10:35:44+00:00,[user_3],3,[user_3],3,[user_2]|[user]|[user_3],51,0,1,1,51,0,2,2,1,1,0,0,2025-12-08T10:40:16+00:00,2025-12-08T10:40:16+00:00,48.07555555555555,48.07555555555555,7,1,0,2,"14831389 FS: Polje ""Napomena""",29,779,TypeScript,748,"Kreirano polje napomena sa checkboxom prikaza, ista stvar kao što smo dosad radili, ništa novo.",95,False,True,False,False,False,True,,"14831389 FS: Polje ""Napomena""",1,0,False,True,False,False,False,True,"# Description

Kreirano polje napomena sa checkboxom prikaza, ista stvar kao što smo dosad radili, ništa novo.",110,"Kreirano polje napomena sa checkboxom prikaza, ista stvar kao što smo dosad radili, ništa novo.",95,"14831389 FS: Polje ""Napomena"""
139.69472222222223,5.820613425925926,687,3077390488,closed,True,False,2025-12-06T11:18:29Z,2025-12-12T07:00:10Z,2025-12-12T07:00:10Z,2025-12-12T07:00:12Z,2025-12-06T11:55:01Z,2025-12-06T11:18:29+00:00,[user_2],2,[user_2],3,[user_2]|[user]|[user_3],950,508,18,15,1458,4,4,3,1,2,0,0,2025-12-08T20:31:31+00:00,2025-12-11T22:23:57+00:00,57.21722222222222,131.0911111111111,28,15,4,3,15082667 FS: Povijest relacijskih promjena,42,1040,TypeScript,1008,dodani zapisi promjena prilikom azuriranja relacija entiteta (npr. brisanje/dodavanje kontakata na dogadaju ili brisanje/dodavanja dogadaja na ponudi) refaktoriran i poopcen change servis,187,False,True,False,True,True,True,,15082667 FS: Povijest relacijskih promjena,2,0,False,True,False,True,True,True,"# Description

dodani zapisi promjena prilikom azuriranja relacija entiteta (npr. brisanje/dodavanje kontakata na dogadaju ili brisanje/dodavanja dogadaja na ponudi)
refaktoriran i poopcen change servis",202,dodani zapisi promjena prilikom azuriranja relacija entiteta (npr. brisanje/dodavanje kontakata na dogadaju ili brisanje/dodavanja dogadaja na ponudi) refaktoriran i poopcen change servis,187,15082667 FS: Povijest relacijskih promjena
71.46166666666667,2.9775694444444447,688,3077620706,closed,True,False,2025-12-06T14:03:02Z,2025-12-09T13:30:44Z,2025-12-09T13:30:44Z,2025-12-09T13:30:46Z,2025-12-06T16:44:31Z,2025-12-06T14:03:02+00:00,[user_3],3,[user_3],2,[user_2]|[user],275,130,7,6,405,0,2,1,1,0,0,0,2025-12-09T11:54:40+00:00,2025-12-09T11:54:40+00:00,69.86055555555555,69.86055555555555,13,6,0,2,14831576 FE: Stupci iznosa,26,1237,TypeScript,1203,"Dodani stupci iznosa PDV i PP sa pripadajućim checkboxom za toggle samih iznosa, uz stupac cijena dodano polje ukupno u kojem se računa ukupna cijena tako da je uzet u obzir floating point problem i iznos je roundan na 2 decimale sa Math.round. Tablica je bila neupotrebljiva nakon dodavanja novih polja, sve se slomilo. Bila je borba s gridom i max-widthom. Doda sam overflow-x-auto i min-w-1400 klase na parent elemente tako da se tablica može horizontalno scrollat što po meni izgleda sasvim prihvatljivo. Javite šta vam se čini.",532,False,True,False,False,False,True,,14831576 FE: Stupci iznosa,1,0,False,True,False,False,False,True,"# Description

Dodani stupci iznosa PDV i PP sa pripadajućim checkboxom za toggle samih iznosa, uz stupac cijena dodano polje ukupno u kojem se računa ukupna cijena tako da je uzet u obzir floating point problem i iznos je roundan na 2 decimale sa Math.round.

Tablica je bila neupotrebljiva nakon dodavanja novih polja, sve se slomilo. Bila je borba s gridom i max-widthom.
Doda sam overflow-x-auto i min-w-1400 klase na parent elemente tako da se tablica može horizontalno scrollat što po meni izgleda sasvim prihvatljivo. Javite šta vam se čini.",548,"Dodani stupci iznosa PDV i PP sa pripadajućim checkboxom za toggle samih iznosa, uz stupac cijena dodano polje ukupno u kojem se računa ukupna cijena tako da je uzet u obzir floating point problem i iznos je roundan na 2 decimale sa Math.round. Tablica je bila neupotrebljiva nakon dodavanja novih polja, sve se slomilo. Bila je borba s gridom i max-widthom. Doda sam overflow-x-auto i min-w-1400 klase na parent elemente tako da se tablica može horizontalno scrollat što po meni izgleda sasvim prihvatljivo. Javite šta vam se čini.",532,14831576 FE: Stupci iznosa
0.14694444444444443,0.006122685185185185,689,3081709790,closed,True,False,2025-12-08T13:43:37Z,2025-12-08T13:52:26Z,2025-12-08T13:52:26Z,2025-12-08T13:52:28Z,,2025-12-08T13:43:37+00:00,[user_2],2,[user_2],2,[user]|[user_3],10,0,4,1,10,0,1,1,1,0,0,0,2025-12-08T13:47:05+00:00,2025-12-08T13:47:05+00:00,0.057777777777777775,0.057777777777777775,8,1,0,2,15170844 BE: Popust polje,25,596,TypeScript,567,dodano polje popust na offer modelu,35,False,True,False,False,True,False,,15170844 BE: Popust polje,0,0,False,True,False,False,True,False,"# Description

dodano polje popust na offer modelu",50,dodano polje popust na offer modelu,35,15170844 BE: Popust polje
22.97972222222222,0.9574884259259259,690,3081828865,closed,True,False,2025-12-08T14:18:45Z,2025-12-09T13:17:32Z,2025-12-09T13:17:32Z,2025-12-09T13:17:34Z,,2025-12-08T14:18:45+00:00,[user_2],2,[user_2],2,[user]|[user_3],52,0,3,3,52,0,3,2,1,1,0,0,2025-12-09T11:15:53+00:00,2025-12-09T13:16:59+00:00,20.952222222222222,22.970555555555556,11,3,0,3,"14831599 BE: Endpoint za novi ""number"" ponude",45,618,TypeScript,589,dodan GET endpoint za iduci number ponude,41,False,True,False,False,True,False,,"14831599 BE: Endpoint za novi ""number"" ponude",0,0,False,True,False,False,True,False,"# Description

dodan GET endpoint za iduci number ponude",56,dodan GET endpoint za iduci number ponude,41,"14831599 BE: Endpoint za novi ""number"" ponude"
164.41472222222222,6.850613425925926,691,3082366529,closed,True,False,2025-12-08T16:47:56Z,2025-12-15T13:12:49Z,2025-12-15T13:12:49Z,2025-12-15T13:12:50Z,2025-12-10T14:28:06Z,2025-12-08T16:47:56+00:00,[user_2],2,[user_2],3,[user_2]|[user]|[user_3],514,614,20,19,1128,5,18,19,1,18,0,0,2025-12-09T20:50:58+00:00,2025-12-15T12:01:46+00:00,28.050555555555555,163.23055555555555,45,19,5,3,14831563 FS: Breakdown,22,1221,TypeScript,1182,"kazite ako triba sta minjat oko dizajna dodan ""breakdown"" cijene ponude na formi: - dodana polja za popust, ukljucenost pdv-a i pp-a - pociscena logika racunanja cijena u mvpOfferContent i newOfferForm komponentama - prikazujemo: osnovicu, cijenu nakon popusta, iznos pdv-a i pp-a, ukupnu cijenu - azurirani tipovi i validatori - migracijske skripte - toggleanjem poreznih checkboxova ih (ne)uracunavamo u ukupnu cijenu - zaboravili smo azurirat konstante i changes helper za nova polja pa san i to odradia usput",512,False,True,False,True,True,True,,14831563 FS: Breakdown,1,0,False,True,False,True,True,True,"# Description

kazite ako triba sta minjat oko dizajna

dodan ""breakdown"" cijene ponude na formi:
- dodana polja za popust, ukljucenost pdv-a i pp-a
- pociscena logika racunanja cijena u mvpOfferContent i newOfferForm komponentama
- prikazujemo: osnovicu, cijenu nakon popusta, iznos pdv-a i pp-a, ukupnu cijenu
- azurirani tipovi i validatori
- migracijske skripte
- toggleanjem poreznih checkboxova ih (ne)uracunavamo u ukupnu cijenu
- zaboravili smo azurirat konstante i changes helper za nova polja pa san i to odradia usput",528,"kazite ako triba sta minjat oko dizajna dodan ""breakdown"" cijene ponude na formi: - dodana polja za popust, ukljucenost pdv-a i pp-a - pociscena logika racunanja cijena u mvpOfferContent i newOfferForm komponentama - prikazujemo: osnovicu, cijenu nakon popusta, iznos pdv-a i pp-a, ukupnu cijenu - azurirani tipovi i validatori - migracijske skripte - toggleanjem poreznih checkboxova ih (ne)uracunavamo u ukupnu cijenu - zaboravili smo azurirat konstante i changes helper za nova polja pa san i to odradia usput",512,14831563 FS: Breakdown
55.43222222222222,2.309675925925926,692,3085569363,closed,True,False,2025-12-09T13:07:54Z,2025-12-11T20:33:50Z,2025-12-11T20:33:50Z,2025-12-11T20:33:51Z,,2025-12-09T13:07:54+00:00,[user_3],3,[user_3],2,[user_2]|[user],56,37,4,2,93,0,0,2,1,1,0,0,2025-12-10T09:15:41+00:00,2025-12-10T13:34:17+00:00,20.129722222222224,24.439722222222223,10,2,0,3,15083766 FE: Client Event filter,32,813,TypeScript,784,"Uklonjena polja s filtera događaja koje klijenti ne koriste. Nije vezano za task, al sam doda enabled prop za dohvat ponuda jer bi pucalo kad se klijent ulogira jer nema prava za dohvat ponuda.",193,True,False,False,False,False,True,,15083766 FE: Client Event filter,0,0,True,False,False,False,False,True,"# Description

Uklonjena polja s filtera događaja koje klijenti ne koriste. Nije vezano za task, al sam doda enabled prop za dohvat ponuda jer bi pucalo kad se klijent ulogira jer nema prava za dohvat ponuda.",208,"Uklonjena polja s filtera događaja koje klijenti ne koriste. Nije vezano za task, al sam doda enabled prop za dohvat ponuda jer bi pucalo kad se klijent ulogira jer nema prava za dohvat ponuda.",193,15083766 FE: Client Event filter
20.461111111111112,0.8525462962962963,693,3085598619,closed,True,False,2025-12-09T13:15:28Z,2025-12-10T09:43:08Z,2025-12-10T09:43:08Z,2025-12-10T09:43:10Z,,2025-12-09T13:15:28+00:00,[user_3],3,[user_3],2,[user_2]|[user],1,0,1,1,1,0,0,1,1,0,0,0,2025-12-10T09:21:02+00:00,2025-12-10T09:21:02+00:00,20.092777777777776,20.092777777777776,7,1,0,2,15094207 FE: Kreiranje proizvoda padež,38,588,TypeScript,559,Dodan ženski rod na tip proizvoda roba,38,True,False,False,False,False,True,,15094207 FE: Kreiranje proizvoda padež,0,0,True,False,False,False,False,True,"# Description

Dodan ženski rod na tip proizvoda roba",53,Dodan ženski rod na tip proizvoda roba,38,15094207 FE: Kreiranje proizvoda padež
20.103055555555557,0.8376273148148149,694,3085990797,closed,True,False,2025-12-09T15:02:25Z,2025-12-10T11:08:36Z,2025-12-10T11:08:36Z,2025-12-10T11:08:38Z,,2025-12-09T15:02:25+00:00,[user_3],3,[user_3],3,[user_2]|[user]|[user_3],55,5,4,4,60,0,3,2,1,1,0,0,2025-12-10T09:32:28+00:00,2025-12-10T09:32:28+00:00,18.500833333333333,18.500833333333333,12,4,0,2,"14831599 FE: Dodati autoinkrementi ""number"" stupac",50,882,TypeScript,850,"Preko novog next-number endpointa kreiran prefill naziva ponude prilikom kreiranja nove ponude. Formatiran naziv prema broju kao što je navedeno u tasku. Prilikom testiranja sam naletia na bug ako nemamo niti jednu ponudu, BE pukne pa bi mogli mozda samo defaultno vratit 1 ako ne postoji ni jedan offer @[user_2]?",314,False,True,False,False,False,True,,"14831599 FE: Dodati autoinkrementi ""number"" stupac",0,0,False,True,False,False,False,True,"# Description

Preko novog next-number endpointa kreiran prefill naziva ponude prilikom kreiranja nove ponude.
Formatiran naziv prema broju kao što je navedeno u tasku.

Prilikom testiranja sam naletia na bug ako nemamo niti jednu ponudu, BE pukne pa bi mogli mozda samo defaultno vratit 1 ako ne postoji ni jedan offer @[user_2]?",330,"Preko novog next-number endpointa kreiran prefill naziva ponude prilikom kreiranja nove ponude. Formatiran naziv prema broju kao što je navedeno u tasku. Prilikom testiranja sam naletia na bug ako nemamo niti jednu ponudu, BE pukne pa bi mogli mozda samo defaultno vratit 1 ako ne postoji ni jedan offer @[user_2]?",314,"14831599 FE: Dodati autoinkrementi ""number"" stupac"
51.4475,2.1436458333333333,695,3086517158,closed,True,False,2025-12-09T17:28:28Z,2025-12-11T20:55:20Z,2025-12-11T20:55:19Z,2025-12-11T20:55:21Z,,2025-12-09T17:28:28+00:00,[user_3],3,[user_3],2,[user_2]|[user],111,98,6,5,209,3,0,1,1,0,0,0,2025-12-10T13:36:58+00:00,2025-12-10T13:36:58+00:00,20.141666666666666,20.141666666666666,14,5,3,2,15094211 FE: Popraviti mobilni prikaz forme,43,836,TypeScript,807,Popravljen mobilni prikaz forme u OfferForm i EventOfferTable komponentama tako da nema bezveznog vertikalnog scrolla i ostalih kršenja layouta. Polja validnosti datuma u Offer formi na mobitelu rade ok ali na browseru kad se smanji izgleda čudnije pa bacite oko jel vam to ok.,277,True,False,False,False,False,True,,15094211 FE: Popraviti mobilni prikaz forme,0,0,True,False,False,False,False,True,"# Description

Popravljen mobilni prikaz forme u OfferForm i EventOfferTable komponentama tako da nema bezveznog vertikalnog scrolla i ostalih kršenja layouta. Polja validnosti datuma u Offer formi na mobitelu rade ok ali na browseru kad se smanji izgleda čudnije pa bacite oko jel vam to ok.",292,Popravljen mobilni prikaz forme u OfferForm i EventOfferTable komponentama tako da nema bezveznog vertikalnog scrolla i ostalih kršenja layouta. Polja validnosti datuma u Offer formi na mobitelu rade ok ali na browseru kad se smanji izgleda čudnije pa bacite oko jel vam to ok.,277,15094211 FE: Popraviti mobilni prikaz forme
243.48055555555555,10.145023148148148,696,3088643871,closed,True,False,2025-12-10T09:42:14Z,2025-12-20T13:11:04Z,2025-12-20T13:11:04Z,2025-12-20T13:11:06Z,2025-12-16T13:05:52Z,2025-12-10T09:42:14+00:00,[user_3],3,[user_3],3,[user_2]|[user]|[user_3],232,31,10,12,263,2,9,7,1,6,0,0,2025-12-16T13:12:50+00:00,2025-12-20T08:02:02+00:00,147.51,238.33,25,12,2,3,14744146 FE: Dinamički stupci,29,2461,TypeScript,2416,"Dodan dropdown meni ""Stupci"" poviše tablice događaja kojom možemo toggleati određene stupce tablice. Bilo je dosta nezgodno napravit jer nam se botuni i dropdowni nalaze u Events layoutu, a sama tablica u EventsTable komponenti. Iskorišten postojeći usePreferences hook kako bi sačuvali korisnikove postavke vidljivih stupaca. Flow ide ovako: Kreiran je dropdown u Events layoutu sa visibleColumns stateom i cijelom logikom updateanja i čitanja (iz preferenci) applyjanih vidljivih stupaca. State i setter funkcije šaljemo preko OutletContexta kojeg prima EventsTable komponenta koja je child komponenta Events page-a, ovo preko OutletContexta je jedini način da spojimo layout i njegov Outlet. Nadalje, u EventsTable-u prolazimo kroz visibleColumns i na temelju toga prikazujemo/skrivamo header i ćelije. Na svaki header je dodan property 'hideable', tako da možemo odlučiti koji se stupci mogu sakriti u meniju a koji ne, zasad sam isključio (uz stupce odabira događaja i akcija) stupce 'Naziv' i 'Status', prebitni su da ih možemo isljučiti. Svakako onaj border lijevo za status prikazujemo na temelju stupca status, pa ako ga sakrijemo neće se vidjeti ni boja. Također je dodan mali UX touch, logika i checkbox za 'Odaberi sve' tako da kad korisnik makne sve stupce da ih samo jednim klikom može vratiti natrag. Neću lagat namučia me dosta feature sa prebacivanjem podataka, sitnih bugova sa filterima, setanjem statea, renderanjem, ima nekoliko useEffekata s kojima nisam zadovoljan al nisam pegla u detalje da ne pržimo vrime. Javite šta mislite o dizajnu ovih gumbova 'Preuzmi' i 'Stupci', nekako mi se ne uklapaju s ostalim gumbovima.",1642,False,True,False,False,False,True,,14744146 FE: Dinamički stupci,1,0,False,True,False,False,False,True,"# Description

Dodan dropdown meni ""Stupci"" poviše tablice događaja kojom možemo toggleati određene stupce tablice. Bilo je dosta nezgodno napravit jer nam se botuni i dropdowni nalaze u Events layoutu, a sama tablica u EventsTable komponenti. Iskorišten postojeći usePreferences hook kako bi sačuvali korisnikove postavke vidljivih stupaca.

Flow ide ovako: Kreiran je dropdown u Events layoutu sa visibleColumns stateom i cijelom logikom updateanja i čitanja (iz preferenci) applyjanih vidljivih stupaca. State i setter funkcije šaljemo preko OutletContexta kojeg prima EventsTable komponenta koja je child komponenta Events page-a, ovo preko OutletContexta je jedini način da spojimo layout i njegov Outlet. Nadalje, u EventsTable-u prolazimo kroz visibleColumns i na temelju toga prikazujemo/skrivamo header i ćelije.

Na svaki header je dodan property 'hideable', tako da možemo odlučiti koji se stupci mogu sakriti u meniju a koji ne, zasad sam isključio (uz stupce odabira događaja i akcija) stupce 'Naziv' i 'Status', prebitni su da ih možemo isljučiti. Svakako onaj border lijevo za status prikazujemo na temelju stupca status, pa ako ga sakrijemo neće se vidjeti ni boja.

Također je dodan mali UX touch, logika i checkbox za 'Odaberi sve' tako da kad korisnik makne sve stupce da ih samo jednim klikom može vratiti natrag.

Neću lagat namučia me dosta feature sa prebacivanjem podataka, sitnih bugova sa filterima, setanjem statea, renderanjem, ima nekoliko useEffekata s kojima nisam zadovoljan al nisam pegla u detalje da ne pržimo vrime.

Javite šta mislite o dizajnu ovih gumbova 'Preuzmi' i 'Stupci', nekako mi se ne uklapaju s ostalim gumbovima.",1662,"Dodan dropdown meni ""Stupci"" poviše tablice događaja kojom možemo toggleati određene stupce tablice. Bilo je dosta nezgodno napravit jer nam se botuni i dropdowni nalaze u Events layoutu, a sama tablica u EventsTable komponenti. Iskorišten postojeći usePreferences hook kako bi sačuvali korisnikove postavke vidljivih stupaca. Flow ide ovako: Kreiran je dropdown u Events layoutu sa visibleColumns stateom i cijelom logikom updateanja i čitanja (iz preferenci) applyjanih vidljivih stupaca. State i setter funkcije šaljemo preko OutletContexta kojeg prima EventsTable komponenta koja je child komponenta Events page-a, ovo preko OutletContexta je jedini način da spojimo layout i njegov Outlet. Nadalje, u EventsTable-u prolazimo kroz visibleColumns i na temelju toga prikazujemo/skrivamo header i ćelije. Na svaki header je dodan property 'hideable', tako da možemo odlučiti koji se stupci mogu sakriti u meniju a koji ne, zasad sam isključio (uz stupce odabira događaja i akcija) stupce 'Naziv' i 'Status', prebitni su da ih možemo isljučiti. Svakako onaj border lijevo za status prikazujemo na temelju stupca status, pa ako ga sakrijemo neće se vidjeti ni boja. Također je dodan mali UX touch, logika i checkbox za 'Odaberi sve' tako da kad korisnik makne sve stupce da ih samo jednim klikom može vratiti natrag. Neću lagat namučia me dosta feature sa prebacivanjem podataka, sitnih bugova sa filterima, setanjem statea, renderanjem, ima nekoliko useEffekata s kojima nisam zadovoljan al nisam pegla u detalje da ne pržimo vrime. Javite šta mislite o dizajnu ovih gumbova 'Preuzmi' i 'Stupci', nekako mi se ne uklapaju s ostalim gumbovima.",1642,14744146 FE: Dinamički stupci
31.030555555555555,1.2929398148148148,697,3096520542,closed,True,False,2025-12-12T13:21:33Z,2025-12-13T20:23:23Z,2025-12-13T20:23:23Z,2025-12-13T20:23:25Z,,2025-12-12T13:21:33+00:00,[user_2],2,[user],2,[user]|[user_3],34,15,2,3,49,0,0,1,1,0,0,0,2025-12-13T10:37:46+00:00,2025-12-13T10:37:46+00:00,21.27027777777778,21.27027777777778,9,3,0,2,15240252 FS: Word fix,21,1008,TypeScript,975,"ignorirajte ime grane, originalan task je bia za excel al san kad san krenia gledat san nasa probleme na wordu zbog missalignementa tipova sadrzaja ponude popravljeni bugovi: - mjerna jedinica retka ponude u wordu je bila undefined (ode san doda usput stupac u mvpOfferContent za mjernu jedinicu da kad se unosi kolicina da se zna na sta se misli) - ako bi ponuda imala proizvode sa cijenom penala nije se ispisivalo isInventoryPenalty dio u wordu",447,True,False,False,False,True,True,,15240252 FS: Word fix,0,0,True,False,False,False,True,True,"# Description

ignorirajte ime grane, originalan task je bia za excel al san kad san krenia gledat san nasa probleme na wordu zbog missalignementa tipova sadrzaja ponude

popravljeni bugovi:
- mjerna jedinica retka ponude u wordu je bila undefined (ode san doda usput stupac u mvpOfferContent za mjernu jedinicu da kad se unosi kolicina da se zna na sta se misli)
- ako bi ponuda imala proizvode sa cijenom penala nije se ispisivalo isInventoryPenalty dio u wordu",463,"ignorirajte ime grane, originalan task je bia za excel al san kad san krenia gledat san nasa probleme na wordu zbog missalignementa tipova sadrzaja ponude popravljeni bugovi: - mjerna jedinica retka ponude u wordu je bila undefined (ode san doda usput stupac u mvpOfferContent za mjernu jedinicu da kad se unosi kolicina da se zna na sta se misli) - ako bi ponuda imala proizvode sa cijenom penala nije se ispisivalo isInventoryPenalty dio u wordu",447,15240252 FS: Word fix
30.731666666666666,1.280486111111111,698,3096565866,closed,True,False,2025-12-12T13:37:49Z,2025-12-13T20:21:43Z,2025-12-13T20:21:43Z,2025-12-15T11:27:00Z,,2025-12-12T13:37:49+00:00,[user_2],2,[user],2,[user]|[user_3],3,4,2,1,7,0,0,2,2,0,0,0,2025-12-13T10:35:29+00:00,2025-12-13T10:35:29+00:00,20.961111111111112,20.961111111111112,8,1,0,2,15240120 BE: OTP refactor,25,884,TypeScript,849,izmjenjen html template za mail (ide u apps/api/templates): [generate-password.html](https://github.com/user-attachments/files/24164354/generate-password.html) promjene kod privremene lozinke: - duzina OTPa: 6 - validnost lozinke: 12 sati - izbaceni znakovi 0 i O,263,False,False,False,True,True,False,,15240120 BE: OTP refactor,0,0,False,False,False,True,True,False,"# Description

izmjenjen html template za mail (ide u apps/api/templates):
[generate-password.html](https://github.com/user-attachments/files/24164354/generate-password.html)

promjene kod privremene lozinke:
- duzina OTPa: 6
- validnost lozinke: 12 sati
- izbaceni znakovi 0 i O",279,izmjenjen html template za mail (ide u apps/api/templates): [generate-password.html](https://github.com/user-attachments/files/24164354/generate-password.html) promjene kod privremene lozinke: - duzina OTPa: 6 - validnost lozinke: 12 sati - izbaceni znakovi 0 i O,263,15240120 BE: OTP refactor
46.965,1.9568750000000001,699,3098590540,closed,True,False,2025-12-13T11:11:56Z,2025-12-15T10:09:50Z,2025-12-15T10:09:50Z,2025-12-15T10:09:52Z,,2025-12-13T11:11:56+00:00,[user_3],3,[user_3],3,[user_2]|[user]|[user_3],58,56,9,4,114,0,3,2,1,1,0,0,2025-12-13T11:12:23+00:00,2025-12-15T09:09:10+00:00,0.0075,45.95388888888889,11,4,0,2,15236606 FE: Products page refresh,34,917,TypeScript,888,"Naziv taska je **products** page refresh, ali sam naletio na slične pi*darije i u ostatku koda. Refaktorirani isUserLoading uvjeti, prebačeni u enabled option api hookova. Usput popravljeni bugovi di bi bacalo na forbidden page jer se user nije loadao dodavanjem isUserLoading u provjeru pokraj hasPermission.",309,True,False,False,False,False,True,,15236606 FE: Products page refresh,0,0,True,False,False,False,False,True,"# Description

Naziv taska je **products** page refresh, ali sam naletio na slične pi*darije i u ostatku koda. Refaktorirani isUserLoading uvjeti, prebačeni u enabled option api hookova. Usput popravljeni bugovi di bi bacalo na forbidden page jer se user nije loadao dodavanjem isUserLoading u provjeru pokraj hasPermission.",324,"Naziv taska je **products** page refresh, ali sam naletio na slične pi*darije i u ostatku koda. Refaktorirani isUserLoading uvjeti, prebačeni u enabled option api hookova. Usput popravljeni bugovi di bi bacalo na forbidden page jer se user nije loadao dodavanjem isUserLoading u provjeru pokraj hasPermission.",309,15236606 FE: Products page refresh
8.793888888888889,0.366412037037037,700,3098605312,closed,True,False,2025-12-13T11:34:59Z,2025-12-13T20:22:37Z,2025-12-13T20:22:37Z,2025-12-13T20:22:39Z,,2025-12-13T11:34:59+00:00,[user_3],3,[user],2,[user_2]|[user],2,3,1,1,5,0,0,0,0,0,0,0,,,,,6,1,0,2,15239930 FE: formatiranje datuma globalno,41,849,TypeScript,818,"Nisam nigdi pronaša ne-hrvatsko formatiranje osim u Offer tablici, popravljeno.",79,True,False,False,False,False,True,,15239930 FE: formatiranje datuma globalno,1,0,True,False,False,False,False,True,"# Description

Nisam nigdi pronaša ne-hrvatsko formatiranje osim u Offer tablici, popravljeno.",94,"Nisam nigdi pronaša ne-hrvatsko formatiranje osim u Offer tablici, popravljeno.",79,15239930 FE: formatiranje datuma globalno
8.671944444444444,0.3613310185185185,701,3098609640,closed,True,False,2025-12-13T11:41:43Z,2025-12-13T20:22:02Z,2025-12-13T20:22:02Z,2025-12-13T20:22:04Z,,2025-12-13T11:41:43+00:00,[user_3],3,[user],2,[user_2]|[user],0,1,1,1,1,0,0,1,1,0,0,0,2025-12-13T20:20:52+00:00,2025-12-13T20:20:52+00:00,8.6525,8.6525,7,1,0,2,15236643 FE: tooltip unbold,27,715,TypeScript,684,"Unboldan tooltip, ostavljeno na ključnim riječima.",50,True,False,False,False,False,True,,15236643 FE: tooltip unbold,1,0,True,False,False,False,False,True,"# Description

Unboldan tooltip, ostavljeno na ključnim riječima.",65,"Unboldan tooltip, ostavljeno na ključnim riječima.",50,15236643 FE: tooltip unbold
34.700833333333335,1.4458680555555556,702,3099122036,closed,True,False,2025-12-13T23:17:24Z,2025-12-15T09:59:27Z,2025-12-15T09:59:27Z,2025-12-15T09:59:29Z,,2025-12-13T23:17:24+00:00,[user_3],3,[user_3],2,[user_2]|[user],30,35,5,2,65,0,0,1,1,0,0,0,2025-12-15T08:59:57+00:00,2025-12-15T08:59:57+00:00,33.70916666666667,33.70916666666667,8,2,0,2,15240084 FE: toast adaptation,29,1253,TypeScript,1216,"Popravljena kriva error poruka na toastu prilikom logina preko OTP-a (Umjesto neispravni podaci ili korisnik ne postoji ispravno ispisuje da slanje emaila nije uspjelo). Usput je dodatno počišćen kod, premješteni onError handleri u odgovarajuće hookove. Razmišlja sam o tome kako ispravno mapirat te errore, bacite oko na kod i dajte feedback. Morat ćemo jednom totalno sredit error handling i poruke.",401,True,False,False,False,False,True,,15240084 FE: toast adaptation,2,0,True,False,False,False,False,True,"# Description

Popravljena kriva error poruka na toastu prilikom logina preko OTP-a (Umjesto neispravni podaci ili korisnik ne postoji ispravno ispisuje da slanje emaila nije uspjelo).

Usput je dodatno počišćen kod, premješteni onError handleri u odgovarajuće hookove. Razmišlja sam o tome kako ispravno mapirat te errore, bacite oko na kod i dajte feedback. Morat ćemo jednom totalno sredit error handling i poruke.",417,"Popravljena kriva error poruka na toastu prilikom logina preko OTP-a (Umjesto neispravni podaci ili korisnik ne postoji ispravno ispisuje da slanje emaila nije uspjelo). Usput je dodatno počišćen kod, premješteni onError handleri u odgovarajuće hookove. Razmišlja sam o tome kako ispravno mapirat te errore, bacite oko na kod i dajte feedback. Morat ćemo jednom totalno sredit error handling i poruke.",401,15240084 FE: toast adaptation
24.328611111111112,1.0136921296296297,703,3101678464,closed,True,False,2025-12-15T09:22:00Z,2025-12-16T09:41:43Z,2025-12-16T09:41:43Z,2025-12-16T09:41:45Z,2025-12-15T09:48:54Z,2025-12-15T09:22:00+00:00,[user_3],3,[user_3],2,[user_2]|[user],132,62,7,5,194,3,0,1,1,0,0,0,2025-12-15T12:47:32+00:00,2025-12-15T12:47:32+00:00,3.4255555555555555,3.4255555555555555,18,5,3,2,15235739 FE: Additional space in creating menu,46,1453,TypeScript,1416,"Boostrapov grid sa col-... pravi probleme kad su dinamički stupci u pitanju (u jednoj formi imamo 5 stupaca, u drugoj 10) i onda se form-fieldset ne ponaša kako treba, teško mu je odrediti width, sve se lomi... Umisto boostrapa sam ubacia custom css grid koji je lako prilagodljiv, nije mi oduzea puno vrimena, brutalno radi na mobitelu, sve je poravnano kako triba i radi ok. Ako vam se ne čini clean što radimo preko grida javite pa možemo prodiskutirat kako ovo riješit. Usput su rišeni i taskovi: [15236227](https://app.productive.io/50657-29/tasks/task/15236227) i [15236498] (samo spacing)(https://app.productive.io/50657-29/tasks/task/15236498)",651,True,False,False,False,False,True,,15235739 FE: Additional space in creating menu,2,0,True,False,False,False,False,True,"# Description

Boostrapov grid sa col-... pravi probleme kad su dinamički stupci u pitanju (u jednoj formi imamo 5 stupaca, u drugoj 10) i onda se form-fieldset ne ponaša kako treba, teško mu je odrediti width, sve se lomi...

Umisto boostrapa sam ubacia custom css grid koji je lako prilagodljiv, nije mi oduzea puno vrimena, brutalno radi na mobitelu, sve je poravnano kako triba i radi ok. Ako vam se ne čini clean što radimo preko grida javite pa možemo prodiskutirat kako ovo riješit.

Usput su rišeni i taskovi: [15236227](https://app.productive.io/50657-29/tasks/task/15236227) i [15236498] (samo spacing)(https://app.productive.io/50657-29/tasks/task/15236498)",668,"Boostrapov grid sa col-... pravi probleme kad su dinamički stupci u pitanju (u jednoj formi imamo 5 stupaca, u drugoj 10) i onda se form-fieldset ne ponaša kako treba, teško mu je odrediti width, sve se lomi... Umisto boostrapa sam ubacia custom css grid koji je lako prilagodljiv, nije mi oduzea puno vrimena, brutalno radi na mobitelu, sve je poravnano kako triba i radi ok. Ako vam se ne čini clean što radimo preko grida javite pa možemo prodiskutirat kako ovo riješit. Usput su rišeni i taskovi: [15236227](https://app.productive.io/50657-29/tasks/task/15236227) i [15236498] (samo spacing)(https://app.productive.io/50657-29/tasks/task/15236498)",651,15235739 FE: Additional space in creating menu
1.3288888888888888,0.05537037037037037,704,3101867565,closed,True,False,2025-12-15T10:14:06Z,2025-12-15T11:33:50Z,2025-12-15T11:33:50Z,2025-12-15T11:33:51Z,,2025-12-15T10:14:06+00:00,[user_3],3,[user_3],2,[user_2]|[user],4,2,1,1,6,0,0,1,1,0,0,0,2025-12-15T10:18:55+00:00,2025-12-15T10:18:55+00:00,0.08027777777777778,0.08027777777777778,7,1,0,2,15236388 FE: Label change,25,630,TypeScript,598,Promijenjene labele: Ponuda → Datoteka ponude Ugovor → Datoteka ugovora,71,False,False,False,True,False,True,,15236388 FE: Label change,0,0,False,False,False,True,False,True,"# Description

Promijenjene labele: 

Ponuda → Datoteka ponude
Ugovor → Datoteka ugovora",88,Promijenjene labele: Ponuda → Datoteka ponude Ugovor → Datoteka ugovora,71,15236388 FE: Label change
27.080555555555556,1.1283564814814815,705,3101977097,closed,True,False,2025-12-15T10:45:53Z,2025-12-16T13:50:43Z,2025-12-16T13:50:43Z,2025-12-16T13:50:44Z,,2025-12-15T10:45:53+00:00,[user_2],2,[user_2],3,[user_2]|[user]|[user_3],24,23,4,7,47,0,3,4,1,3,0,0,2025-12-15T12:08:09+00:00,2025-12-16T09:40:52+00:00,1.3711111111111112,22.91638888888889,16,7,0,3,15298619 FS: Meni validacija,28,1015,TypeScript,980,"poopravljena validacija menija i dodan botun za obrisat redak maka san nepotrebne propove: - isRequired je uvik samo !isReadOnly a saljemo isReadOnly pa po tome mozemo namistit isRequired, tako radimo na drugin formama - isPdvVisible i isPpVisible san maka i samo gleda isPriceVisible jer nemamo trenutno use case di nam triba toliko custom prikaz izgled i dalje ne valja al triba bi se risit s ovin taskom: https://github.com/[user]/[project]/pull/703",451,True,False,False,True,True,True,,15298619 FS: Meni validacija,0,0,True,False,False,True,True,True,"# Description

poopravljena validacija menija i dodan botun za obrisat redak

maka san nepotrebne propove: 
- isRequired je uvik samo !isReadOnly a saljemo isReadOnly pa po tome mozemo namistit isRequired, tako radimo na drugin formama
- isPdvVisible i isPpVisible san maka i samo gleda isPriceVisible jer nemamo trenutno use case di nam triba toliko custom prikaz

izgled i dalje ne valja al triba bi se risit s ovin taskom: https://github.com/[user]/[project]/pull/703",469,"poopravljena validacija menija i dodan botun za obrisat redak maka san nepotrebne propove: - isRequired je uvik samo !isReadOnly a saljemo isReadOnly pa po tome mozemo namistit isRequired, tako radimo na drugin formama - isPdvVisible i isPpVisible san maka i samo gleda isPriceVisible jer nemamo trenutno use case di nam triba toliko custom prikaz izgled i dalje ne valja al triba bi se risit s ovin taskom: https://github.com/[user]/[project]/pull/703",451,15298619 FS: Meni validacija
0.31555555555555553,0.013148148148148147,706,3102044382,closed,True,False,2025-12-15T11:08:34Z,2025-12-15T11:27:30Z,2025-12-15T11:27:30Z,2025-12-15T11:27:31Z,,2025-12-15T11:08:34+00:00,[user_2],2,[user_2],2,[user]|[user_3],10,6,2,1,16,0,0,1,1,0,0,0,2025-12-15T11:12:11+00:00,2025-12-15T11:12:11+00:00,0.06027777777777778,0.06027777777777778,7,1,0,2,15299245 FE: useFetchTaxes enabled,34,666,TypeScript,637,dodan prop enabled u useFetchTaxes hooku da ne fetchamo poreze kad ne treba (meni forma ne prikazuje cijene),108,False,False,False,True,False,True,,15299245 FE: useFetchTaxes enabled,0,0,False,False,False,True,False,True,"# Description

dodan prop enabled u useFetchTaxes hooku da ne fetchamo poreze kad ne treba (meni forma ne prikazuje cijene)",123,dodan prop enabled u useFetchTaxes hooku da ne fetchamo poreze kad ne treba (meni forma ne prikazuje cijene),108,15299245 FE: useFetchTaxes enabled
121.63944444444445,5.068310185185186,707,3102125165,closed,True,False,2025-12-15T11:33:36Z,2025-12-20T13:11:58Z,2025-12-20T13:11:58Z,2025-12-20T13:11:59Z,2025-12-18T23:37:12Z,2025-12-15T11:33:36+00:00,[user_3],3,[user_3],2,[user_2]|[user],101,114,4,5,215,2,0,1,1,0,0,0,2025-12-20T08:08:58+00:00,2025-12-20T08:08:58+00:00,116.58944444444444,116.58944444444444,15,5,2,2,"15236498 FE: Dodavanje stupaca, icon, spacing",45,800,TypeScript,769,Dodani stupci status i iznos u ponudama na formi događaja.,58,False,False,True,False,False,True,,"15236498 FE: Dodavanje stupaca, icon, spacing",1,0,False,False,True,False,False,True,"# Description

Dodani stupci status i iznos u ponudama na formi događaja.",73,Dodani stupci status i iznos u ponudama na formi događaja.,58,"15236498 FE: Dodavanje stupaca, icon, spacing"
22.835833333333333,0.9514930555555555,708,3102288114,closed,True,False,2025-12-15T12:24:02Z,2025-12-16T11:14:11Z,2025-12-16T11:14:11Z,2025-12-16T11:14:13Z,,2025-12-15T12:24:02+00:00,[user_3],3,[user_3],2,[user_2]|[user],23,12,4,4,35,0,0,1,1,0,0,0,2025-12-15T12:44:53+00:00,2025-12-15T12:44:53+00:00,0.3475,0.3475,10,4,0,2,15235939 FE: icon change,24,848,TypeScript,817,"Izmijenjen tekst ""Pregled"" i ""Obriši"" u pripadajuće ikone, spacing trenutno nije na mjestu ali će se popraviti mergeom: https://github.com/[user]/[project]/pull/703",163,False,False,False,True,False,True,,15235939 FE: icon change,1,0,False,False,False,True,False,True,"# Description

Izmijenjen tekst ""Pregled"" i ""Obriši"" u pripadajuće ikone, spacing trenutno nije na mjestu ali će se popraviti mergeom: https://github.com/[user]/[project]/pull/703",178,"Izmijenjen tekst ""Pregled"" i ""Obriši"" u pripadajuće ikone, spacing trenutno nije na mjestu ali će se popraviti mergeom: https://github.com/[user]/[project]/pull/703",163,15235939 FE: icon change
21.865833333333335,0.911076388888889,709,3102614395,closed,True,False,2025-12-15T13:53:05Z,2025-12-16T11:45:02Z,2025-12-16T11:45:02Z,2025-12-16T11:45:04Z,,2025-12-15T13:53:05+00:00,[user_2],2,[user_2],1,[user_3],12,16,3,2,28,0,0,1,1,0,0,0,2025-12-16T09:59:59+00:00,2025-12-16T09:59:59+00:00,20.115,20.115,7,2,0,0,15302593 FE: Login toast,24,1158,TypeScript,1127,"popravljen bug di se ne pojavi success toast na loginu (prolazeci kroz ostale hookove san nasa isti problem i na jos par mista): - success toast bi zaminia loading toast (isti ID) i onda bi ga onSettled maka - moglo bi se kroz neki novi task i pocistit sve hookove da nam je svugdi isti princip jer u nekin hookovima radimo na princip da se kreira loading toast, zaminimo ga sa success toastom a brisemo loading toast samo na erroru (nemamo onSettled) ili princip di se kreira loading toast, kreiramo novi success toast i sa onSettled obrisemo loading toast",557,True,False,False,False,False,True,,15302593 FE: Login toast,0,0,True,False,False,False,False,True,"# Description

popravljen bug di se ne pojavi success toast na loginu (prolazeci kroz ostale hookove san nasa isti problem i na jos par mista):
- success toast bi zaminia loading toast (isti ID) i onda bi ga onSettled maka
- moglo bi se kroz neki novi task i pocistit sve hookove da nam je svugdi isti princip jer u nekin hookovima radimo na princip da se kreira loading toast, zaminimo ga sa success toastom a brisemo loading toast samo na erroru (nemamo onSettled) ili princip di se kreira loading toast, kreiramo novi success toast i sa onSettled obrisemo loading toast",572,"popravljen bug di se ne pojavi success toast na loginu (prolazeci kroz ostale hookove san nasa isti problem i na jos par mista): - success toast bi zaminia loading toast (isti ID) i onda bi ga onSettled maka - moglo bi se kroz neki novi task i pocistit sve hookove da nam je svugdi isti princip jer u nekin hookovima radimo na princip da se kreira loading toast, zaminimo ga sa success toastom a brisemo loading toast samo na erroru (nemamo onSettled) ili princip di se kreira loading toast, kreiramo novi success toast i sa onSettled obrisemo loading toast",557,15302593 FE: Login toast
68.17611111111111,2.8406712962962963,710,3102899558,closed,True,False,2025-12-15T15:06:10Z,2025-12-18T11:16:45Z,2025-12-18T11:16:44Z,2025-12-18T11:16:46Z,,2025-12-15T15:06:10+00:00,[user_2],2,[user_2],3,[user_2]|[user]|[user_3],53,69,5,9,122,1,4,7,1,6,0,0,2025-12-16T10:33:31+00:00,2025-12-18T11:16:02+00:00,19.455833333333334,68.16444444444444,21,9,1,3,15302803 FE: Zacrveniti polja,29,1271,TypeScript,1235,"neka polja se nebi zacrvenila kad su kriva jer se nebi dodirnila pa touched atribut nebude true, sta mora bit da se prikaze error (svugdi gledamo touched i error): - doda san problematicna u event initial values da ih formik moze stavit ko touched na submitu - labela ""Ostalo"" -> ""Ostalo (prodajni kanal)"" - usput san azurira event tip da opcionalna polja mogu bit i null - usput pocistia event repo create metodu da se ne pise svako polje - usput san primjetia da deliveryMethodOther jedini nema provjeru toucheda pa san doda ovo je neki temp fix, doda bi task da prazne stringove normaliziramo u null prije slanja jer ovako nam sva ova opcionalna polja imaju prazne stringove u bazi",684,True,False,False,False,False,True,,15302803 FE: Zacrveniti polja,0,0,True,False,False,False,False,True,"# Description

neka polja se nebi zacrvenila kad su kriva jer se nebi dodirnila pa touched atribut nebude true, sta mora bit da se prikaze error (svugdi gledamo touched i error):
- doda san problematicna u event initial values da ih formik moze stavit ko touched na submitu
- labela ""Ostalo"" -> ""Ostalo (prodajni kanal)""
- usput san azurira event tip da opcionalna polja mogu bit i null
- usput pocistia event repo create metodu da se ne pise svako polje
- usput san primjetia da deliveryMethodOther jedini nema provjeru toucheda pa san doda

ovo je neki temp fix, doda bi task da prazne stringove normaliziramo u null prije slanja jer ovako nam sva ova opcionalna polja imaju prazne stringove u bazi",700,"neka polja se nebi zacrvenila kad su kriva jer se nebi dodirnila pa touched atribut nebude true, sta mora bit da se prikaze error (svugdi gledamo touched i error): - doda san problematicna u event initial values da ih formik moze stavit ko touched na submitu - labela ""Ostalo"" -> ""Ostalo (prodajni kanal)"" - usput san azurira event tip da opcionalna polja mogu bit i null - usput pocistia event repo create metodu da se ne pise svako polje - usput san primjetia da deliveryMethodOther jedini nema provjeru toucheda pa san doda ovo je neki temp fix, doda bi task da prazne stringove normaliziramo u null prije slanja jer ovako nam sva ova opcionalna polja imaju prazne stringove u bazi",684,15302803 FE: Zacrveniti polja
20.532777777777778,0.8555324074074074,711,3102932761,closed,True,False,2025-12-15T15:14:25Z,2025-12-16T11:46:23Z,2025-12-16T11:46:23Z,2025-12-16T11:46:25Z,,2025-12-15T15:14:25+00:00,[user_2],2,[user_2],2,[user]|[user_3],76,76,1,1,152,0,0,1,1,0,0,0,2025-12-16T11:10:41+00:00,2025-12-16T11:10:41+00:00,19.93777777777778,19.93777777777778,8,1,0,2,15302744 FE: Event form redoslijed polja,40,732,TypeScript,703,"popravljen redoslijed polja u event formi kako task kaze, jedino san jos zaminia mista usluge i statusa tako da polje razlog odbijanja bude odma ispod statusa na mobilnom prikazu.",179,False,False,False,True,False,True,,15302744 FE: Event form redoslijed polja,0,0,False,False,False,True,False,True,"# Description

popravljen redoslijed polja u event formi kako task kaze, jedino san jos zaminia mista usluge i statusa tako da polje razlog odbijanja bude odma ispod statusa na mobilnom prikazu.",194,"popravljen redoslijed polja u event formi kako task kaze, jedino san jos zaminia mista usluge i statusa tako da polje razlog odbijanja bude odma ispod statusa na mobilnom prikazu.",179,15302744 FE: Event form redoslijed polja
20.432222222222222,0.8513425925925926,712,3102956839,closed,True,False,2025-12-15T15:21:18Z,2025-12-16T11:47:14Z,2025-12-16T11:47:14Z,2025-12-16T11:47:15Z,,2025-12-15T15:21:18+00:00,[user_2],2,[user_2],2,[user]|[user_3],11,11,4,1,22,0,0,1,1,0,0,0,2025-12-16T11:13:45+00:00,2025-12-16T11:13:45+00:00,19.874166666666667,19.874166666666667,7,1,0,2,15302818 FE: Nazivi polja u promjenama,38,623,TypeScript,594,maknuta imena entiteta iz imena polja u mapama polja entiteta.,62,False,False,False,True,False,True,,15302818 FE: Nazivi polja u promjenama,0,0,False,False,False,True,False,True,"# Description

maknuta imena entiteta iz imena polja u mapama polja entiteta.",77,maknuta imena entiteta iz imena polja u mapama polja entiteta.,62,15302818 FE: Nazivi polja u promjenama
0.11444444444444445,0.004768518518518518,713,3105960235,closed,True,False,2025-12-16T11:18:27Z,2025-12-16T11:25:19Z,2025-12-16T11:25:19Z,2025-12-16T11:25:21Z,,2025-12-16T11:18:27+00:00,[user_3],3,[user_3],1,[user],0,5,1,1,5,0,0,0,0,0,0,0,,,,,5,1,0,1,15301152 FE: Ukloniti napomenu sa stranice ponude,49,599,TypeScript,570,Uklonjena napomena za stranice ponude.,38,False,False,False,True,False,True,,15301152 FE: Ukloniti napomenu sa stranice ponude,0,0,False,False,False,True,False,True,"# Description

Uklonjena napomena za stranice ponude.",53,Uklonjena napomena za stranice ponude.,38,15301152 FE: Ukloniti napomenu sa stranice ponude
44.03888888888889,1.8349537037037038,714,3106307939,closed,True,False,2025-12-16T13:13:19Z,2025-12-18T09:15:39Z,2025-12-18T09:15:39Z,2025-12-18T09:15:41Z,,2025-12-16T13:13:19+00:00,[user_2],2,[user_2],3,[user_2]|[user]|[user_3],180,33,10,7,213,0,9,10,1,9,0,0,2025-12-16T17:32:11+00:00,2025-12-17T23:49:21+00:00,4.314444444444445,34.60055555555556,19,7,0,3,15302500 FS: Ukupna cijena ponude,33,1008,TypeScript,978,"u bazu ubacena required financijska polja (pocetna, sa popustom, pdv, pp i ukupna cijena): - na createu ih ne navodimo eksplicitno vec ih BE kalkulira na createu prema popustu, ukljucenosti poreza i sadrzaju ponude - na editu ako su navedena polja koja utjecu na cijenu, cijene se ponovo racunaju i spremaju u bazi - na FE je ostala logika racunanja cijena ista ali se koristi samo za preview, na BE se zapravo racuna i sprema cijena",433,False,False,False,True,True,True,,15302500 FS: Ukupna cijena ponude,0,0,False,False,False,True,True,True,"# Description

u bazu ubacena required financijska polja (pocetna, sa popustom, pdv, pp i ukupna cijena):
- na createu ih ne navodimo eksplicitno vec ih BE kalkulira na createu prema popustu, ukljucenosti poreza i sadrzaju ponude
- na editu ako su navedena polja koja utjecu na cijenu, cijene se ponovo racunaju i spremaju u bazi
- na FE je ostala logika racunanja cijena ista ali se koristi samo za preview, na BE se zapravo racuna i sprema cijena",448,"u bazu ubacena required financijska polja (pocetna, sa popustom, pdv, pp i ukupna cijena): - na createu ih ne navodimo eksplicitno vec ih BE kalkulira na createu prema popustu, ukljucenosti poreza i sadrzaju ponude - na editu ako su navedena polja koja utjecu na cijenu, cijene se ponovo racunaju i spremaju u bazi - na FE je ostala logika racunanja cijena ista ali se koristi samo za preview, na BE se zapravo racuna i sprema cijena",433,15302500 FS: Ukupna cijena ponude
21.2725,0.8863541666666667,715,3109741569,closed,True,False,2025-12-17T11:59:01Z,2025-12-18T09:15:22Z,2025-12-18T09:15:22Z,2025-12-18T09:15:25Z,,2025-12-17T11:59:01+00:00,[user_2],2,[user_2],2,[user]|[user_3],5,3,1,2,8,0,1,2,1,1,0,0,2025-12-17T23:53:17+00:00,2025-12-17T23:53:17+00:00,11.904444444444444,11.904444444444444,9,2,0,2,15355586 BE: Klijentov pregled dogadaja,39,831,TypeScript,800,bug: kad bi dobavljali dogadaj po IDu kao klijent otislo bi u getByIdForClient u kojen formatiramo event pa bi ga formatirali opet u getById: - sad formatiramo odma u getByIdForClient pa u getById ne formatiramo ako je korisnik klijent - dodano formatiranje i u getForClient metodi,281,True,False,False,False,True,False,,15355586 BE: Klijentov pregled dogadaja,0,0,True,False,False,False,True,False,"# Description

bug: kad bi dobavljali dogadaj po IDu kao klijent otislo bi u getByIdForClient u kojen formatiramo event pa bi ga formatirali opet u getById:
- sad formatiramo odma u getByIdForClient pa u getById ne formatiramo ako je korisnik klijent
- dodano formatiranje i u getForClient metodi",296,bug: kad bi dobavljali dogadaj po IDu kao klijent otislo bi u getByIdForClient u kojen formatiramo event pa bi ga formatirali opet u getById: - sad formatiramo odma u getByIdForClient pa u getById ne formatiramo ako je korisnik klijent - dodano formatiranje i u getForClient metodi,281,15355586 BE: Klijentov pregled dogadaja
22.075833333333332,0.9198263888888888,716,3113404774,closed,True,False,2025-12-18T11:42:08Z,2025-12-19T09:46:41Z,2025-12-19T09:46:41Z,2025-12-19T09:46:43Z,,2025-12-18T11:42:08+00:00,[user_2],2,[user_2],2,[user]|[user_3],41,0,2,1,41,0,0,1,1,0,0,0,2025-12-18T23:17:23+00:00,2025-12-18T23:17:23+00:00,11.5875,11.5875,7,1,0,2,15373460 BE: Nedostaje migracija za nove permisije,50,901,TypeScript,869,"updateane dvi migracije di se dodaju nove permisije: - svim adminima (svim zaposlenicima koji imaju sva prava) dodano i to novo pravo - gleda san samo migracije koje nisu u mainu (racunam da na produ imaju admini sva prava) - testirano: osa san na main napravia admina i osa na ovu granu, migrate deploy i sve je oke",316,True,False,False,False,True,False,,15373460 BE: Nedostaje migracija za nove permisije,0,0,True,False,False,False,True,False,"# Description

updateane dvi migracije di se dodaju nove permisije:
- svim adminima (svim zaposlenicima koji imaju sva prava) dodano i to novo pravo
- gleda san samo migracije koje nisu u mainu (racunam da na produ imaju admini sva prava)
- testirano: osa san na main napravia admina i osa na ovu granu, migrate deploy i sve je oke",331,"updateane dvi migracije di se dodaju nove permisije: - svim adminima (svim zaposlenicima koji imaju sva prava) dodano i to novo pravo - gleda san samo migracije koje nisu u mainu (racunam da na produ imaju admini sva prava) - testirano: osa san na main napravia admina i osa na ovu granu, migrate deploy i sve je oke",316,15373460 BE: Nedostaje migracija za nove permisije
8.063611111111111,0.3359837962962963,717,3117615515,closed,True,False,2025-12-19T13:23:16Z,2025-12-19T21:27:05Z,2025-12-19T21:27:05Z,2025-12-19T21:27:06Z,,2025-12-19T13:23:16+00:00,[user_3],3,[user_3],2,[user_2]|[user],28,22,2,1,50,0,0,1,1,0,0,0,2025-12-19T14:58:12+00:00,2025-12-19T14:58:12+00:00,1.5822222222222222,1.5822222222222222,7,1,0,2,15373467 FE: Povezane ponude/događaji,37,1348,TypeScript,1311,"Dodani gumbi za kreiranje događaja/ponude u formama. Doda sam samo gumbove koji vode na rute za kreiranje. Palo mi je na pamet ali nisam radia da npr da editu događaja kad kliknemo kreiraj ponudu prefilla taj događaj u dropdown. Također imamo flow da kad kliknemo na kreiraj ponudu/događaj ne filla taj događaj/ponudu automatski već trebamo u ići u dropdown i pronaći tu ponudu događaj. Treba li nam ta mogućnost? Vezano za nove stupce, dodani su [ovom](https://github.com/[user]/[project]/pull/707) tasku",504,False,True,False,False,False,True,,15373467 FE: Povezane ponude/događaji,2,0,False,True,False,False,False,True,"# Description

Dodani gumbi za kreiranje događaja/ponude u formama. Doda sam samo gumbove koji vode na rute za kreiranje. Palo mi je na pamet ali nisam radia da npr da editu događaja kad kliknemo kreiraj ponudu prefilla taj događaj u dropdown. 

Također imamo flow da kad kliknemo na kreiraj ponudu/događaj ne filla taj događaj/ponudu automatski već trebamo u ići u dropdown i pronaći tu ponudu događaj. Treba li nam ta mogućnost?

Vezano za nove stupce, dodani su [ovom](https://github.com/[user]/[project]/pull/707) tasku",522,"Dodani gumbi za kreiranje događaja/ponude u formama. Doda sam samo gumbove koji vode na rute za kreiranje. Palo mi je na pamet ali nisam radia da npr da editu događaja kad kliknemo kreiraj ponudu prefilla taj događaj u dropdown. Također imamo flow da kad kliknemo na kreiraj ponudu/događaj ne filla taj događaj/ponudu automatski već trebamo u ići u dropdown i pronaći tu ponudu događaj. Treba li nam ta mogućnost? Vezano za nove stupce, dodani su [ovom](https://github.com/[user]/[project]/pull/707) tasku",504,15373467 FE: Povezane ponude/događaji
7.871944444444445,0.3279976851851852,718,3117647418,closed,True,False,2025-12-19T13:35:06Z,2025-12-19T21:27:25Z,2025-12-19T21:27:25Z,2025-12-19T21:27:27Z,,2025-12-19T13:35:06+00:00,[user_3],3,[user_3],2,[user_2]|[user],1,7,2,1,8,0,0,1,1,0,0,0,2025-12-19T14:59:51+00:00,2025-12-19T14:59:51+00:00,1.4125,1.4125,7,1,0,2,15373496 UI: Bulk gumb,22,644,TypeScript,615,"Dodan uvjet ako nije odabran nijedan događaj, ne prikazuj bulk ""Preuzmi"" gumb.",78,False,False,True,False,False,True,,15373496 UI: Bulk gumb,0,0,False,False,True,False,False,True,"# Description

Dodan uvjet ako nije odabran nijedan događaj, ne prikazuj bulk ""Preuzmi"" gumb.",93,"Dodan uvjet ako nije odabran nijedan događaj, ne prikazuj bulk ""Preuzmi"" gumb.",78,15373496 UI: Bulk gumb
7.729722222222223,0.3220717592592593,719,3117670647,closed,True,False,2025-12-19T13:44:14Z,2025-12-19T21:28:01Z,2025-12-19T21:28:01Z,2025-12-19T21:28:03Z,,2025-12-19T13:44:14+00:00,[user_3],3,[user_3],2,[user_2]|[user],26,0,1,1,26,0,0,1,1,0,0,0,2025-12-19T15:02:11+00:00,2025-12-19T15:02:11+00:00,1.2991666666666666,1.2991666666666666,7,1,0,2,15373512 UI: Status ponude tooltip,34,709,TypeScript,678,Dodan Tooltip na status ponude.,31,False,False,True,False,False,True,,15373512 UI: Status ponude tooltip,1,0,False,False,True,False,False,True,"# Description

Dodan Tooltip na status ponude.",46,Dodan Tooltip na status ponude.,31,15373512 UI: Status ponude tooltip
7.641944444444444,0.31841435185185185,720,3117685167,closed,True,False,2025-12-19T13:49:55Z,2025-12-19T21:28:26Z,2025-12-19T21:28:26Z,2025-12-19T21:28:28Z,,2025-12-19T13:49:55+00:00,[user_3],3,[user_3],2,[user_2]|[user],9,27,3,1,36,0,0,1,1,0,0,0,2025-12-19T15:04:04+00:00,2025-12-19T15:04:04+00:00,1.2358333333333333,1.2358333333333333,6,1,0,1,15373534 UI: Klijenti naziv labele,34,581,TypeScript,552,Porezni broj tvrtke labela izmijenjena u OIB.,45,False,False,False,True,False,True,,15373534 UI: Klijenti naziv labele,0,0,False,False,False,True,False,True,"# Description

Porezni broj tvrtke labela izmijenjena u OIB.",60,Porezni broj tvrtke labela izmijenjena u OIB.,45,15373534 UI: Klijenti naziv labele
,,721,3117817272,open,False,False,2025-12-19T14:41:21Z,,,2025-12-30T12:04:21Z,2025-12-23T08:08:54Z,2025-12-19T14:41:21+00:00,[user_2],2,,2,[user]|[user_3],653,411,20,7,1064,0,1,3,1,2,0,0,2025-12-30T11:39:47+00:00,2025-12-30T12:04:21+00:00,260.9738888888889,261.3833333333333,13,7,0,2,15373514 FS: Preuzimanje ponude,31,1069,TypeScript,1033,dodana opcija preuzimanja predloska ponude na ekranu Ponude: - dodan single word export - generalizirana logika generiranja dokumenta - prebaceno buildanje podataka za event dokument u event module - dodan document service za generiranje dokumenta - excel export nema smisla s trenutnim templateom a bulk word export nemamo ni na eventu (ako triba ide novi task za to za dodat i za event i ponudu) - azurirani template: [template.docx](https://github.com/user-attachments/files/24259869/template.docx),501,False,True,False,False,True,False,,15373514 FS: Preuzimanje ponude,0,0,False,True,False,False,True,False,"# Description

dodana opcija preuzimanja predloska ponude na ekranu Ponude:
- dodan single word export
- generalizirana logika generiranja dokumenta
- prebaceno buildanje podataka za event dokument u event module
- dodan document service za generiranje dokumenta
- excel export nema smisla s trenutnim templateom a bulk word export nemamo ni na eventu (ako triba ide novi task za to za dodat i za event i ponudu)
- azurirani template:
[template.docx](https://github.com/user-attachments/files/24259869/template.docx)",516,dodana opcija preuzimanja predloska ponude na ekranu Ponude: - dodan single word export - generalizirana logika generiranja dokumenta - prebaceno buildanje podataka za event dokument u event module - dodan document service za generiranje dokumenta - excel export nema smisla s trenutnim templateom a bulk word export nemamo ni na eventu (ako triba ide novi task za to za dodat i za event i ponudu) - azurirani template: [template.docx](https://github.com/user-attachments/files/24259869/template.docx),501,15373514 FS: Preuzimanje ponude
16.717777777777776,0.696574074074074,722,3117935880,closed,True,False,2025-12-19T15:26:36Z,2025-12-20T08:09:40Z,2025-12-20T08:09:40Z,2025-12-20T08:09:42Z,,2025-12-19T15:26:36+00:00,[user_2],2,[user_2],2,[user]|[user_3],16,2,1,1,18,0,0,1,1,0,0,0,2025-12-19T22:46:50+00:00,2025-12-19T22:46:50+00:00,7.3372222222222225,7.3372222222222225,7,1,0,2,15374870 FS: Validacija decimala,32,610,TypeScript,581,popravljena validacija decimala na proizvodima,46,True,False,False,False,True,False,,15374870 FS: Validacija decimala,0,0,True,False,False,False,True,False,"# Description

popravljena validacija decimala na proizvodima",61,popravljena validacija decimala na proizvodima,46,15374870 FS: Validacija decimala
16.11611111111111,0.6715046296296295,723,3118063652,closed,True,False,2025-12-19T16:17:31Z,2025-12-20T08:24:29Z,2025-12-20T08:24:29Z,2025-12-20T08:24:30Z,,2025-12-19T16:17:31+00:00,[user_2],2,[user_2],2,[user]|[user_3],64,4,2,4,68,1,3,4,1,3,0,0,2025-12-19T22:54:16+00:00,2025-12-19T22:57:16+00:00,6.6125,6.6625,14,4,1,2,15373515 FE: Meniji ponude,26,1281,TypeScript,1243,"dodan brzi izbornik menija na formi ponude: - klikom na meni se popunjava sadrzaj ponude - izbornik je enablean samo kada je sadrzaj prazan da izbjegnemo destrukciju podataka cini mi se bolje kad bi u buducnosti: - napravili da se na ponudi samo odabere postojeci meni i da imamo povezanost meni <-> ponuda - maknuli MvpOfferContent iz forme ponude i da se koristi samo na Meni formi - dodati gumb na formi ponude ""kreiraj novi meni"" ako ne postoji onaj koji nam treba s time nebi imali out of sync podatke (ovako kad se odabere neki meni samo se uzme njegov sadrzaj i zalipi u ponudu, ako se meni promjeni ponuda ce imati stari sadrzaj, sad neznan jel to ono sta zelimo ili ne)",678,False,True,False,False,False,True,,15373515 FE: Meniji ponude,0,0,False,True,False,False,False,True,"# Description

dodan brzi izbornik menija na formi ponude:
- klikom na meni se popunjava sadrzaj ponude
- izbornik je enablean samo kada je sadrzaj prazan da izbjegnemo destrukciju podataka

cini mi se bolje kad bi u buducnosti:
- napravili da se na ponudi samo odabere postojeci meni i da imamo povezanost meni <-> ponuda
- maknuli MvpOfferContent iz forme ponude i da se koristi samo na Meni formi
- dodati gumb na formi ponude ""kreiraj novi meni"" ako ne postoji onaj koji nam treba

s time nebi imali out of sync podatke (ovako kad se odabere neki meni samo se uzme njegov sadrzaj i zalipi u ponudu, ako se meni promjeni ponuda ce imati stari sadrzaj, sad neznan jel to ono sta zelimo ili ne)",695,"dodan brzi izbornik menija na formi ponude: - klikom na meni se popunjava sadrzaj ponude - izbornik je enablean samo kada je sadrzaj prazan da izbjegnemo destrukciju podataka cini mi se bolje kad bi u buducnosti: - napravili da se na ponudi samo odabere postojeci meni i da imamo povezanost meni <-> ponuda - maknuli MvpOfferContent iz forme ponude i da se koristi samo na Meni formi - dodati gumb na formi ponude ""kreiraj novi meni"" ako ne postoji onaj koji nam treba s time nebi imali out of sync podatke (ovako kad se odabere neki meni samo se uzme njegov sadrzaj i zalipi u ponudu, ako se meni promjeni ponuda ce imati stari sadrzaj, sad neznan jel to ono sta zelimo ili ne)",678,15373515 FE: Meniji ponude
,,724,3118290624,open,False,False,2025-12-19T17:42:56Z,,,2025-12-30T12:24:58Z,2025-12-23T08:08:36Z,2025-12-19T17:42:56+00:00,[user_2],2,,2,[user]|[user_3],192,179,24,6,371,0,1,2,1,1,0,0,2025-12-30T12:24:53+00:00,2025-12-30T12:24:58+00:00,258.69916666666666,258.7005555555556,11,6,0,2,15373544 FS: OIB klijenta,25,897,TypeScript,867,"prikazano oib polje i za privatnu osobu na event i na client formi: - companyTaxNumber -> identificationNumber (cinilo mi se brze i jednostavnije koristit jedno polje za OIB tvrtke i samog klijenta kako se trenutno prikazuju odvojeno, bude li trialo mozemo odma prominit a ako bude tribalo kasnije mozemo migracijon odvojit na dva polja)",337,False,True,False,False,True,True,,15373544 FS: OIB klijenta,0,0,False,True,False,False,True,True,"# Description

prikazano oib polje i za privatnu osobu na event i na client formi:
- companyTaxNumber -> identificationNumber (cinilo mi se brze i jednostavnije koristit jedno polje za OIB tvrtke i samog klijenta kako se trenutno prikazuju odvojeno, bude li trialo mozemo odma prominit a ako bude tribalo kasnije mozemo migracijon odvojit na dva polja)",352,"prikazano oib polje i za privatnu osobu na event i na client formi: - companyTaxNumber -> identificationNumber (cinilo mi se brze i jednostavnije koristit jedno polje za OIB tvrtke i samog klijenta kako se trenutno prikazuju odvojeno, bude li trialo mozemo odma prominit a ako bude tribalo kasnije mozemo migracijon odvojit na dva polja)",337,15373544 FS: OIB klijenta
0.11611111111111111,0.004837962962962963,725,3119807267,closed,True,False,2025-12-20T13:18:57Z,2025-12-20T13:25:55Z,2025-12-20T13:25:55Z,2025-12-20T13:25:57Z,,2025-12-20T13:18:57+00:00,[user_3],3,[user_3],1,[user],2,2,1,1,4,0,0,0,0,0,0,0,,,,,5,1,0,1,15373643 FE: labela vrijeme i trajanje,38,614,TypeScript,584,Vrijeme -> Vrijeme početka Trajanje -> Trajanje događaja,56,False,False,False,True,False,True,,15373643 FE: labela vrijeme i trajanje,0,0,False,False,False,True,False,True,"# Description

Vrijeme -> Vrijeme početka
Trajanje -> Trajanje događaja",71,Vrijeme -> Vrijeme početka Trajanje -> Trajanje događaja,56,15373643 FE: labela vrijeme i trajanje
,,726,3122623933,open,False,False,2025-12-22T11:29:02Z,,,2025-12-30T12:57:51Z,2025-12-22T11:38:12Z,2025-12-22T11:29:02+00:00,[user_2],2,,2,[user]|[user_3],350,893,17,8,1243,0,2,3,1,2,0,0,2025-12-30T12:38:42+00:00,2025-12-30T12:57:51+00:00,193.1611111111111,193.4802777777778,15,8,0,2,15373596 FS: Klijenti na dogadaju,33,1462,TypeScript,1423,"izmjenjen flow dodavanja klijenata na dogadaj: - obrisana polja manualnog unosa podataka - dodan select za tvrtku klijenta - dodana logika dodavanja klijenata na dogadaj sa select poljem isto ka sta to radimo na ponuda <-> dogadaj - u klijent selectu filtriramo klijente po tipu klijenta (privatna, pravna osoba) i po tvrtki ako je pravna osoba - prilikom mijenjanja tipa klijenta ili tvrtke, cistimo povezane klijente - prikazani stupci ime, email i kontakt klijenta - obrisan prefill modal, nevidim potrebu za ovim sad kad imamo selectove",540,False,True,False,True,True,True,,15373596 FS: Klijenti na dogadaju,2,0,False,True,False,True,True,True,"# Description

izmjenjen flow dodavanja klijenata na dogadaj:
- obrisana polja manualnog unosa podataka
- dodan select za tvrtku klijenta
- dodana logika dodavanja klijenata na dogadaj sa select poljem isto ka sta to radimo na ponuda <-> dogadaj
- u klijent selectu filtriramo klijente po tipu klijenta (privatna, pravna osoba) i po tvrtki ako je pravna osoba
- prilikom mijenjanja tipa klijenta ili tvrtke, cistimo povezane klijente
- prikazani stupci ime, email i kontakt klijenta
- obrisan prefill modal, nevidim potrebu za ovim sad kad imamo selectove",555,"izmjenjen flow dodavanja klijenata na dogadaj: - obrisana polja manualnog unosa podataka - dodan select za tvrtku klijenta - dodana logika dodavanja klijenata na dogadaj sa select poljem isto ka sta to radimo na ponuda <-> dogadaj - u klijent selectu filtriramo klijente po tipu klijenta (privatna, pravna osoba) i po tvrtki ako je pravna osoba - prilikom mijenjanja tipa klijenta ili tvrtke, cistimo povezane klijente - prikazani stupci ime, email i kontakt klijenta - obrisan prefill modal, nevidim potrebu za ovim sad kad imamo selectove",540,15373596 FS: Klijenti na dogadaju
,,727,3134157656,open,False,True,2025-12-29T11:02:53Z,,,2025-12-29T11:03:38Z,,2025-12-29T11:02:53+00:00,[user_2],2,,0,,264,794,13,3,1058,0,0,0,0,0,0,0,,,,,4,3,0,0,15429708 FE: useEventForm,25,978,TypeScript,944,ide nakon https://github.com/[user]/[project]/pull/726 napravljen useEventForm ispocetka: - pratia san kako smo radili useProductForm ili useNewOfferForm jer su puno cisci od useEventForm - dosta toga san maka i nije prominilo funkcionalnost - neke stvari su se mogle iz formika dobit pa se i tu maklo dosta propova i sad mi se sve cini cisce (event forma je i dalje ogromna i triba ju pocistit al odi san samo hook risava),422,False,False,False,True,False,True,,15429708 FE: useEventForm,0,0,False,False,False,True,False,True,"# Description

ide nakon https://github.com/[user]/[project]/pull/726

napravljen useEventForm ispocetka:
- pratia san kako smo radili useProductForm ili useNewOfferForm jer su puno cisci od useEventForm
- dosta toga san maka i nije prominilo funkcionalnost
- neke stvari su se mogle iz formika dobit pa se i tu maklo dosta propova i sad mi se sve cini cisce (event forma je i dalje ogromna i triba ju pocistit al odi san samo hook risava)",438,ide nakon https://github.com/[user]/[project]/pull/726 napravljen useEventForm ispocetka: - pratia san kako smo radili useProductForm ili useNewOfferForm jer su puno cisci od useEventForm - dosta toga san maka i nije prominilo funkcionalnost - neke stvari su se mogle iz formika dobit pa se i tu maklo dosta propova i sad mi se sve cini cisce (event forma je i dalje ogromna i triba ju pocistit al odi san samo hook risava),422,15429708 FE: useEventForm
,,728,3134484389,open,False,True,2025-12-29T14:00:29Z,,,2025-12-29T14:01:33Z,,2025-12-29T14:00:29+00:00,[user_2],2,,0,,122,231,12,3,353,0,0,0,0,0,0,0,,,,,3,3,0,0,15465761 FS: Nekorištena event polja,36,878,TypeScript,845,"ide nakon https://github.com/[user]/[project]/pull/727 brisanje nekoristenih event polja (orderMenu, offerDescription, internalOrderFileId, internalDescription): - normaliziranje opcionalnih string event polja u null ako je prazan string - dodana migracijska skripta da sva postojeca event polja u bazi budu normalizirana",320,False,False,False,True,True,True,,15465761 FS: Nekorištena event polja,0,0,False,False,False,True,True,True,"# Description

ide nakon https://github.com/[user]/[project]/pull/727

brisanje nekoristenih event polja (orderMenu, offerDescription, internalOrderFileId, internalDescription):
- normaliziranje opcionalnih string event polja u null ako je prazan string
- dodana migracijska skripta da sva postojeca event polja u bazi budu normalizirana",336,"ide nakon https://github.com/[user]/[project]/pull/727 brisanje nekoristenih event polja (orderMenu, offerDescription, internalOrderFileId, internalDescription): - normaliziranje opcionalnih string event polja u null ako je prazan string - dodana migracijska skripta da sva postojeca event polja u bazi budu normalizirana",320,15465761 FS: Nekorištena event polja
,,729,3136575562,open,False,False,2025-12-30T11:31:28Z,,,2025-12-30T11:31:28Z,,2025-12-30T11:31:28+00:00,[user_3],3,,2,[user_2]|[user],217,202,4,4,419,0,0,0,0,0,0,0,,,,,6,4,0,2,15373444 UX/QA: Brzina učitavanja,33,1538,TypeScript,1500,"Nakon hrpe debugiranja/testiranja zaključak je da imamo previše ćelija koje su nam komponenta, uz odabir odgovorne osobe, Actions komponente (koja je i najskuplja jer se rendera po jedan dropdown za svaki redak). Točno kako brišem stupce tako se render time smanjuje. Drugi problem koji imamo je to što nam je modal ruta, i na svako otvaranje događaja se cijeli Events layout unmounta i opet mounta, također skupa operacija. Dugoročan fix bi bio totalno refaktorirat Actions komponentu tako da se rendera samo jedna i onda se otvara na temelju kliknutog dropdowna, kao i refaktorat /events i /events/:id vezu tako da je /events ne rerendera svaki put (isto i za ostale rute). Uspio sam dobiti pola sekunde render time-a manjim optimizacijama i uklanjanjem O(n^2) lookup-ova. Dodan loading state tamo gdje je potrebno da korisnik ima bolji feedback.",848,True,False,False,True,False,True,,15373444 UX/QA: Brzina učitavanja,0,0,True,False,False,True,False,True,"# Description

Nakon hrpe debugiranja/testiranja zaključak je da imamo previše ćelija koje su nam komponenta, uz odabir odgovorne osobe, Actions komponente (koja je i najskuplja jer se rendera po jedan dropdown za svaki redak). 

Točno kako brišem stupce tako se render time smanjuje. Drugi problem koji imamo je to što nam je modal ruta, i na svako otvaranje događaja se cijeli Events layout unmounta i opet mounta, također skupa operacija. 

Dugoročan fix bi bio totalno refaktorirat Actions komponentu tako da se rendera samo jedna i onda se otvara na temelju kliknutog dropdowna, kao i refaktorat /events i /events/:id vezu tako da je /events ne rerendera svaki put (isto i za ostale rute).

Uspio sam dobiti pola sekunde render time-a manjim optimizacijama i uklanjanjem O(n^2) lookup-ova. Dodan loading state tamo gdje je potrebno da korisnik ima bolji feedback.",868,"Nakon hrpe debugiranja/testiranja zaključak je da imamo previše ćelija koje su nam komponenta, uz odabir odgovorne osobe, Actions komponente (koja je i najskuplja jer se rendera po jedan dropdown za svaki redak). Točno kako brišem stupce tako se render time smanjuje. Drugi problem koji imamo je to što nam je modal ruta, i na svako otvaranje događaja se cijeli Events layout unmounta i opet mounta, također skupa operacija. Dugoročan fix bi bio totalno refaktorirat Actions komponentu tako da se rendera samo jedna i onda se otvara na temelju kliknutog dropdowna, kao i refaktorat /events i /events/:id vezu tako da je /events ne rerendera svaki put (isto i za ostale rute). Uspio sam dobiti pola sekunde render time-a manjim optimizacijama i uklanjanjem O(n^2) lookup-ova. Dodan loading state tamo gdje je potrebno da korisnik ima bolji feedback.",848,15373444 UX/QA: Brzina učitavanja
,,730,3136862975,open,False,False,2025-12-30T13:31:49Z,,,2025-12-30T13:31:50Z,,2025-12-30T13:31:49+00:00,[user_3],3,,2,[user_2]|[user],293,5,6,1,298,0,0,0,0,0,0,0,,,,,3,1,0,2,15373564 FE: Filteri na ponudama,32,774,TypeScript,743,Kreirana OffersFilter komponenta na temelju ostalih filter komponenti. Dodan search i status opcije.,100,False,True,False,False,False,True,,15373564 FE: Filteri na ponudama,1,0,False,True,False,False,False,True,"# Description

Kreirana OffersFilter komponenta na temelju ostalih filter komponenti. Dodan search i status opcije.",115,Kreirana OffersFilter komponenta na temelju ostalih filter komponenti. Dodan search i status opcije.,100,15373564 FE: Filteri na ponudama
,,731,3138882942,open,False,False,2025-12-31T10:54:28Z,,,2025-12-31T10:54:28Z,,2025-12-31T10:54:28+00:00,[user_3],3,,2,[user_2]|[user],19,3,2,1,22,0,0,0,0,0,0,0,,,,,3,1,0,2,15373554 QA: Pregled i edit zaposlenika,39,867,TypeScript,836,Dodana sva polja u pregled zaposlenika. Napravljena mala prerada u FormControl komponenti da se prikažu switchevi za aktivnost računa i odgovornu osobu jer su boolean vrijednosti.,179,True,False,False,False,False,True,,15373554 QA: Pregled i edit zaposlenika,1,0,True,False,False,False,False,True,"# Description

Dodana sva polja u pregled zaposlenika. Napravljena mala prerada u FormControl komponenti da se prikažu switchevi za aktivnost računa i odgovornu osobu jer su boolean vrijednosti.",194,Dodana sva polja u pregled zaposlenika. Napravljena mala prerada u FormControl komponenti da se prikažu switchevi za aktivnost računa i odgovornu osobu jer su boolean vrijednosti.,179,15373554 QA: Pregled i edit zaposlenika
0.10138888888888889,0.004224537037037037,732,3138888072,closed,True,False,2025-12-31T10:58:26Z,2025-12-31T11:04:31Z,2025-12-31T11:04:31Z,2025-12-31T11:04:33Z,,2025-12-31T10:58:26+00:00,[user_3],3,[user_3],2,[user_2]|[user],1,3,1,1,4,0,0,0,0,0,0,0,,,,,6,1,0,2,15475413 FE: Ponude polje popust,32,611,TypeScript,582,Uklonjena required zvjezdica sa polja popust u formi ponude.,60,True,False,False,False,False,True,,15475413 FE: Ponude polje popust,0,0,True,False,False,False,False,True,"# Description

Uklonjena required zvjezdica sa polja popust u formi ponude.",75,Uklonjena required zvjezdica sa polja popust u formi ponude.,60,15475413 FE: Ponude polje popust
