pr_number,pr_id,created_at,closed_at,merged_at,updated_at,ready_for_review_time,workflow_start_time,author,merged_by_login,reviewer_count,additions,deletions,changed_files,commits,total_lines_changed,comments,review_comments,review_count,review_approved_count,review_commented_count,review_changes_requested_count,review_dismissed_count,first_review_time,first_approval_time,review_requested_count,title,description,task_id,images_count,body,description_word_count,time_to_first_review_minutes,time_to_first_approval_minutes,non_working_minutes,effective_minutes,pr_type,position,has_reviewer_[user_2],has_reviewer_[user_4],has_reviewer_[user],has_reviewer_[user_5],has_reviewer_[user_6],has_reviewer_[user_7],has_reviewer_nsitum,reviewer_team_size,reviewer_team_small,reviewer_team_medium,reviewer_team_large,author_is_reviewer
514,2850492404,2025-09-22T17:52:23Z,2025-10-13T23:54:18Z,2025-10-13T23:54:18Z,2025-10-13T23:54:20Z,2025-10-07T11:52:36Z,2025-09-22T17:52:23+00:00,[user_4],[user_4],4,312,10,19,54,322,5,53,27,2,25,0,0,2025-10-07T15:11:48+00:00,2025-10-13T08:02:25+00:00,10,958 fs idle status part 1,"- cron puni ""temp"" tablicu WaitingReminders - provjerava je svaka 3 sata - ako uhvati entitet sto 2 tjedna je u status ""čekanje"", kreira notifikaciju svim korisnicima -> userId je null u Notification - pošto je userId null onda sam stavio da je u takvoj notifikaciji je creator ""Sustav"" - ako smo za jedan resurs/entitet vec napravili reminder notif onda nece opet za isti - ako se 13ti dan, minut prije, promjeni status u nešto drugo - ne stvara notifikaciju - zasad imamo status samo na event objektu pa njih samo provjeravamo sada ZA TESTIRAT: - U reminder.service.ts na ln 22 prominit Cron okidanje na neko manje vrijeme npr. EVERY_10_SECONDS - Kreirat event sa statusom čekanje. Otvori prisma studio i trebao bi biti u WaitingReminder tablici novi redak za taj event. - prominit njegov waitingSince datum na 14 dana prije. - u iducem pozivu crona bi se trebala onda stvorit notifikacija u Notifications i prikaze se na frontenu.",,0,"# Description

- cron puni ""temp"" tablicu WaitingReminders
- provjerava je svaka 3 sata 
- ako uhvati entitet sto 2 tjedna je u status ""čekanje"", kreira notifikaciju svim korisnicima -> userId je null u Notification
- pošto je userId null onda sam stavio da je u takvoj notifikaciji je creator ""Sustav""
- ako smo za jedan resurs/entitet vec napravili reminder notif onda nece opet za isti
- ako se 13ti dan, minut prije, promjeni status u nešto drugo - ne stvara notifikaciju
- zasad imamo status samo na event objektu pa njih samo provjeravamo sada

ZA TESTIRAT:
- U reminder.service.ts na ln 22 prominit Cron okidanje na neko manje vrijeme npr. EVERY_10_SECONDS
- Kreirat event sa statusom čekanje. Otvori prisma studio i trebao bi biti u WaitingReminder tablici novi redak za taj event.
- prominit njegov waitingSince datum na 14 dana prije.
- u iducem pozivu crona bi se trebala onda stvorit notifikacija u Notifications i prikaze se na frontenu.",148,21439.416666666668,29650.033333333333,10080.0,20521.916666666664,update,fullstack,True,True,True,False,False,False,True,4,0,1,0,1
696,3088643871,2025-12-10T09:42:14Z,2025-12-20T13:11:04Z,2025-12-20T13:11:04Z,2025-12-20T13:11:06Z,2025-12-16T13:05:52Z,2025-12-10T09:42:14+00:00,nsitum,nsitum,3,232,31,10,12,263,2,9,7,1,6,0,0,2025-12-16T13:12:50+00:00,2025-12-20T08:02:02+00:00,3,14744146 FE: Dinamički stupci,"Dodan dropdown meni ""Stupci"" poviše tablice događaja kojom možemo toggleati određene stupce tablice. Bilo je dosta nezgodno napravit jer nam se botuni i dropdowni nalaze u Events layoutu, a sama tablica u EventsTable komponenti. Iskorišten postojeći usePreferences hook kako bi sačuvali korisnikove postavke vidljivih stupaca. Flow ide ovako: Kreiran je dropdown u Events layoutu sa visibleColumns stateom i cijelom logikom updateanja i čitanja (iz preferenci) applyjanih vidljivih stupaca. State i setter funkcije šaljemo preko OutletContexta kojeg prima EventsTable komponenta koja je child komponenta Events page-a, ovo preko OutletContexta je jedini način da spojimo layout i njegov Outlet. Nadalje, u EventsTable-u prolazimo kroz visibleColumns i na temelju toga prikazujemo/skrivamo header i ćelije. Na svaki header je dodan property 'hideable', tako da možemo odlučiti koji se stupci mogu sakriti u meniju a koji ne, zasad sam isključio (uz stupce odabira događaja i akcija) stupce 'Naziv' i 'Status', prebitni su da ih možemo isljučiti. Svakako onaj border lijevo za status prikazujemo na temelju stupca status, pa ako ga sakrijemo neće se vidjeti ni boja. Također je dodan mali UX touch, logika i checkbox za 'Odaberi sve' tako da kad korisnik makne sve stupce da ih samo jednim klikom može vratiti natrag. Neću lagat namučia me dosta feature sa prebacivanjem podataka, sitnih bugova sa filterima, setanjem statea, renderanjem, ima nekoliko useEffekata s kojima nisam zadovoljan al nisam pegla u detalje da ne pržimo vrime. Javite šta mislite o dizajnu ovih gumbova 'Preuzmi' i 'Stupci', nekako mi se ne uklapaju s ostalim gumbovima.",,1,"# Description

Dodan dropdown meni ""Stupci"" poviše tablice događaja kojom možemo toggleati određene stupce tablice. Bilo je dosta nezgodno napravit jer nam se botuni i dropdowni nalaze u Events layoutu, a sama tablica u EventsTable komponenti. Iskorišten postojeći usePreferences hook kako bi sačuvali korisnikove postavke vidljivih stupaca.

Flow ide ovako: Kreiran je dropdown u Events layoutu sa visibleColumns stateom i cijelom logikom updateanja i čitanja (iz preferenci) applyjanih vidljivih stupaca. State i setter funkcije šaljemo preko OutletContexta kojeg prima EventsTable komponenta koja je child komponenta Events page-a, ovo preko OutletContexta je jedini način da spojimo layout i njegov Outlet. Nadalje, u EventsTable-u prolazimo kroz visibleColumns i na temelju toga prikazujemo/skrivamo header i ćelije.

Na svaki header je dodan property 'hideable', tako da možemo odlučiti koji se stupci mogu sakriti u meniju a koji ne, zasad sam isključio (uz stupce odabira događaja i akcija) stupce 'Naziv' i 'Status', prebitni su da ih možemo isljučiti. Svakako onaj border lijevo za status prikazujemo na temelju stupca status, pa ako ga sakrijemo neće se vidjeti ni boja.

Također je dodan mali UX touch, logika i checkbox za 'Odaberi sve' tako da kad korisnik makne sve stupce da ih samo jednim klikom može vratiti natrag.

Neću lagat namučia me dosta feature sa prebacivanjem podataka, sitnih bugova sa filterima, setanjem statea, renderanjem, ima nekoliko useEffekata s kojima nisam zadovoljan al nisam pegla u detalje da ne pržimo vrime.

Javite šta mislite o dizajnu ovih gumbova 'Preuzmi' i 'Stupci', nekako mi se ne uklapaju s ostalim gumbovima.",251,8850.599999999999,14299.8,3688.833333333333,10920.0,feature,frontend,True,False,True,False,False,False,True,3,0,1,0,1
687,3077390488,2025-12-06T11:18:29Z,2025-12-12T07:00:10Z,2025-12-12T07:00:10Z,2025-12-12T07:00:12Z,2025-12-06T11:55:01Z,2025-12-06T11:18:29+00:00,[user_2],[user_2],3,950,508,18,15,1458,4,4,3,1,2,0,0,2025-12-08T20:31:31+00:00,2025-12-11T22:23:57+00:00,3,15082667 FS: Povijest relacijskih promjena,dodani zapisi promjena prilikom azuriranja relacija entiteta (npr. brisanje/dodavanje kontakata na dogadaju ili brisanje/dodavanja dogadaja na ponudi) refaktoriran i poopcen change servis,,2,"# Description

dodani zapisi promjena prilikom azuriranja relacija entiteta (npr. brisanje/dodavanje kontakata na dogadaju ili brisanje/dodavanja dogadaja na ponudi)
refaktoriran i poopcen change servis",24,3433.0333333333333,7865.466666666666,2160.0,6221.683333333334,feature,fullstack,True,False,True,False,False,False,True,3,0,1,0,1
672,3070378402,2025-12-04T08:54:48Z,2025-12-05T10:40:36Z,2025-12-05T10:40:36Z,2025-12-05T10:40:38Z,,2025-12-04T08:54:48+00:00,[user_2],[user_2],2,11,2,4,1,13,0,0,1,1,0,0,0,2025-12-04T17:05:50+00:00,2025-12-04T17:05:50+00:00,2,"14831389 BE: Polje ""Napomena""",dodano polje note u offer model azuriran tip i validator vidia san da u offer validatoru fale typeErrori na 2 mista pa san i to usput doda,,0,"# Description

dodano polje note u offer model
azuriran tip i validator
vidia san da u offer validatoru fale typeErrori na 2 mista pa san i to usput doda",27,491.03333333333336,491.03333333333336,0.0,1545.8,feature,backend,False,False,True,False,False,False,True,2,1,0,0,0
585,2963232473,2025-10-30T13:34:51Z,2025-10-31T14:53:07Z,2025-10-31T14:53:07Z,2025-10-31T14:53:09Z,2025-10-30T13:39:44Z,2025-10-30T13:34:51+00:00,[user_2],[user_2],6,119,95,12,9,214,0,5,3,1,2,0,0,2025-10-30T13:50:15+00:00,2025-10-31T14:50:01+00:00,5,14535220 FS: Post events cleanup,dosad se i client sla na post /events pa se tamo hendlala logika sta nije dobro jer event module ne zanima sta je s clientom njega samo zanima clientId - odvojena logika kreiranja eventa i klijenta - dodan upsert endpoint na user controlleru - na submitu event forme prvo radimo upsert klijenta pa onda post eventa - updateani tipovi i validator,,0,"# Description

dosad se i client sla na post /events pa se tamo hendlala logika sta nije dobro jer event module ne zanima sta je s clientom njega samo zanima clientId

- odvojena logika kreiranja eventa i klijenta
- dodan upsert endpoint na user controlleru
- na submitu event forme prvo radimo upsert klijenta pa onda post eventa
- updateani tipovi i validator",57,15.399999999999997,1515.1666666666663,0.0,1518.2666666666669,refactor,backend,True,True,True,False,True,True,True,6,0,0,1,1
694,3085990797,2025-12-09T15:02:25Z,2025-12-10T11:08:36Z,2025-12-10T11:08:36Z,2025-12-10T11:08:38Z,,2025-12-09T15:02:25+00:00,nsitum,nsitum,3,55,5,4,4,60,0,3,2,1,1,0,0,2025-12-10T09:32:28+00:00,2025-12-10T09:32:28+00:00,2,"14831599 FE: Dodati autoinkrementi ""number"" stupac","Preko novog next-number endpointa kreiran prefill naziva ponude prilikom kreiranja nove ponude. Formatiran naziv prema broju kao što je navedeno u tasku. Prilikom testiranja sam naletia na bug ako nemamo niti jednu ponudu, BE pukne pa bi mogli mozda samo defaultno vratit 1 ako ne postoji ni jedan offer @[user_2]?",,0,"# Description

Preko novog next-number endpointa kreiran prefill naziva ponude prilikom kreiranja nove ponude.
Formatiran naziv prema broju kao što je navedeno u tasku.

Prilikom testiranja sam naletia na bug ako nemamo niti jednu ponudu, BE pukne pa bi mogli mozda samo defaultno vratit 1 ako ne postoji ni jedan offer @[user_2]?",51,1110.05,1110.05,0.0,1206.1833333333334,feature,frontend,True,False,True,False,False,False,True,3,0,1,0,1
673,3070401400,2025-12-04T09:01:52Z,2025-12-04T09:08:07Z,2025-12-04T09:08:06Z,2025-12-04T09:08:08Z,,2025-12-04T09:01:52+00:00,[user_2],[user_2],0,2,2,1,1,4,0,0,0,0,0,0,0,,,0,Quickfix: Mapping bug on BE,brzi fix format metode na event servisu,TASK_ID,0,"# Description

brzi fix format metode na event servisu",7,,,0.0,6.233333333333328,fix,backend,False,False,False,False,False,False,False,0,1,0,0,0
643,3029799097,2025-11-20T12:58:05Z,2025-11-21T11:30:06Z,2025-11-21T11:30:06Z,2025-11-21T11:30:07Z,2025-11-20T13:01:41Z,2025-11-20T12:58:05+00:00,nsitum,nsitum,2,81,12,7,2,93,0,0,1,1,0,0,0,2025-11-21T11:04:12+00:00,2025-11-21T11:04:12+00:00,2,14830098 FE: Dodati lijevi obrub na tablicu događaja u boji badgea statusa,"Pošto imamo reusable Table i TableRow komponente, nije mi imalo smisla samo ""zviznuti"" status preko propsa u TableRow i to je to. Umjesto toga sam pročitao vrijesnost statusa preko stupca ""Status"" i Badge komponente. TypeScript se naravno bunio pa sam napravio type safe provjere čisto da ne dodajemo eslint error komentare. Edit: slučajno mi je osta diff od PR-a za dash, pa samo zanemarite te fajlove da ne radim novi PR",,1,"# Description

Pošto imamo reusable Table i TableRow komponente, nije mi imalo smisla samo ""zviznuti"" status preko propsa u TableRow i to je to. Umjesto toga sam pročitao vrijesnost statusa preko stupca ""Status"" i Badge komponente. TypeScript se naravno bunio pa sam napravio type safe provjere čisto da ne dodajemo eslint error komentare.

Edit: slučajno mi je osta diff od PR-a za dash, pa samo zanemarite te fajlove da ne radim novi PR",72,1326.1166666666668,1326.1166666666668,0.0,1352.0166666666669,update,frontend,True,False,True,False,False,False,False,2,1,0,0,0
610,2995456407,2025-11-10T14:08:27Z,2025-11-12T08:36:14Z,2025-11-12T08:36:14Z,2025-11-12T08:36:16Z,2025-11-10T14:13:30Z,2025-11-10T14:08:27+00:00,[user_2],[user_2],2,14,4,6,1,18,0,0,1,1,0,0,0,2025-11-11T16:19:34+00:00,2025-11-11T16:19:34+00:00,2,14701850 BE: Configuration module,maknut Global() u Configuration moduleu i importan u ostalim moduleima koji ga koriste,,0,"# Description

maknut Global() u Configuration moduleu i importan u ostalim moduleima koji ga koriste",13,1571.1166666666666,1571.1166666666666,0.0,2547.783333333333,fix,backend,False,False,True,False,False,False,True,2,1,0,0,0
587,2966813205,2025-10-31T13:35:35Z,2025-10-31T16:03:24Z,2025-10-31T16:03:23Z,2025-10-31T16:03:25Z,2025-10-31T13:40:42Z,2025-10-31T13:35:35+00:00,[user_2],[user_2],6,117,7,11,20,124,0,7,6,1,5,0,0,2025-10-31T15:23:10+00:00,2025-10-31T16:00:52+00:00,5,14365277 BE: Create update kontakata,dodan patch endpoint na /users/:userId/contacts koji zove upsert svih prilozenih kontakata(klijenata) te ih povezuje sa klijentom u contact tablici kroz contact service renamean postojeci Contact tip u InternalPerson i kreiran novi Contact tip,,0,"# Description

dodan patch endpoint na /users/:userId/contacts koji zove upsert svih prilozenih kontakata(klijenata) te ih povezuje sa klijentom u contact tablici kroz contact service
renamean postojeci Contact tip u InternalPerson i kreiran novi Contact tip",36,107.58333333333334,145.28333333333333,0.0,147.80000000000004,feature,backend,True,True,True,False,True,True,True,6,0,0,1,1
600,2980385313,2025-11-05T12:54:14Z,2025-11-07T07:00:51Z,2025-11-07T07:00:51Z,2025-11-07T07:00:54Z,2025-11-05T13:02:25Z,2025-11-05T12:54:14+00:00,[user_2],[user_2],2,52,0,14,3,52,0,1,1,1,0,0,0,2025-11-06T18:01:00+00:00,2025-11-06T18:01:00+00:00,2,14619353 FS: Client permisije,"dodane 2 klijentske permisije za pregled i upravljanje događajima nisan stavia da se prikazuju na formi zaposlenika sta se tice toga kako cemo skuzit moze li korisnik vidjeti taj event: ideja mi je prema JWTu u event service razaznati moze li klijent vidjeti taj dogadaj ili ne, tako mi se pari najjednostavnije i najbrze za ovo neko privremeno rjesenje",,0,"# Description

dodane 2 klijentske permisije za pregled i upravljanje događajima
nisan stavia da se prikazuju na formi zaposlenika
sta se tice toga kako cemo skuzit moze li korisnik vidjeti taj event: ideja mi je prema JWTu u event service razaznati moze li klijent vidjeti taj dogadaj ili ne, tako mi se pari najjednostavnije i najbrze za ovo neko privremeno rjesenje",59,1746.7666666666669,1746.7666666666669,0.0,2526.6166666666663,feature,fullstack,False,False,True,False,False,False,True,2,1,0,0,0
592,2972710645,2025-11-03T13:21:23Z,2025-11-05T09:02:59Z,2025-11-05T09:02:59Z,2025-11-05T09:03:01Z,2025-11-03T13:27:32Z,2025-11-03T13:21:23+00:00,[user_2],[user_2],2,59,39,9,5,98,0,3,3,1,2,0,0,2025-11-04T10:15:43+00:00,2025-11-05T09:00:48+00:00,4,14570466 BE: MVP Client login,priprema za login klijenta: - dodano polje passwordExpiresAt (klijenti ce prilikom logina dobiti nekakav kod na mail koji ce vrijediti odredjeno vrijeme) - azuriran session service na nacin da ako je korisnik tipa klijenta provjeravamo da li se podudaraju OIBi i lozinke ako lozinka i dalje vrijedi - azuriran login tip,,0,"# Description

priprema za login klijenta:
- dodano polje passwordExpiresAt (klijenti ce prilikom logina dobiti nekakav kod na mail koji ce vrijediti odredjeno vrijeme)
- azuriran session service na nacin da ako je korisnik tipa klijenta provjeravamo da li se podudaraju OIBi i lozinke ako lozinka i dalje vrijedi
- azuriran login tip",48,1254.3333333333333,2619.4166666666665,0.0,2621.6,feature,backend,False,False,True,False,False,False,True,2,1,0,0,0
537,2893612221,2025-10-07T11:16:05Z,2025-10-07T16:38:00Z,2025-10-07T16:38:00Z,2025-10-07T16:38:02Z,,2025-10-07T11:16:05+00:00,nsitum,nsitum,6,5,19,2,1,24,1,0,1,1,0,0,0,2025-10-07T16:36:56+00:00,2025-10-07T16:36:56+00:00,6,14115456 FE: Status tooltip misalignment,"Popravljen misalignment tooltipa na status polju događaja. Napravljene su sljedeće izmjene: - Centriran tootlip na input polje dodavanjem position-relative na polje tako da je uvijek konzistentno - Prilagođene vrijednosti za width, left i bottom - Prilagođen mobilni prikaz - Počišćen kod",,2,"# Description

Popravljen misalignment tooltipa na status polju događaja. Napravljene su sljedeće izmjene:
- Centriran tootlip na input polje dodavanjem position-relative na polje tako da je uvijek konzistentno
- Prilagođene vrijednosti za width, left i bottom
- Prilagođen mobilni prikaz
- Počišćen kod",38,320.85,320.85,0.0,321.9166666666667,fix,frontend,True,True,True,True,True,True,False,6,0,0,1,0
601,2980677255,2025-11-05T14:04:58Z,2025-11-07T10:26:02Z,2025-11-07T10:26:01Z,2025-11-07T10:26:04Z,2025-11-06T14:16:28Z,2025-11-05T14:04:58+00:00,[user_2],[user_2],2,80,7,6,7,87,0,0,1,1,0,0,0,2025-11-06T18:15:39+00:00,2025-11-06T18:15:39+00:00,2,14619356 BE: Dohvacanje klijentovih dogadaja,omoguceno dohvacanje klijentovih dogadaja po oibu u JWTu,,0,"# Description

omoguceno dohvacanje klijentovih dogadaja po oibu u JWTu",8,1690.6833333333334,1690.6833333333334,0.0,2661.05,feature,backend,False,False,True,False,False,False,True,2,1,0,0,0
641,3029473932,2025-11-20T11:24:02Z,2025-11-20T11:30:14Z,2025-11-20T11:30:14Z,2025-11-20T11:30:16Z,,2025-11-20T11:24:02+00:00,nsitum,nsitum,1,2,2,1,1,4,0,0,0,0,0,0,0,,,1,14829857 FE: Prazno ime i prezime kod klijent tablice,Dodana crtica prilikom praznog polja imena i prezimena u tablici klijenata,,0,"# Description

Dodana crtica prilikom praznog polja imena i prezimena u tablici klijenata",11,,,0.0,6.199999999999998,fix,frontend,False,False,True,False,False,False,False,1,1,0,0,0
649,3036393567,2025-11-22T13:01:01Z,2025-11-24T09:39:27Z,2025-11-24T09:39:27Z,2025-11-24T09:39:30Z,2025-11-22T13:07:31Z,2025-11-22T13:01:01+00:00,nsitum,nsitum,2,35,0,2,4,35,0,0,1,1,0,0,0,2025-11-24T07:48:16+00:00,2025-11-24T07:48:16+00:00,2,14741016 FE: Ažuriranje event forme,"Ažurirana forma događaja, dodano polje ""Odgovorna osoba"". Prilagođen kod, dohvat odgovornih osoba, (naletio sam na bug na BE pa trenutno ne radi editiranje na inicijalnu vrijednost).",,0,"# Description

Ažurirana forma događaja, dodano polje ""Odgovorna osoba"". Prilagođen kod, dohvat odgovornih osoba, (naletio sam na bug na BE pa trenutno ne radi editiranje na inicijalnu vrijednost).",26,2567.25,2567.25,2040.0,638.4333333333335,feature,frontend,True,False,True,False,False,False,False,2,1,0,0,0
607,2994371150,2025-11-10T09:21:51Z,2025-11-12T07:46:34Z,2025-11-12T07:46:34Z,2025-11-12T07:46:36Z,2025-11-10T09:42:46Z,2025-11-10T09:21:51+00:00,[user_2],[user_2],3,270,288,60,8,558,0,4,3,1,2,0,0,2025-11-10T09:42:31+00:00,2025-11-11T14:55:58+00:00,2,14596163 FS: JWT request,"reduciranje JWTa na samo ID i OIB popravljen AuthRequest tip alignano hendlanje u socket i roles guardovima (nemozemo vise gledat iz jwt nego moramo zvat user service) za sve provjere korisnika dodan useCurrentUser hook koji fetcha korisnika prema IDu iz JWTa: - ode se oslanjamo na cache na BE da ne radi req na bazu svaki put a to mi nije bas idealno al trenutno ne vidin bolje rjesenje, ako imate prijedlog vicite",,0,"# Description

reduciranje JWTa na samo ID i OIB
popravljen AuthRequest tip
alignano hendlanje u socket i roles guardovima (nemozemo vise gledat iz jwt nego moramo zvat user service)
za sve provjere korisnika dodan useCurrentUser hook koji fetcha korisnika prema IDu iz JWTa:
- ode se oslanjamo na cache na BE da ne radi req na bazu svaki put a to mi nije bas idealno al trenutno ne vidin bolje rjesenje, ako imate prijedlog vicite",72,20.666666666666664,1774.1166666666666,0.0,2784.716666666667,refactor,fullstack,True,False,True,False,False,False,True,3,0,1,0,1
633,3017736204,2025-11-17T14:37:41Z,2025-11-21T09:39:05Z,2025-11-21T09:39:05Z,2025-11-21T09:39:07Z,,2025-11-17T14:37:41+00:00,[user_2],[user_2],1,0,172,7,1,172,0,0,1,1,0,0,0,2025-11-19T12:42:02+00:00,2025-11-19T12:42:02+00:00,0,14807758 FS: Client module,obrisano: - client module - useFetchClients hook - CLIENTS u apiRoutes,,0,"# Description

obrisano:
- client module
- useFetchClients hook
- CLIENTS u apiRoutes",8,2764.35,2764.35,1440.0,4021.4,refactor,fullstack,False,False,False,False,False,False,True,1,1,0,0,0
658,3054361454,2025-11-28T15:21:21Z,2025-12-02T07:30:49Z,2025-12-02T07:30:49Z,2025-12-02T07:30:51Z,2025-11-28T15:25:47Z,2025-11-28T15:21:21+00:00,[user_2],[user_2],2,27,20,1,5,47,0,0,1,1,0,0,0,2025-11-29T15:57:37+00:00,2025-11-29T15:57:37+00:00,2,15000839 BE: Assignee promjena,dodano mapiranje odgovornih osoba za promjene dogadaja da se prikazu imena a ne ID u povijesti promjena prilikom promjene odgovorne osobe.,,0,"# Description

dodano mapiranje odgovornih osoba za promjene dogadaja da se prikazu imena a ne ID u povijesti promjena prilikom promjene odgovorne osobe.",21,1476.2666666666669,1476.2666666666669,2880.0,2409.4666666666667,fix,backend,False,False,True,False,False,False,True,2,1,0,0,0
611,2995639373,2025-11-10T14:58:23Z,2025-11-11T14:14:18Z,2025-11-11T14:14:18Z,2025-11-11T14:14:21Z,,2025-11-10T14:58:23+00:00,nsitum,nsitum,1,204,202,1,2,406,0,0,0,0,0,0,0,,,1,14087874 FE: Grupiranje event polja,Izmijenjena lokacija polja na event formi.,,1,"# Description

Izmijenjena lokacija polja na event formi.",6,,,0.0,1395.9166666666667,refactor,frontend,False,False,True,False,False,False,False,1,1,0,0,0
653,3039407357,2025-11-24T10:36:46Z,2025-12-02T14:41:06Z,2025-12-02T14:41:05Z,2025-12-02T14:41:09Z,2025-11-24T15:49:20Z,2025-11-24T10:36:46+00:00,[user_2],[user_2],3,983,1726,61,20,2709,9,4,5,1,4,0,0,2025-11-25T16:03:50+00:00,2025-12-02T14:31:58+00:00,4,14831895 FS: Kontakt je klijent,"previse promjena da bi ih popisa al evo povrsinski glavne: promjenjena logika kontakata/klijenata sukladno tasku: - polja ime, prezime, mail i kontakt klijenta su sada iskljucivo u Kontakti dijelu i definiraju samog klijenta zajedno sa poljima tip klijenta, ime tvrtke i porezni broj tvrtke (oni su na razini eventa ali opisuju sve klijente navedene pod ""Kontakti"") - prilikom kreiranja eventa radi se upsert klijenata da minimiziramo duplikate ali kreiramo nove klijente za svaki novi tip klijenta ili oib firme (npr. 3 eventa: 1. privatna osoba ivo.ivic@unist.hr 2. pravna osoba ivo.ivic@unist.hr, firma A, OIB: 11111111111, 3. pravna osoba ivo.ivic@unist.hr, firma B, OIB: 22222222222 rezultirati ce sa 3 klijenta Ivo Ivić sa razlicitim tipom, oibom, ovo cemo kasnije ako bude potrebe lako ujediniti nekom skriptom) - obrisani ""Kontakti"" u formi klijenta",,0,"# Description

previse promjena da bi ih popisa al evo povrsinski glavne:

promjenjena logika kontakata/klijenata sukladno tasku:
- polja ime, prezime, mail i kontakt klijenta su sada iskljucivo u Kontakti dijelu i definiraju samog klijenta zajedno sa poljima tip klijenta, ime tvrtke i porezni broj tvrtke (oni su na razini eventa ali opisuju sve klijente navedene pod ""Kontakti"")
- prilikom kreiranja eventa radi se upsert klijenata da minimiziramo duplikate ali kreiramo nove klijente za svaki novi tip klijenta ili oib firme (npr. 3 eventa: 
1. privatna osoba ivo.ivic@unist.hr
2. pravna osoba ivo.ivic@unist.hr, firma A, OIB: 11111111111,
3. pravna osoba ivo.ivic@unist.hr, firma B, OIB: 22222222222
rezultirati ce sa 3 klijenta Ivo Ivić sa razlicitim tipom, oibom, ovo cemo kasnije ako bude potrebe lako ujediniti nekom skriptom)
- obrisani ""Kontakti"" u formi klijenta",136,1767.0666666666666,11755.2,2880.0,8884.316666666666,refactor,fullstack,True,False,True,False,False,False,True,3,0,1,0,1
506,2837095781,2025-09-17T15:36:10Z,2025-09-24T09:08:57Z,2025-09-24T09:08:57Z,2025-09-24T09:08:59Z,,2025-09-17T15:36:10+00:00,nsitum,nsitum,7,79,30,7,2,109,0,6,9,3,6,0,0,2025-09-18T11:30:06+00:00,2025-09-18T11:30:06+00:00,7,940 FE: EmptyState komponenta,Prikaz empty state-a u pagevima je prebačen u novu EmptyState komponentu. Napisani testovi za istoimenu komponentu.,5H4j06TF,0,"# Description

Prikaz empty state-a u pagevima je prebačen u novu EmptyState komponentu. Napisani testovi za istoimenu komponentu.",17,1193.9333333333332,1193.9333333333332,2880.0,6812.783333333333,refactor,frontend,True,True,True,True,True,True,True,7,0,0,1,1
577,2956316963,2025-10-28T18:25:31Z,2025-10-29T14:09:24Z,2025-10-29T14:09:24Z,2025-10-29T14:09:26Z,,2025-10-28T18:25:31+00:00,[user_2],[user_2],5,71,9,2,2,80,0,0,1,1,0,0,0,2025-10-29T12:32:31+00:00,2025-10-29T12:32:31+00:00,5,14503663 BE (Bug): Google kalendar polja,updatedAt i permanentlyDeletedAt izbaceni iz google kalendar eventa primjetia san da ima jos par stvari koje su krive npr: za klijenta pokaze njegov ID umisto imena i prezimena pa san tamo di je falilo selecta i clienta u event repou da se uvik dobavi i klijent dodano i mapiranje za internalStatus polje,,0,"# Description

updatedAt i permanentlyDeletedAt izbaceni iz google kalendar eventa
primjetia san da ima jos par stvari koje su krive npr: za klijenta pokaze njegov ID umisto imena i prezimena pa san tamo di je falilo selecta i clienta u event repou da se uvik dobavi i klijent
dodano i mapiranje za internalStatus polje",52,1087.0,1087.0,0.0,1183.8833333333334,fix,backend,False,True,True,False,True,True,True,5,0,0,1,0
631,3016792826,2025-11-17T09:40:57Z,2025-11-21T09:38:03Z,2025-11-21T09:38:03Z,2025-11-21T09:38:05Z,,2025-11-17T09:40:57+00:00,[user_2],[user_2],2,23,7,2,2,30,0,0,1,1,0,0,0,2025-11-19T12:41:19+00:00,2025-11-19T12:41:19+00:00,2,14801053 FS: Status nepoznato validacija,dopusti event status Nepoznato za događaje kreiranje prije 1.lipnja 2025.,,0,"# Description

dopusti event status Nepoznato za događaje kreiranje prije 1.lipnja 2025.",11,3060.366666666667,3060.366666666667,1440.0,4317.100000000001,fix,fullstack,False,False,True,False,False,False,True,2,1,0,0,0
511,2841391659,2025-09-18T19:07:50Z,2025-09-25T11:56:02Z,2025-09-25T11:56:02Z,2025-09-25T11:56:03Z,2025-09-22T20:51:27Z,2025-09-18T19:07:50+00:00,[user_6],[user_6],3,54,26,1,4,80,0,6,2,1,1,0,0,2025-09-18T22:14:58+00:00,2025-09-23T13:56:26+00:00,3,954 fe način isporuke,Checkboxovi za način isporuke nisu funkcionirali. Da bi se promjenio način isporuke trenutni checkbox bi se morao odznačiti kako bi se drugi mogao označiti. Sada koristimo radio botune.,M1qdXb5Y,0,"# Description

Checkboxovi za način isporuke nisu funkcionirali. Da bi se promjenio način isporuke trenutni checkbox bi se morao odznačiti kako bi se drugi mogao označiti. Sada koristimo radio botune.",28,187.13333333333333,6888.6,2880.0,6768.200000000001,fix,frontend,False,True,True,False,False,True,False,3,0,1,0,0
662,3055690363,2025-11-29T15:14:09Z,2025-12-01T23:04:15Z,2025-12-01T23:04:15Z,2025-12-01T23:04:16Z,,2025-11-29T15:14:09+00:00,nsitum,nsitum,2,5,1,2,2,6,0,0,1,1,0,0,0,2025-12-01T10:25:58+00:00,2025-12-01T10:25:58+00:00,2,"15005494 FE: Disableati polje ""Odgovorna osoba""","Isključena polja ""Odgovorna osoba"" ako korisnik nema permisiju CAN_MANAGE_ASSIGNEES",,0,"# Description

Isključena polja ""Odgovorna osoba"" ako korisnik nema permisiju CAN_MANAGE_ASSIGNEES",9,2591.816666666667,2591.816666666667,1920.0,1430.1,fix,frontend,True,False,True,False,False,False,False,2,1,0,0,0
690,3081828865,2025-12-08T14:18:45Z,2025-12-09T13:17:32Z,2025-12-09T13:17:32Z,2025-12-09T13:17:34Z,,2025-12-08T14:18:45+00:00,[user_2],[user_2],2,52,0,3,3,52,0,3,2,1,1,0,0,2025-12-09T11:15:53+00:00,2025-12-09T13:16:59+00:00,3,"14831599 BE: Endpoint za novi ""number"" ponude",dodan GET endpoint za iduci number ponude,,0,"# Description

dodan GET endpoint za iduci number ponude",7,1257.1333333333334,1378.2333333333331,0.0,1378.7833333333333,feature,backend,False,False,True,False,False,False,True,2,1,0,0,0
640,3029458856,2025-11-20T11:19:32Z,2025-11-21T11:29:27Z,2025-11-21T11:29:27Z,2025-11-21T11:29:29Z,,2025-11-20T11:19:32+00:00,nsitum,nsitum,2,5,0,1,1,5,0,0,1,1,0,0,0,2025-11-21T10:59:28+00:00,2025-11-21T10:59:28+00:00,1,"14829591 FE: Dodati disclaimer na ekran ""Ponude""","Dodan disclaimer na stranicu ""Ponude""",,1,"# Description

Dodan disclaimer na stranicu ""Ponude""",5,1419.9333333333334,1419.9333333333334,0.0,1449.9166666666663,update,frontend,True,False,True,False,False,False,False,2,1,0,0,0
652,3036538803,2025-11-22T16:21:39Z,2025-11-22T16:30:14Z,2025-11-22T16:30:14Z,2025-11-22T16:30:16Z,,2025-11-22T16:21:39+00:00,nsitum,nsitum,0,15,9,4,1,24,0,0,0,0,0,0,0,,,0,Quickfix: Empty dashes,Dodan EMPTY_DASH varijable gdje je potrebno.,TASK_ID,0,"# Description

Dodan EMPTY_DASH varijable gdje je potrebno.",6,,,8.583333333333329,-3.3306690738754696e-15,fix,other,False,False,False,False,False,False,False,0,1,0,0,0
568,2929953142,2025-10-20T14:01:43Z,2025-10-24T15:21:16Z,2025-10-24T15:21:16Z,2025-10-24T15:21:18Z,2025-10-21T13:48:31Z,2025-10-20T14:01:43+00:00,nsitum,nsitum,5,361,16,15,11,377,0,2,1,1,0,0,0,2025-10-22T08:14:04+00:00,2025-10-22T08:14:04+00:00,5,14216309 FE: Izmjena lozinke,"Napravljena je nova, neovisna i generička forma za izmjenu lozinke. ID i lozinka se šalju na postojeći PATCH endpoint. Napravljene su sljedeće izmjene: - Maknuta polja lozinke na editu - Ažuriran FormUserType i user forma da je pogodna za kreiranje i uređivanje zaposlenika - Dodana zasebna validacija za restart lozinke - Dodana nova stavka u dropdown zaposlenika i pokraj gumba ""Uredi"" na pregledu zaposlenika - Dodana change-password podruta /dashboard ruti",,3,"# Description

Napravljena je nova, neovisna i generička forma za izmjenu lozinke. ID i lozinka se šalju na postojeći PATCH endpoint. Napravljene su sljedeće izmjene:
- Maknuta polja lozinke na editu
- Ažuriran FormUserType i user forma da je pogodna za kreiranje i uređivanje zaposlenika
- Dodana zasebna validacija za restart lozinke
- Dodana nova stavka u dropdown zaposlenika i pokraj gumba ""Uredi"" na pregledu zaposlenika
- Dodana change-password podruta /dashboard ruti",66,2532.35,2532.35,0.0,5839.55,update,frontend,True,True,True,False,True,True,False,5,0,0,1,0
519,2859858515,2025-09-25T09:10:46Z,2025-09-25T20:05:51Z,2025-09-25T20:05:51Z,2025-09-25T20:05:53Z,2025-09-25T09:27:14Z,2025-09-25T09:10:46+00:00,[user_2],[user_2],6,35,24,1,2,59,0,0,1,1,0,0,0,2025-09-25T20:04:03+00:00,2025-09-25T20:04:03+00:00,6,884 BE (Refactor): mapServiceNamesToFieldChanges,"Refaktor mapiranja imena usluga prilikom dohvacanja event promjena, cilj je bia izbjec mutacije u JS-u.",bZRXpTQF,0,"# Description

Refaktor mapiranja imena usluga prilikom dohvacanja event promjena, cilj je bia izbjec mutacije u JS-u.",16,653.2833333333334,653.2833333333334,0.0,655.0833333333334,refactor,backend,False,True,True,True,True,True,True,6,0,0,1,0
527,2878115540,2025-10-01T12:47:13Z,2025-10-03T10:25:15Z,2025-10-03T10:25:15Z,2025-10-03T10:25:17Z,2025-10-02T06:02:46Z,2025-10-01T12:47:13+00:00,[user_2],[user_2],5,53,3,4,5,56,0,0,1,1,0,0,0,2025-10-03T06:11:07+00:00,2025-10-03T06:11:07+00:00,5,BE: Inventory migration basics,Dodani enumi InventoryType i inventoryGroup Dodana polja type i group na InventoryItem Dodana migracijska skripta: postojece InventoryIteme zakucavamo na type: PRODUCT i group: INVENTORY,,0,"# Description

Dodani enumi InventoryType i inventoryGroup
Dodana polja type i group na InventoryItem
Dodana migracijska skripta: postojece InventoryIteme zakucavamo na type: PRODUCT i group: INVENTORY",24,2483.9,2483.9,0.0,2738.0333333333333,update,backend,False,True,True,False,True,True,True,5,0,0,1,0
622,3006007108,2025-11-13T08:44:57Z,2025-11-14T11:25:36Z,2025-11-14T11:25:36Z,2025-11-14T11:25:38Z,,2025-11-13T08:44:57+00:00,[user_2],[user_2],3,70,32,3,1,102,0,2,2,1,1,0,0,2025-11-13T14:28:29+00:00,2025-11-13T14:28:29+00:00,2,14760669 BE: Event polja za klijenta,za klijente dobavljena event polja: - Datum - Vrijeme - trajanje - Usluga - Način isporuke - Lokacija - Vrsta klijenta - Telefon klijenta - E-mail klijenta - Broj osoba u narudžbi: od - do - Napomene,,0,"# Description

za klijente dobavljena event polja:
- Datum
- Vrijeme
- trajanje
- Usluga
- Način isporuke
- Lokacija
- Vrsta klijenta
- Telefon klijenta
- E-mail klijenta
- Broj osoba u narudžbi: od - do
- Napomene",26,343.5333333333333,343.5333333333333,0.0,1600.65,update,backend,True,False,True,False,False,False,True,3,0,1,0,1
706,3102044382,2025-12-15T11:08:34Z,2025-12-15T11:27:30Z,2025-12-15T11:27:30Z,2025-12-15T11:27:31Z,,2025-12-15T11:08:34+00:00,[user_2],[user_2],2,10,6,2,1,16,0,0,1,1,0,0,0,2025-12-15T11:12:11+00:00,2025-12-15T11:12:11+00:00,2,15299245 FE: useFetchTaxes enabled,dodan prop enabled u useFetchTaxes hooku da ne fetchamo poreze kad ne treba (meni forma ne prikazuje cijene),,0,"# Description

dodan prop enabled u useFetchTaxes hooku da ne fetchamo poreze kad ne treba (meni forma ne prikazuje cijene)",18,3.6166666666666623,3.6166666666666623,0.0,18.93333333333333,refactor,frontend,False,False,True,False,False,False,True,2,1,0,0,0
609,2995410985,2025-11-10T13:55:31Z,2025-11-10T14:02:53Z,2025-11-10T14:02:53Z,2025-11-10T14:02:55Z,2025-11-10T13:56:26Z,2025-11-10T13:55:31+00:00,[user_2],[user_2],1,1,0,1,2,1,0,0,1,1,0,0,0,2025-11-10T13:59:47+00:00,2025-11-10T13:59:47+00:00,0,14703968 BE: Notifikacije,nebi se dohvacale notifikacije jer se dobavljaju sve notifikacije kreirane nakon user.createdAt a kad su se prebacivale metode iz session repozitorija u user repozitorija desia se propust i nije se dohvaca createdAt na getById,,0,"# Description

nebi se dohvacale notifikacije jer se dobavljaju sve notifikacije kreirane nakon user.createdAt a kad su se prebacivale metode iz session repozitorija u user repozitorija desia se propust i nije se dohvaca createdAt na getById",35,4.266666666666666,4.266666666666666,0.0,7.366666666666662,fix,backend,False,False,False,False,False,False,True,1,1,0,0,0
566,2928891319,2025-10-20T07:34:10Z,2025-10-21T14:39:43Z,2025-10-21T14:39:43Z,2025-10-21T14:39:46Z,,2025-10-20T07:34:10+00:00,nsitum,nsitum,6,350,77,13,6,427,2,6,9,4,5,0,0,2025-10-20T07:35:02+00:00,2025-10-20T08:02:20+00:00,5,14268042 FS: notifications filter,"Dodano je filtriranje notifikacija tako da je kreirana postavka ""Samo sistemske notifikacija"" koja je uključena po defaultu. Originalno sam napravia da se filtrira dropdown, notifications page, i ne pokazuje toast ako su u pitanju sistemske notifikacije međutim poslije sam došao do informacije da filtriramo samo na page-u pa sam ostavio samo na page-u. Napravljene su sljedeće promjene: - Dodana NotificationsFilter komponenta po uzoru na ostale filter komponente - Prilagođeno filtriranje notifikacija tako da s FE šaljemo ""systemOnly"" param - Dodano BE filtriranje pomoću ""systemOnly"" parama - U badge-u u notifikacijama dodan broj sistemskih notifikacija - U dropdownu i dalje vidimo zadnjih 5 notifikacija bez obzira na pošiljatelja",,0,"# Description

Dodano je filtriranje notifikacija tako da je kreirana postavka ""Samo sistemske notifikacija"" koja je uključena po defaultu. Originalno sam napravia da se filtrira dropdown, notifications page, i ne pokazuje toast ako su u pitanju sistemske notifikacije međutim poslije sam došao do informacije da filtriramo samo na page-u pa sam ostavio samo na page-u. Napravljene su sljedeće promjene:
- Dodana NotificationsFilter komponenta po uzoru na ostale filter komponente
- Prilagođeno filtriranje notifikacija tako da s FE šaljemo ""systemOnly"" param
- Dodano BE filtriranje pomoću ""systemOnly"" parama
- U badge-u u notifikacijama dodan broj sistemskih notifikacija
- U dropdownu i dalje vidimo zadnjih 5 notifikacija bez obzira na pošiljatelja",105,0.866666666666664,28.166666666666664,0.0,1865.55,update,fullstack,True,True,True,False,True,True,True,6,0,0,1,1
595,2976231421,2025-11-04T11:25:42Z,2025-11-04T15:40:49Z,2025-11-04T15:40:49Z,2025-11-04T15:40:51Z,,2025-11-04T11:25:42+00:00,nsitum,nsitum,2,40,7,2,1,47,0,0,1,1,0,0,0,2025-11-04T15:01:12+00:00,2025-11-04T15:01:12+00:00,2,14596145 FE: Rikverc: Postavke,Dodana nova VITE_HIDE_SETTINGS_PAGE varijabla na temelju koje prikazujemo/skrivamo postavke i njegove iteme u navigaciji.,,0,"# Description

Dodana nova VITE_HIDE_SETTINGS_PAGE varijabla na temelju koje prikazujemo/skrivamo postavke i njegove iteme u navigaciji.",15,215.5,215.5,0.0,255.11666666666667,refactor,frontend,True,False,True,False,False,False,False,2,1,0,0,0
637,3017892239,2025-11-17T15:19:34Z,2025-11-17T15:26:11Z,2025-11-17T15:26:11Z,2025-11-17T15:26:13Z,,2025-11-17T15:19:34+00:00,[user_2],[user_2],0,10,10,1,1,20,0,0,0,0,0,0,0,,,0,14807764 BE: Event controller prefix,dodan prefix u event controlleru da ne ponavljamo /events za svaki endpoint,,0,"# Description

dodan prefix u event controlleru da ne ponavljamo /events za svaki endpoint",12,,,0.0,6.616666666666662,fix,backend,False,False,False,False,False,False,False,0,1,0,0,0
660,3055450335,2025-11-29T08:45:59Z,2025-12-03T21:13:52Z,2025-12-03T21:13:52Z,2025-12-03T21:13:54Z,2025-11-29T08:48:39Z,2025-11-29T08:45:59+00:00,[user_2],[user_2],3,133,43,8,14,176,0,4,4,1,2,0,1,2025-12-02T13:17:51+00:00,2025-12-03T20:44:44+00:00,4,14829616 BE: 1 događaj : N ponuda,"priprema BE za vise ponuda na dogadaju: - dodane potrebne metode na servisima i repozitorijima - popravljen/pojednostavljen cache na offer repozitoriju da radi kao i kod eventa, producta... - azuriranje tipova",,0,"# Description

priprema BE za vise ponuda na dogadaju:
- dodane potrebne metode na servisima i repozitorijima
- popravljen/pojednostavljen cache na offer repozitoriju da radi kao i kod eventa, producta...
- azuriranje tipova",29,4591.866666666667,6478.750000000001,2340.0,4167.883333333333,feature,backend,True,False,True,False,False,False,True,3,0,1,0,1
681,3074563091,2025-12-05T09:47:40Z,2025-12-05T12:38:36Z,2025-12-05T12:38:36Z,2025-12-05T12:38:38Z,,2025-12-05T09:47:40+00:00,nsitum,nsitum,2,138,117,15,5,255,0,2,1,1,0,0,0,2025-12-05T12:21:39+00:00,2025-12-05T12:21:39+00:00,2,15015875 FE: Izmijeniti sve sa Users... u Employee,Izmijenjeno sve sa Users... u Employees... ili Clients... tamo di se koristi naravno.,,0,"# Description

Izmijenjeno sve sa Users... u Employees... ili Clients... tamo di se koristi naravno.",13,153.98333333333335,153.98333333333335,0.0,170.93333333333334,refactor,frontend,True,False,True,False,False,False,False,2,1,0,0,0
669,3067612268,2025-12-03T14:14:34Z,2025-12-05T15:47:24Z,2025-12-05T15:47:24Z,2025-12-05T15:47:26Z,2025-12-05T10:05:13Z,2025-12-03T14:14:34+00:00,[user_2],[user_2],3,188,22,8,11,210,0,11,4,1,3,0,0,2025-12-05T11:52:17+00:00,2025-12-05T15:46:05+00:00,3,14831111 BE: Polja za validnost ponude,dodana polja za validnost ponude: - migracijska skripta defaulta sve postojece ponude na: vrijedi od danas i vrijedi 7 dana - azurirani tipovi - azuriran validator - dodan CRON job koji stavlja sve istekle ponude na status Isteklo - kreirana promjena ponude (kada sustav stavi ponudu na Isteklo) za userId ima null sto predstavlja sustav,,0,"# Description

dodana polja za validnost ponude:
- migracijska skripta defaulta sve postojece ponude na: vrijedi od danas i vrijedi 7 dana
- azurirani tipovi
- azuriran validator
- dodan CRON job koji stavlja sve istekle ponude na status Isteklo
- kreirana promjena ponude (kada sustav stavi ponudu na Isteklo) za userId ima null sto predstavlja sustav",50,2737.7166666666667,2971.516666666667,0.0,2972.8333333333335,feature,backend,True,False,True,False,False,False,True,3,0,1,0,1
542,2901432095,2025-10-09T17:05:01Z,2025-10-10T14:41:32Z,2025-10-10T14:41:32Z,2025-10-10T14:41:33Z,,2025-10-09T17:05:01+00:00,nsitum,nsitum,6,11,19,1,2,30,1,0,2,1,0,1,0,2025-10-10T08:06:04+00:00,2025-10-10T13:22:39+00:00,6,14024662 FE (Bug): Multievent listener,"Socket eventovi su se logirali više puta, ovo su uzroci: - useSocketEvent je koristio socket.onAny koji je hvatao sve evente bez obzira na prefiks - Višestruke registracije listenera su dodatno multiplicirale evente Za dijagnostiku sam šeta po projektu i istestira što svaki useSocketEvent radi, ispostavilo se da onAny poziva sve evente (uključujući one koje hook uopće ne sluša) Umjesto onAny sam stavio on koji sluša samo jedan, točno određeni event. Počistio sam ostatak za koji mislim da je višak, testira sam notifikacije i ostatak aplikacije koji se oslanja na useSocketEvent i nisam naletio na probleme. Svakako istestirajte pa javite ako naletite na problem.",,0,"# Description

Socket eventovi su se logirali više puta, ovo su uzroci:
- useSocketEvent je koristio socket.onAny koji je hvatao sve evente bez obzira na prefiks
- Višestruke registracije listenera su dodatno multiplicirale evente

Za dijagnostiku sam šeta po projektu i istestira što svaki useSocketEvent radi, ispostavilo se da onAny poziva sve evente (uključujući one koje hook uopće ne sluša)

Umjesto onAny sam stavio on koji sluša samo jedan, točno određeni event. Počistio sam ostatak za koji mislim da je višak, testira sam notifikacije i ostatak aplikacije koji se oslanja na useSocketEvent i nisam naletio na probleme. Svakako istestirajte pa javite ako naletite na problem.",102,901.05,1217.6333333333334,0.0,1296.5166666666669,fix,frontend,True,True,True,True,True,True,False,6,0,0,1,0
516,2851450888,2025-09-22T23:28:46Z,2025-09-25T11:54:59Z,2025-09-25T11:54:59Z,2025-09-25T11:55:01Z,2025-09-23T17:15:28Z,2025-09-22T23:28:46+00:00,[user_6],[user_6],3,22,64,11,1,86,0,0,1,1,0,0,0,2025-09-24T18:58:53+00:00,2025-09-24T18:58:53+00:00,4,FE: Dodati isLoading na Button,Dodan isLoading prop na Button. Svugdje gdje se koristi Spinner dodan isLoading buttonu.,ihpfgwUA,0,"# Description

Dodan isLoading prop na Button. Svugdje gdje se koristi Spinner dodan isLoading buttonu.",13,2610.116666666667,2610.116666666667,0.0,3626.2166666666662,update,frontend,False,True,True,False,False,True,False,3,0,1,0,0
620,3002684720,2025-11-12T12:45:02Z,2025-11-14T12:35:23Z,2025-11-14T12:35:23Z,2025-11-14T12:35:25Z,,2025-11-12T12:45:02+00:00,[user_2],[user_2],2,91,35,16,11,126,1,0,2,1,1,0,0,2025-11-13T13:59:43+00:00,2025-11-14T12:16:23+00:00,3,14741084 FS: Assignee permisija,dodana canManageAssignees permisija,,0,"# Description

dodana canManageAssignees permisija",3,1514.6833333333334,2851.35,0.0,2870.35,feature,fullstack,False,False,True,False,False,False,True,2,1,0,0,0
532,2884134896,2025-10-03T07:56:48Z,2025-10-06T09:45:13Z,2025-10-06T09:45:13Z,2025-10-06T09:45:16Z,2025-10-03T08:23:20Z,2025-10-03T07:56:48+00:00,[user_2],[user_2],6,119,22,25,7,141,0,2,2,1,1,0,0,2025-10-03T08:55:33+00:00,2025-10-03T09:23:04+00:00,5,14067712 BE: Service changes,Na update usluge kreirana promjena Dodan endpoint za dobavljanje promjena odredene usluge Dodan canViewServiceChanges permission Cleanup UpdateService tipa Alignano i cleanupano di je tribalo,,0,"# Description

Na update usluge kreirana promjena
Dodan endpoint za dobavljanje promjena odredene usluge
Dodan canViewServiceChanges permission
Cleanup UpdateService tipa
Alignano i cleanupano di je tribalo",24,58.75,86.26666666666667,2880.0,1548.4166666666663,fix,backend,True,True,True,False,True,True,True,6,0,0,1,1
541,2900575628,2025-10-09T12:34:27Z,2025-10-09T20:01:06Z,2025-10-09T20:01:06Z,2025-10-09T20:01:08Z,2025-10-09T16:48:48Z,2025-10-09T12:34:27+00:00,[user_2],[user_2],5,535,523,53,10,1058,0,0,1,1,0,0,0,2025-10-09T18:12:23+00:00,2025-10-09T18:12:23+00:00,5,13966184 BE: Inventory migration implementation,"- rename Inventory modula u Product - endpointovi prebaceni u /products - updateana schema za inventory -> product - migracijska skripta za inventory -> product - tipovi, konstante i validator za inventory -> product - pociscen naming po product module",,0,"# Description

- rename Inventory modula u Product
- endpointovi prebaceni u /products
- updateana schema za inventory -> product
- migracijska skripta za inventory -> product
- tipovi, konstante i validator za inventory -> product
- pociscen naming po product module",31,337.93333333333334,337.93333333333334,0.0,446.65,update,backend,False,True,True,False,True,True,True,5,0,0,1,0
589,2972193150,2025-11-03T10:31:48Z,2025-11-10T09:46:04Z,2025-11-10T09:46:04Z,2025-11-10T09:46:06Z,2025-11-05T07:44:03Z,2025-11-03T10:31:48+00:00,[user_2],[user_2],2,1514,0,1,10,1514,1,0,2,2,0,0,0,2025-11-05T12:56:22+00:00,2025-11-05T12:56:22+00:00,2,14533359 BE: Nacin isporuke migracija,"migrirane usluge poput ""DOSTAVA KOLAČA"" u ""KOLAČI"" i pritom azuriran nacin isporuke povezanih dogadaja prema imenu usluge obrisane usluge ""DOSTAVA"" i ""PREUZIMANJE"" i eventima sa tom vrstom usluge pridruzene pripadajuce usluge kreirane promjene nacina isporuke kod evenata azurirane promjene gdje su se spominjale stare usluge masu je duplog koda, nije najlipse napisano, islo me brze samo copy pasteat al koristit ce se jednom samo pa mislin da je oke",,0,"# Description

migrirane usluge poput ""DOSTAVA KOLAČA"" u ""KOLAČI"" i pritom azuriran nacin isporuke povezanih dogadaja prema imenu usluge
obrisane usluge ""DOSTAVA"" i ""PREUZIMANJE"" i eventima sa tom vrstom usluge pridruzene pripadajuce usluge
kreirane promjene nacina isporuke kod evenata
azurirane promjene gdje su se spominjale stare usluge

masu je duplog koda, nije najlipse napisano, islo me brze samo copy pasteat al koristit ce se jednom samo pa mislin da je oke",69,3024.5666666666666,3024.5666666666666,2880.0,7154.266666666666,refactor,backend,False,False,True,False,False,False,True,2,1,0,0,0
563,2923992281,2025-10-17T11:04:03Z,2025-10-21T12:46:01Z,2025-10-21T12:46:01Z,2025-10-21T12:46:03Z,,2025-10-17T11:04:03+00:00,nsitum,nsitum,5,41,14,1,2,55,2,0,3,2,1,0,0,2025-10-18T09:42:35+00:00,2025-10-20T07:13:02+00:00,5,"14188971 FE: Optional polje ""Opis lokacije""","Dodan je checkbox ""Prikaži opis lokacije"". Kad je checkiran otvori se polje opis lokacije i u formi i u readOnly modu. Prilagođen css preko klasa da checkbox izgleda pristojno. Dodan novi state hook koji prati checkbox i na temelju njega prikazuje textarea za opis lokacije.",,0,"# Description

Dodan je checkbox ""Prikaži opis lokacije"". Kad je checkiran otvori se polje opis lokacije i u formi i u readOnly modu. Prilagođen css preko klasa da checkbox izgleda pristojno. Dodan novi state hook koji prati checkbox i na temelju njega prikazuje textarea za opis lokacije.",45,1358.5333333333333,4088.9833333333336,2880.0,2981.9666666666662,update,frontend,True,True,True,False,True,True,False,5,0,0,1,0
671,3070311278,2025-12-04T08:32:08Z,2025-12-05T10:52:02Z,2025-12-05T10:52:02Z,2025-12-05T10:52:04Z,,2025-12-04T08:32:08+00:00,[user_2],[user_2],3,103,0,7,4,103,0,9,6,1,5,0,0,2025-12-04T17:03:18+00:00,2025-12-05T10:48:29+00:00,3,14831289 BE: Statične porezne tablice,dodana tablica Tax prema tasku dodan Tax module endpoint za dobavit prema kodu: npr. /taxes?code=PDV vracamo samo onaj validni tog koda,,0,"# Description

dodana tablica Tax prema tasku
dodan Tax module
endpoint za dobavit prema kodu: npr. /taxes?code=PDV
vracamo samo onaj validni tog koda",23,511.16666666666663,1576.35,0.0,1579.9,feature,backend,True,False,True,False,False,False,True,3,0,1,0,1
521,2863082348,2025-09-26T08:33:34Z,2025-09-26T08:39:08Z,2025-09-26T08:39:08Z,2025-09-26T08:39:16Z,,2025-09-26T08:33:34+00:00,[user_2],[user_2],0,5,6,2,1,11,0,0,0,0,0,0,0,,,1,FE (Bug): delete event,"Initial values nisu imale ID pa nije moglo obrisat/restoreat event, sad se salje ID u initial values al ID maknemo u formi da bude validacija u create modu.",TASK_ID,0,"# Description

Initial values nisu imale ID pa nije moglo obrisat/restoreat event, sad se salje ID u initial values al ID maknemo u formi da bude validacija u create modu.",29,,,0.0,5.566666666666662,fix,frontend,False,False,False,False,False,False,False,0,1,0,0,0
719,3117670647,2025-12-19T13:44:14Z,2025-12-19T21:28:01Z,2025-12-19T21:28:01Z,2025-12-19T21:28:03Z,,2025-12-19T13:44:14+00:00,nsitum,nsitum,2,26,0,1,1,26,0,0,1,1,0,0,0,2025-12-19T15:02:11+00:00,2025-12-19T15:02:11+00:00,2,15373512 UI: Status ponude tooltip,Dodan Tooltip na status ponude.,,1,"# Description

Dodan Tooltip na status ponude.",5,77.94999999999999,77.94999999999999,0.0,463.78333333333336,update,frontend,True,False,True,False,False,False,False,2,1,0,0,0
597,2979809374,2025-11-05T10:13:48Z,2025-11-07T11:41:42Z,2025-11-07T11:41:42Z,2025-11-07T11:41:43Z,2025-11-05T10:39:29Z,2025-11-05T10:13:48+00:00,[user_2],[user_2],3,205,116,10,15,321,0,10,7,1,6,0,0,2025-11-06T17:26:57+00:00,2025-11-07T10:59:07+00:00,2,14619351 BE: Privremena lozinka,generiranje privremene lozinke za klijenta: - dodan generate password endpoint - generirana nasumicna lozinka od 8 znakova - hashiranu spremamo u bazi i stavljamo passwordExpiresAt za 24 sata (kazite ako je puno/malo) - lozinka se salje klijentu na mail (treba dodati prilozeni template u direktorij apps/api/templates i postaviti SMTP podatke u envu sa podacima racuna koji ce slati mailove) - prebacene user metode i pozivi na user tablicu iz session modulea - prilazen template (kazite kako ga prominit/poboljsat): [generate-password.html](https://github.com/user-attachments/files/23357531/generate-password.html) - slika trenutnog basic maila:,,1,"# Description

generiranje privremene lozinke za klijenta:
- dodan generate password endpoint
- generirana nasumicna lozinka od 8 znakova
- hashiranu spremamo u bazi i stavljamo passwordExpiresAt za 24 sata (kazite ako je puno/malo)
- lozinka se salje klijentu na mail (treba dodati prilozeni template u direktorij apps/api/templates i postaviti SMTP podatke u envu sa podacima racuna koji ce slati mailove)
- prebacene user metode i pozivi na user tablicu iz session modulea
- prilazen template (kazite kako ga prominit/poboljsat): 
[generate-password.html](https://github.com/user-attachments/files/23357531/generate-password.html)
- slika trenutnog basic maila:",93,1873.15,2925.3166666666666,0.0,2967.9,feature,backend,True,False,True,False,False,False,True,3,0,1,0,1
535,2892955012,2025-10-07T07:34:38Z,2025-10-07T09:21:49Z,2025-10-07T09:21:49Z,2025-10-07T09:21:51Z,,2025-10-07T07:34:38+00:00,[user_2],[user_2],5,1,3,1,1,4,0,0,1,1,0,0,0,2025-10-07T09:17:23+00:00,2025-10-07T09:17:23+00:00,5,14105416 FE (Bug): Prazno trajanje dogadaja,Kad bi eventDuration stavili na prazno bude prazan string i ternarni operator bi na BE posla originalnu vrijednost Napravia san samo da se salje ko i startTime,,0,"# Description

Kad bi eventDuration stavili na prazno bude prazan string i ternarni operator bi na BE posla originalnu vrijednost
Napravia san samo da se salje ko i startTime",27,102.75,102.75,0.0,107.18333333333332,fix,frontend,False,True,True,False,True,True,True,5,0,0,1,0
682,3074676270,2025-12-05T10:21:16Z,2025-12-05T12:50:26Z,2025-12-05T12:50:26Z,2025-12-05T12:50:29Z,,2025-12-05T10:21:16+00:00,nsitum,nsitum,3,43,1,2,2,44,0,1,2,1,1,0,0,2025-12-05T10:21:37+00:00,2025-12-05T12:31:07+00:00,2,15083766 FE: startDate validacija,"Popravljena validacija datuma gdje bi se mogla unijeti bilo koja godina početka događaja (1111, 55555, 202555) itd... - Poboljšan UX tako da je srezan broj znamenki datuma (može se unijeti maksimalno 4 znamenke, nakon toga unos kreće ispočetka kao u većini aplikacija) - Dodan test za najmanju i najveću godinu (okvirno od 1970 do 2100)",,0,"# Description

Popravljena validacija datuma gdje bi se mogla unijeti bilo koja godina početka događaja (1111, 55555, 202555) itd...
- Poboljšan UX tako da je srezan broj znamenki datuma (može se unijeti maksimalno 4 znamenke, nakon toga unos kreće ispočetka kao u većini aplikacija)
- Dodan test za najmanju i najveću godinu (okvirno od 1970 do 2100)",53,0.349999999999998,129.85,0.0,149.16666666666666,fix,frontend,True,False,True,False,False,False,True,3,0,1,0,1
546,2906306479,2025-10-11T09:23:25Z,2025-10-13T10:51:34Z,2025-10-13T10:51:34Z,2025-10-13T10:51:36Z,2025-10-13T07:05:31Z,2025-10-11T09:23:25+00:00,nsitum,nsitum,6,156,66,8,2,222,0,2,2,1,1,0,0,2025-10-13T08:15:36+00:00,2025-10-13T08:15:36+00:00,5,14183448 FE: TableHeader komponenta,- Kreirana TableHeader komponenta koja prima columns. - Kreiran Cell[] tip za columns - Vrijednosti su hardkodirane privremeno (do kreiranja Table komponente),,0,"# Description

- Kreirana TableHeader komponenta koja prima columns.
- Kreiran Cell[] tip za columns
- Vrijednosti su hardkodirane privremeno (do kreiranja Table komponente)",19,2812.1833333333334,2812.1833333333334,2220.0,748.15,refactor,frontend,True,True,True,False,True,True,True,6,0,0,1,1
715,3109741569,2025-12-17T11:59:01Z,2025-12-18T09:15:22Z,2025-12-18T09:15:22Z,2025-12-18T09:15:25Z,,2025-12-17T11:59:01+00:00,[user_2],[user_2],2,5,3,1,2,8,0,1,2,1,1,0,0,2025-12-17T23:53:17+00:00,2025-12-17T23:53:17+00:00,2,15355586 BE: Klijentov pregled dogadaja,bug: kad bi dobavljali dogadaj po IDu kao klijent otislo bi u getByIdForClient u kojen formatiramo event pa bi ga formatirali opet u getById: - sad formatiramo odma u getByIdForClient pa u getById ne formatiramo ako je korisnik klijent - dodano formatiranje i u getForClient metodi,,0,"# Description

bug: kad bi dobavljali dogadaj po IDu kao klijent otislo bi u getByIdForClient u kojen formatiramo event pa bi ga formatirali opet u getById:
- sad formatiramo odma u getByIdForClient pa u getById ne formatiramo ako je korisnik klijent
- dodano formatiranje i u getForClient metodi",44,714.2666666666667,714.2666666666667,0.0,1276.35,fix,backend,False,False,True,False,False,False,True,2,1,0,0,0
531,2883957373,2025-10-03T06:34:31Z,2025-10-06T19:59:43Z,2025-10-06T19:59:43Z,2025-10-06T19:59:45Z,,2025-10-03T06:34:31+00:00,nsitum,nsitum,6,44,17,5,12,61,1,2,2,0,2,0,0,2025-10-03T10:14:09+00:00,,6,13966170 FE: Inventory migration basics,"Zakucani type na PRODUCT i group na INVENTORY. Prilagođeno slanje payloada, initial values, tipovi i validacija",,0,"# Description

Zakucani type na PRODUCT i group na INVENTORY. Prilagođeno slanje payloada, initial values, tipovi i validacija",16,219.63333333333333,,2880.0,2245.2000000000003,update,frontend,True,True,True,True,True,True,False,6,0,0,1,0
564,2924066943,2025-10-17T11:25:23Z,2025-10-18T15:09:59Z,2025-10-18T15:09:59Z,2025-10-18T15:10:00Z,,2025-10-17T11:25:23+00:00,nsitum,nsitum,5,2,2,1,1,4,0,0,1,1,0,0,0,2025-10-18T09:43:11+00:00,2025-10-18T09:43:11+00:00,5,14041354 FE: No toast on user update,"Maka sam context.toastId, mislim da smo ga prije koristili za uklanjanje toasta pa zaboravili maknit",,0,"# Description

Maka sam context.toastId, mislim da smo ga prije koristili za uklanjanje toasta pa zaboravili maknit",16,1337.8,1337.8,1004.6,660.0,fix,frontend,True,True,True,False,True,True,False,5,0,0,1,0
683,3074793458,2025-12-05T11:00:24Z,2025-12-05T12:59:41Z,2025-12-05T12:59:41Z,2025-12-05T12:59:43Z,,2025-12-05T11:00:24+00:00,nsitum,nsitum,2,8,14,3,2,22,0,0,1,1,0,0,0,2025-12-05T12:35:48+00:00,2025-12-05T12:35:48+00:00,2,15075531 FE: isSelf provjera,"Izbrisane isSelf provjere iz Employees i Clients page-eva, bili su tu iz povijesnih razloga (kad je korisnik sam sebi moga prominit sifru a nije bilo odvojenog modala). Nije dio taska, al sam prominia ClientsPage u Clients zbog konzistentnosti.",,0,"# Description

Izbrisane isSelf provjere iz Employees i Clients page-eva, bili su tu iz povijesnih razloga (kad je korisnik sam sebi moga prominit sifru a nije bilo odvojenog modala).
Nije dio taska, al sam prominia ClientsPage u Clients zbog konzistentnosti.",39,95.4,95.4,0.0,119.28333333333336,refactor,frontend,True,False,True,False,False,False,False,2,1,0,0,0
623,3006374667,2025-11-13T10:28:45Z,2025-11-14T11:37:24Z,2025-11-14T11:37:24Z,2025-11-14T11:37:26Z,,2025-11-13T10:28:45+00:00,[user_2],[user_2],2,30,23,9,4,53,0,1,1,1,0,0,0,2025-11-13T14:55:24+00:00,2025-11-13T14:55:24+00:00,2,14762078 BE: Preferences polje,dodano opcionalno string preferences polje u User tablicu azurirani tipovi i validator select preferenci na getById primjetia san neke greske kod tipova pa san pocistia usput migracijska skripta azurirana update metoda u user serviceu tako da korisnici sami sebi mogu updateati preference bez canManageUsers prava,,0,"# Description

dodano opcionalno string preferences polje u User tablicu
azurirani tipovi i validator
select preferenci na getById
primjetia san neke greske kod tipova pa san pocistia usput
migracijska skripta
azurirana update metoda u user serviceu tako da korisnici sami sebi mogu updateati preference bez canManageUsers prava",45,266.65000000000003,266.65000000000003,0.0,1508.65,feature,backend,False,False,True,False,False,False,True,2,1,0,0,0
561,2920792259,2025-10-16T13:53:58Z,2025-10-17T09:59:53Z,2025-10-17T09:59:52Z,2025-10-17T09:59:54Z,,2025-10-16T13:53:58+00:00,[user_2],[user_2],5,1,1,1,1,2,0,0,2,2,0,0,0,2025-10-17T09:50:34+00:00,2025-10-17T09:50:34+00:00,5,BE: Excel font,za sve celije stavljen font Arial velicine 10,,0,"# Description

za sve celije stavljen font Arial velicine 10",8,1196.6,1196.6,0.0,1205.9,update,backend,False,True,True,False,True,True,True,5,0,0,1,0
574,2943527098,2025-10-24T07:56:46Z,2025-10-25T15:38:19Z,2025-10-25T15:38:19Z,2025-10-25T15:38:20Z,,2025-10-24T07:56:46+00:00,[user_2],[user_2],5,52,2,8,1,54,0,0,1,1,0,0,0,2025-10-25T15:36:39+00:00,2025-10-25T15:36:39+00:00,5,14235813 BE: POST ID,"dodan interceptor koji provjerava je li ID prisutan u request body, ako je prisutan baca Bad Request dodano na svim POST endpointovima",,0,"# Description

dodan interceptor koji provjerava je li ID prisutan u request body, ako je prisutan baca Bad Request
dodano na svim POST endpointovima",22,1899.8833333333337,1899.8833333333337,1001.55,900.0,feature,backend,False,True,True,False,True,True,True,5,0,0,1,0
582,2961949725,2025-10-30T07:40:46Z,2025-10-30T08:38:15Z,2025-10-30T08:38:15Z,2025-10-30T08:38:17Z,2025-10-30T07:46:23Z,2025-10-30T07:40:46+00:00,[user_2],[user_2],6,34,14,4,1,48,0,2,3,1,2,0,0,2025-10-30T08:06:33+00:00,2025-10-30T08:15:12+00:00,5,14531432 BE: Client type,u Event tipu je stajalo da je client tipa UserDto ali mi kad dohvacamo event i njegovog povezanog klijenta ne dohvacamo sva polja korisnika jer za klijenta nisu bitna doda san client tipove i na upsertu usera kad saljemo klijenta popunia ove ostale podatke sa createClientInitialValues,,0,"# Description

u Event tipu je stajalo da je client tipa UserDto ali mi kad dohvacamo event i njegovog povezanog klijenta ne dohvacamo sva polja korisnika jer za klijenta nisu bitna
doda san client tipove i na upsertu usera kad saljemo klijenta popunia ove ostale podatke sa createClientInitialValues",46,25.783333333333335,34.43333333333334,0.0,57.483333333333334,fix,backend,True,True,True,False,True,True,True,6,0,0,1,1
553,2913432476,2025-10-14T12:17:58Z,2025-10-27T10:46:54Z,2025-10-27T10:46:54Z,2025-10-27T10:46:56Z,2025-10-27T10:37:14Z,2025-10-14T12:17:58+00:00,[user_2],[user_2],5,10,6,2,25,16,0,1,2,1,1,0,0,2025-10-18T09:49:16+00:00,2025-10-27T10:45:04+00:00,5,14199680 BE: Status otkazano,dodan status otkazano u event status i ažuriran validator da je razlog odbijanja obavezan i kad je status OTKAZANO nisan u validator dodava logiku zabrane statusa otkazano prema flagu u envu jer ako je u api/.env odvojeni paket mu nemoze pristupit a dodavat env u validator zbog ovoga mi se parilo nepotrebno na FE ce svakako bit flag prema kojem cemo (ne)prikazivat u izborniku opciju OTKAZANO,,0,"# Description

dodan status otkazano u event status i ažuriran validator da je razlog odbijanja obavezan i kad je status OTKAZANO
nisan u validator dodava logiku zabrane statusa otkazano prema flagu u envu jer ako je u api/.env odvojeni paket mu nemoze pristupit a dodavat env u validator zbog ovoga mi se parilo nepotrebno
na FE ce svakako bit flag prema kojem cemo (ne)prikazivat u izborniku opciju OTKAZANO",68,5611.299999999999,18627.1,5820.0,12808.933333333334,update,backend,False,True,True,False,True,True,True,5,0,0,1,0
634,3017765046,2025-11-17T14:44:29Z,2025-11-21T09:39:28Z,2025-11-21T09:39:28Z,2025-11-21T09:39:30Z,,2025-11-17T14:44:29+00:00,[user_2],[user_2],2,11,59,10,1,70,0,0,1,1,0,0,0,2025-11-19T20:00:58+00:00,2025-11-19T20:00:58+00:00,2,14807760 BE: Notification forwardRef,obrisani forwardRefovi na notification module tamo di ne triba,,0,"# Description

obrisani forwardRefovi na notification module tamo di ne triba",9,3196.4833333333336,3196.4833333333336,1440.0,4014.9833333333327,refactor,backend,False,False,True,False,False,False,True,2,1,0,0,0
551,2912518570,2025-10-14T07:06:43Z,2025-10-15T05:58:43Z,2025-10-15T05:58:43Z,2025-10-15T05:58:45Z,2025-10-14T07:16:39Z,2025-10-14T07:06:43+00:00,[user_2],[user_2],5,77,49,11,2,126,0,0,3,3,0,0,0,2025-10-14T09:58:48+00:00,2025-10-14T09:58:48+00:00,5,14205339 BE: Interni status,"- sentToProduction -> internalStatus - dodana migracijska skripta (ako je sentToProduction bia TRUE internalStatus mu je ""Proizvodnja"", a ako je false onda ""Prodaja"") - zakucavamo zasad na UNKNOWN (FE PR ce maknit ovo i zapravo slat internalStatus kroz formu) - dodan InternalStatus enum sa nekim privremenim vrijednostima (prave/tocne cemo dobit uskoro) - azuriran validator i Event tipovi",,0,"# Description

- sentToProduction -> internalStatus
- dodana migracijska skripta (ako je sentToProduction bia TRUE internalStatus mu je ""Proizvodnja"", a ako je false onda ""Prodaja"")
- zakucavamo zasad na UNKNOWN (FE PR ce maknit ovo i zapravo slat internalStatus kroz formu)
- dodan InternalStatus enum sa nekim privremenim vrijednostima (prave/tocne cemo dobit uskoro)
- azuriran validator i Event tipovi",52,172.08333333333331,172.08333333333331,0.0,1372.0,update,backend,False,True,True,False,True,True,True,5,0,0,1,0
647,3034010749,2025-11-21T14:42:41Z,2025-11-22T11:44:24Z,2025-11-22T11:44:24Z,2025-11-22T11:44:26Z,,2025-11-21T14:42:41+00:00,[user_2],[user_2],2,30,11,8,2,41,0,0,1,1,0,0,0,2025-11-22T10:43:09+00:00,2025-11-22T10:43:09+00:00,2,14829170 BE: Polje 'Naziv' ponude,"dodano polje ""name"" u Offer tablicu dodana migracijska skripta gdje sve ponude dobijaju defaultno ime prema IDu: npr. ID: efjeu3i90 -> name: EFJ-EU3 usput pociscena logika na offer formi u inicijalne vrijednosti ponuda dodano ime: (prazno), ovo ce se maknit sa FE PR-om, ovo je samo da se s ovim PRom ne skrsi kreiranje novih ponuda dok nemamo jos na FE to polje",,0,"# Description

dodano polje ""name"" u Offer tablicu
dodana migracijska skripta gdje sve ponude dobijaju defaultno ime prema IDu: npr. ID: efjeu3i90 -> name: EFJ-EU3
usput pociscena logika na offer formi
u inicijalne vrijednosti ponuda dodano ime: (prazno), ovo ce se maknit sa FE PR-om, ovo je samo da se s ovim PRom ne skrsi kreiranje novih ponuda dok nemamo jos na FE to polje",64,1200.4666666666667,1200.4666666666667,721.7166666666667,540.0,feature,fullstack,False,False,True,False,False,False,True,2,1,0,0,0
691,3082366529,2025-12-08T16:47:56Z,2025-12-15T13:12:49Z,2025-12-15T13:12:49Z,2025-12-15T13:12:50Z,2025-12-10T14:28:06Z,2025-12-08T16:47:56+00:00,[user_2],[user_2],3,514,614,20,19,1128,5,18,19,1,18,0,0,2025-12-09T20:50:58+00:00,2025-12-15T12:01:46+00:00,3,14831563 FS: Breakdown,"kazite ako triba sta minjat oko dizajna dodan ""breakdown"" cijene ponude na formi: - dodana polja za popust, ukljucenost pdv-a i pp-a - pociscena logika racunanja cijena u mvpOfferContent i newOfferForm komponentama - prikazujemo: osnovicu, cijenu nakon popusta, iznos pdv-a i pp-a, ukupnu cijenu - azurirani tipovi i validatori - migracijske skripte - toggleanjem poreznih checkboxova ih (ne)uracunavamo u ukupnu cijenu - zaboravili smo azurirat konstante i changes helper za nova polja pa san i to odradia usput",,1,"# Description

kazite ako triba sta minjat oko dizajna

dodan ""breakdown"" cijene ponude na formi:
- dodana polja za popust, ukljucenost pdv-a i pp-a
- pociscena logika racunanja cijena u mvpOfferContent i newOfferForm komponentama
- prikazujemo: osnovicu, cijenu nakon popusta, iznos pdv-a i pp-a, ukupnu cijenu
- azurirani tipovi i validatori
- migracijske skripte
- toggleanjem poreznih checkboxova ih (ne)uracunavamo u ukupnu cijenu
- zaboravili smo azurirat konstante i changes helper za nova polja pa san i to odradia usput",76,1683.0333333333333,9793.833333333334,2880.0,6984.883333333333,feature,fullstack,True,False,True,False,False,False,True,3,0,1,0,1
665,3066679597,2025-12-03T09:49:26Z,2025-12-04T13:39:38Z,2025-12-04T13:39:38Z,2025-12-04T13:39:40Z,2025-12-03T09:56:36Z,2025-12-03T09:49:26+00:00,[user_2],[user_2],2,209,22,26,7,231,0,2,1,1,0,0,0,2025-12-04T13:19:30+00:00,2025-12-04T13:19:30+00:00,2,14830541 FS: Povijest izmjena ponude,"dodana povijest izmjena ponude ko sta imaju i drugi entiteti: - primjetia san da se u socketu gleda canViewServices umisto canViewServiceChanges pa san to ispravia - dodano pravo canViewOfferChanges - azurirani tipovi, validator - azurirana logika notifikacija da odraduje i ponude",,0,"# Description

dodana povijest izmjena ponude ko sta imaju i drugi entiteti:
- primjetia san da se u socketu gleda canViewServices umisto canViewServiceChanges pa san to ispravia
- dodano pravo canViewOfferChanges
- azurirani tipovi, validator
- azurirana logika notifikacija da odraduje i ponude",37,1650.0666666666666,1650.0666666666666,0.0,1670.1999999999998,feature,fullstack,False,False,True,False,False,False,True,2,1,0,0,0
571,2936736720,2025-10-22T11:01:06Z,2025-10-29T13:14:14Z,2025-10-29T13:14:14Z,2025-10-29T13:14:15Z,,2025-10-22T11:01:06+00:00,nsitum,nsitum,6,1136,22,25,16,1158,4,16,8,1,7,0,0,2025-10-23T07:35:21+00:00,2025-10-29T12:38:39+00:00,7,14216383 FE: Klijent,"Dodana je nova stranica ""Klijenti"" koja se nalazi uz postojeći stranicu ""Zaposlenici"" u postavakama. Cijela funkcionalnost se temelji na postojećoj ""Zaposlenici"" formi, rutama, logici itd... razlika je samo u podacima koje šaljemo/primamo. Napravljene su sljedeće izmjene: - Kreirane nove rute /clients, /client-create, /client-edit, /client - Kreirane ClientsLayout, ClientsPage, ClientCreate, ClientEdit komponente koje rade samo s UserType.CLIENT - Kreirana ClientForm forma koja radi samo sa sljedećim podacima: ime, prezime, tvrtka, porezni broj tvrtke, email i kontakt broj i na kreiranju i na uređivanju - Dodan useClientForm - Prilagođeni tipovi i kreiranje inicijalnih vrijednosti client forme",,2,"# Description

Dodana je nova stranica ""Klijenti"" koja se nalazi uz postojeći stranicu ""Zaposlenici"" u postavakama. Cijela funkcionalnost se temelji na postojećoj ""Zaposlenici"" formi, rutama, logici itd... razlika je samo u podacima koje šaljemo/primamo.

Napravljene su sljedeće izmjene:
- Kreirane nove rute /clients, /client-create, /client-edit, /client
- Kreirane ClientsLayout, ClientsPage, ClientCreate, ClientEdit komponente koje rade samo s UserType.CLIENT
- Kreirana ClientForm forma koja radi samo sa sljedećim podacima: ime, prezime, tvrtka, porezni broj tvrtke, email i kontakt broj i na kreiranju i na uređivanju
- Dodan useClientForm
- Prilagođeni tipovi i kreiranje inicijalnih vrijednosti client forme",93,1234.25,10177.55,2940.0,7273.133333333334,update,frontend,True,True,True,False,True,True,True,6,0,0,1,1
573,2940261248,2025-10-23T12:19:44Z,2025-10-24T11:06:30Z,2025-10-24T11:06:30Z,2025-10-24T11:06:32Z,,2025-10-23T12:19:44+00:00,[user_2],[user_2],5,3,1,1,2,4,0,0,1,1,0,0,0,2025-10-24T11:06:03+00:00,2025-10-24T11:06:03+00:00,5,14365826 BE (Bug): Internal status migracija,"popravak internal status migracije greska je bila sta se doda internal status stupac odma sa not null constraintom, a u bazi vec ima podataka pa padne jer ga defaulta na null fix: dodat stupac bez constrainta -> migrirat podatke -> stavit constraint",,0,"# Description

popravak internal status migracije
greska je bila sta se doda internal status stupac odma sa not null constraintom, a u bazi vec ima podataka pa padne jer ga defaulta na null
fix: dodat stupac bez constrainta -> migrirat podatke -> stavit constraint",40,1366.3166666666666,1366.3166666666666,0.0,1366.7666666666669,fix,backend,False,True,True,False,True,True,True,5,0,0,1,0
618,3002378673,2025-11-12T11:01:11Z,2025-11-14T07:44:05Z,2025-11-14T07:44:05Z,2025-11-14T07:44:06Z,,2025-11-12T11:01:11+00:00,[user_2],[user_2],3,90,303,17,4,393,0,3,2,1,1,0,0,2025-11-13T13:49:13+00:00,2025-11-13T13:49:13+00:00,2,14740837 FS: Assignee relacija,"obrisana internalPerson polja, dodana relacija Assignee na event maknuti endpointovi/hookovi koji su fetchali internalPerson cleanup svega di se koristia internalPerson dodan assigneeId u validator dohvacanje odgovorne osobe prilikom dohvacanja eventa azurirani event tipovi migracijska skripta",,0,"# Description

obrisana internalPerson polja, dodana relacija Assignee na event
maknuti endpointovi/hookovi koji su fetchali internalPerson
cleanup svega di se koristia internalPerson
dodan assigneeId u validator
dohvacanje odgovorne osobe prilikom dohvacanja eventa
azurirani event tipovi
migracijska skripta",36,1608.0333333333333,1608.0333333333333,0.0,2682.9,feature,fullstack,True,False,True,False,False,False,True,3,0,1,0,1
590,2972255085,2025-11-03T10:53:24Z,2025-11-04T17:20:55Z,2025-11-04T17:20:55Z,2025-11-04T17:20:57Z,,2025-11-03T10:53:24+00:00,nsitum,nsitum,3,408,34,5,18,442,0,18,8,1,7,0,0,2025-11-03T11:00:52+00:00,2025-11-04T16:40:10+00:00,3,14365285 FE: Update event forme,"Dodan novi checkbox ""Prikaži klijente"", čijim se toggle-om otvara nova ""podforma"" za prikaz/dodavanje/brisanje klijenata. Napravljane su sljedeće izmjene: - Dodane potrebne stvari na FE vezano za event formu: gumbi, podforma, polja, validacija, handleri, initialValues... - Dodan novi useUpsertContacts hook - Patch kontakata na submit forme, dodan client.id kao userId",,3,"# Description

Dodan novi checkbox ""Prikaži klijente"", čijim se toggle-om otvara nova ""podforma"" za prikaz/dodavanje/brisanje klijenata. Napravljane su sljedeće izmjene:
- Dodane potrebne stvari na FE vezano za event formu: gumbi, podforma, polja, validacija, handleri, initialValues...
- Dodan novi useUpsertContacts hook
- Patch kontakata na submit forme, dodan client.id kao userId",50,7.466666666666664,1786.7666666666669,0.0,1827.5166666666669,update,frontend,True,False,True,False,False,False,True,3,0,1,0,1
552,2913299306,2025-10-14T11:37:01Z,2025-10-15T09:32:48Z,2025-10-15T09:32:48Z,2025-10-15T09:32:50Z,2025-10-14T11:39:50Z,2025-10-14T11:37:01+00:00,[user_2],[user_2],5,22,1,1,2,23,0,0,1,1,0,0,0,2025-10-15T09:27:13+00:00,2025-10-15T09:27:13+00:00,5,14211868 BE: Sortiranje bulk događaja,u excelici za događaje istog datuma sortirano po vremenu početka,,0,"# Description

u excelici za događaje istog datuma sortirano po vremenu početka",10,1310.1999999999998,1310.1999999999998,0.0,1315.7833333333333,update,backend,False,True,True,False,True,True,True,5,0,0,1,0
548,2906440664,2025-10-11T11:23:13Z,2025-10-14T14:17:15Z,2025-10-14T14:17:15Z,2025-10-14T14:17:17Z,2025-10-13T10:45:16Z,2025-10-11T11:23:13+00:00,nsitum,nsitum,6,573,1361,18,14,1934,0,8,8,1,7,0,0,2025-10-13T09:25:02+00:00,2025-10-13T13:03:52+00:00,5,14183458 FE: Table komponenta,"- Kreirana Table komponenta - Izbrisan react-virtuoso paket - Prebačene TableHeader i TableRow komponente u Table komponentu - Popravljen test za EventsTable komponentu nakon brisanja react-virtuoso paketa (bacite oko na komentar ispod) - Dodani testovi za Table, TableRow i TableHeader komponentu",,0,"# Description

- Kreirana Table komponenta
- Izbrisan react-virtuoso paket
- Prebačene TableHeader i TableRow komponente u Table komponentu
- Popravljen test za EventsTable komponentu nakon brisanja react-virtuoso paketa (bacite oko na komentar ispod)
- Dodani testovi za Table, TableRow i TableHeader komponentu",38,2761.8166666666666,2980.65,2100.0,2394.033333333333,refactor,frontend,True,True,True,False,True,True,True,6,0,0,1,1
714,3106307939,2025-12-16T13:13:19Z,2025-12-18T09:15:39Z,2025-12-18T09:15:39Z,2025-12-18T09:15:41Z,,2025-12-16T13:13:19+00:00,[user_2],[user_2],3,180,33,10,7,213,0,9,10,1,9,0,0,2025-12-16T17:32:11+00:00,2025-12-17T23:49:21+00:00,3,15302500 FS: Ukupna cijena ponude,"u bazu ubacena required financijska polja (pocetna, sa popustom, pdv, pp i ukupna cijena): - na createu ih ne navodimo eksplicitno vec ih BE kalkulira na createu prema popustu, ukljucenosti poreza i sadrzaju ponude - na editu ako su navedena polja koja utjecu na cijenu, cijene se ponovo racunaju i spremaju u bazi - na FE je ostala logika racunanja cijena ista ali se koristi samo za preview, na BE se zapravo racuna i sprema cijena",,0,"# Description

u bazu ubacena required financijska polja (pocetna, sa popustom, pdv, pp i ukupna cijena):
- na createu ih ne navodimo eksplicitno vec ih BE kalkulira na createu prema popustu, ukljucenosti poreza i sadrzaju ponude
- na editu ako su navedena polja koja utjecu na cijenu, cijene se ponovo racunaju i spremaju u bazi
- na FE je ostala logika racunanja cijena ista ali se koristi samo za preview, na BE se zapravo racuna i sprema cijena",73,258.8666666666667,2076.0333333333338,0.0,2642.3333333333335,refactor,fullstack,True,False,True,False,False,False,True,3,0,1,0,1
710,3102899558,2025-12-15T15:06:10Z,2025-12-18T11:16:45Z,2025-12-18T11:16:44Z,2025-12-18T11:16:46Z,,2025-12-15T15:06:10+00:00,[user_2],[user_2],3,53,69,5,9,122,1,4,7,1,6,0,0,2025-12-16T10:33:31+00:00,2025-12-18T11:16:02+00:00,3,15302803 FE: Zacrveniti polja,"neka polja se nebi zacrvenila kad su kriva jer se nebi dodirnila pa touched atribut nebude true, sta mora bit da se prikaze error (svugdi gledamo touched i error): - doda san problematicna u event initial values da ih formik moze stavit ko touched na submitu - labela ""Ostalo"" -> ""Ostalo (prodajni kanal)"" - usput san azurira event tip da opcionalna polja mogu bit i null - usput pocistia event repo create metodu da se ne pise svako polje - usput san primjetia da deliveryMethodOther jedini nema provjeru toucheda pa san doda ovo je neki temp fix, doda bi task da prazne stringove normaliziramo u null prije slanja jer ovako nam sva ova opcionalna polja imaju prazne stringove u bazi",,0,"# Description

neka polja se nebi zacrvenila kad su kriva jer se nebi dodirnila pa touched atribut nebude true, sta mora bit da se prikaze error (svugdi gledamo touched i error):
- doda san problematicna u event initial values da ih formik moze stavit ko touched na submitu
- labela ""Ostalo"" -> ""Ostalo (prodajni kanal)""
- usput san azurira event tip da opcionalna polja mogu bit i null
- usput pocistia event repo create metodu da se ne pise svako polje
- usput san primjetia da deliveryMethodOther jedini nema provjeru toucheda pa san doda

ovo je neki temp fix, doda bi task da prazne stringove normaliziramo u null prije slanja jer ovako nam sva ova opcionalna polja imaju prazne stringove u bazi",114,1167.35,4089.8666666666663,0.0,4090.5666666666666,fix,frontend,True,False,True,False,False,False,True,3,0,1,0,1
705,3101977097,2025-12-15T10:45:53Z,2025-12-16T13:50:43Z,2025-12-16T13:50:43Z,2025-12-16T13:50:44Z,,2025-12-15T10:45:53+00:00,[user_2],[user_2],3,24,23,4,7,47,0,3,4,1,3,0,0,2025-12-15T12:08:09+00:00,2025-12-16T09:40:52+00:00,3,15298619 FS: Meni validacija,"poopravljena validacija menija i dodan botun za obrisat redak maka san nepotrebne propove: - isRequired je uvik samo !isReadOnly a saljemo isReadOnly pa po tome mozemo namistit isRequired, tako radimo na drugin formama - isPdvVisible i isPpVisible san maka i samo gleda isPriceVisible jer nemamo trenutno use case di nam triba toliko custom prikaz izgled i dalje ne valja al triba bi se risit s ovin taskom: https://github.com/[user]/[project]/pull/703",,0,"# Description

poopravljena validacija menija i dodan botun za obrisat redak

maka san nepotrebne propove: 
- isRequired je uvik samo !isReadOnly a saljemo isReadOnly pa po tome mozemo namistit isRequired, tako radimo na drugin formama
- isPdvVisible i isPpVisible san maka i samo gleda isPriceVisible jer nemamo trenutno use case di nam triba toliko custom prikaz

izgled i dalje ne valja al triba bi se risit s ovin taskom: https://github.com/[user]/[project]/pull/703",72,82.26666666666667,1374.9833333333331,0.0,1624.8333333333333,fix,fullstack,True,False,True,False,False,False,True,3,0,1,0,1
515,2851084068,2025-09-22T20:42:58Z,2025-09-25T11:55:17Z,2025-09-25T11:55:17Z,2025-09-25T11:55:19Z,2025-09-23T17:15:03Z,2025-09-22T20:42:58+00:00,[user_6],[user_6],4,9,44,1,7,53,0,3,4,2,2,0,0,2025-09-24T09:30:58+00:00,2025-09-24T10:26:06+00:00,5,FE: UI tablice korisnika,Na prikazu korisnika checkboxovi za sve permisije zasebno zamijenjeni samo counterom permisija.,G3DyNUdA,0,"# Description

Na prikazu korisnika checkboxovi za sve permisije zasebno zamijenjeni samo counterom permisija.",12,2208.0,2263.1333333333337,0.0,3792.3166666666666,update,frontend,False,True,True,False,False,True,True,4,0,1,0,0
578,2957991832,2025-10-29T08:07:51Z,2025-10-30T10:58:25Z,2025-10-30T10:58:25Z,2025-10-30T10:58:27Z,2025-10-29T09:14:24Z,2025-10-29T08:07:51+00:00,[user_2],[user_2],6,220,102,18,12,322,0,7,3,1,2,0,0,2025-10-30T10:00:50+00:00,2025-10-30T10:56:50+00:00,5,14504712 BE (Bug): Event service/client notifikacija,"bug: notifikacije nisu dobavljale formitarane promjene (npr. promjena eventovog clientIda bi u notifikaciji prikazala promjenu iz jednog IDa u drugi umjesto promjenu jednog klijenta u drugi po imenu, ista tvar za serviceId) fix: notification module importa changes module i dobavlja relateane promjene iz changes servicea jer se tamo obavlja formatiranje (iz raw querya u notification repou maknuto dohvacanje promjena) dodatne promjene: -  polako se gradi veliki kupus circular dependencya, changes ima vec circular dependency sa event, user, product modulima, a sad kako san triba importat changes u notification moduleu dobili smo novi circular jer event, user, product moduli importaju notification module: notification -> changes -> event -> notification - updatean Change tip - popravljeno cachiranje na event, user i product repozitorijima (specificno tamo di se dobavlja cache pa prolazia kroz niz da dobavi one koji mu tribaju): kako se koristilo (nesto ?? []).find imali bi [] ako je cache prazan pa bi se provjeria response samo sa ifom, a ako je [] bit ce true i vratit ce nista umisto da querya bazu",,0,"# Description

bug: notifikacije nisu dobavljale formitarane promjene (npr. promjena eventovog clientIda bi u notifikaciji prikazala promjenu iz jednog IDa u drugi umjesto promjenu jednog klijenta u drugi po imenu, ista tvar za serviceId)

fix: notification module importa changes module i dobavlja relateane promjene iz changes servicea jer se tamo obavlja formatiranje (iz raw querya u notification repou maknuto dohvacanje promjena)

dodatne promjene:
-  polako se gradi veliki kupus circular dependencya, changes ima vec circular dependency sa event, user, product modulima, a sad kako san triba importat changes u notification moduleu dobili smo novi circular jer event, user, product moduli importaju notification module: notification -> changes -> event -> notification
- updatean Change tip
- popravljeno cachiranje na event, user i product repozitorijima (specificno tamo di se dobavlja cache pa prolazia kroz niz da dobavi one koji mu tribaju): kako se koristilo (nesto ?? []).find imali bi [] ako je cache prazan pa bi se provjeria response samo sa ifom, a ako je [] bit ce true i vratit ce nista umisto da querya bazu",164,1552.9833333333331,1608.9833333333331,0.0,1610.5666666666666,fix,backend,True,True,True,False,True,True,True,6,0,0,1,1
536,2893472501,2025-10-07T10:28:36Z,2025-10-07T14:36:50Z,2025-10-07T14:36:50Z,2025-10-07T14:36:51Z,2025-10-07T10:45:59Z,2025-10-07T10:28:36+00:00,[user_2],[user_2],5,4,6,1,4,10,2,0,1,1,0,0,0,2025-10-07T12:01:29+00:00,2025-10-07T12:01:29+00:00,5,BE (Bug): startDate edit,"Bug je bia s vremenskim zonama, kad bi npr stavili datum 09-09 on bi updatea u 08-09-22:00 na update metodi u event repozitoriju san stavia da se za datume stavlja ko sta se stavljalo za create za startDate",,0,"# Description

Bug je bia s vremenskim zonama, kad bi npr stavili datum 09-09 on bi updatea u 08-09-22:00
na update metodi u event repozitoriju san stavia da se za datume stavlja ko sta se stavljalo za create za startDate",42,92.88333333333333,92.88333333333333,0.0,248.23333333333335,fix,backend,False,True,True,False,True,True,True,5,0,0,1,0
621,3002761142,2025-11-12T13:07:20Z,2025-11-14T12:36:38Z,2025-11-14T12:36:38Z,2025-11-14T12:36:39Z,,2025-11-12T13:07:20+00:00,[user_2],[user_2],3,102,4,3,7,106,0,3,2,1,1,0,0,2025-11-13T14:16:43+00:00,2025-11-13T14:16:43+00:00,2,14740899 BE: Assignee query param,dodan assignee query param koji ako je true dobavljamo sve odgovorne osobe,,0,"# Description

dodan assignee query param koji ako je true dobavljamo sve odgovorne osobe",12,1509.3833333333332,1509.3833333333332,0.0,2849.3,feature,backend,True,False,True,False,False,False,True,3,0,1,0,1
507,2838029469,2025-09-17T21:38:42Z,2025-10-27T09:37:16Z,2025-10-27T09:37:15Z,2025-10-27T09:37:18Z,2025-09-24T10:03:15Z,2025-09-17T21:38:42+00:00,[user_6],[user_2],6,155,14,7,30,169,6,14,14,4,10,0,0,2025-09-18T22:26:01+00:00,2025-09-24T18:35:03+00:00,7,918 fs razlog odbijanja,"Kod uređivanja događaja dodano je novo polje Razlog odbijanja koje se pojavi ako je status promijenjen iz bilo kojeg drugog u Odbijeno. Polje se obavezno mora popuniti. Ako se ide ponovno na edit može se uredit razlog odbijanja. Ako se ponovno status mijenja iz Odbijeno u bilo koji drugi, vrijednost za polje Razlog odbijanja se briše, a vidi se u povijesti promjena.",4fNQKQgS,0,"# Description

Kod uređivanja događaja dodano je novo polje Razlog odbijanja koje se pojavi ako je status promijenjen iz bilo kojeg drugog u Odbijeno. Polje se obavezno mora popuniti. Ako se ide ponovno na edit može se uredit razlog odbijanja. Ako se ponovno status mijenja iz Odbijeno u bilo koji drugi, vrijednost za polje Razlog odbijanja se briše, a vidi se u povijesti promjena.",62,1487.3166666666668,9896.350000000002,18780.0,38098.54999999999,update,fullstack,True,True,True,False,True,True,True,6,0,0,1,1
591,2972430908,2025-11-03T11:53:25Z,2025-11-04T15:40:33Z,2025-11-04T15:40:33Z,2025-11-04T15:40:36Z,,2025-11-03T11:53:25+00:00,nsitum,nsitum,2,99,74,3,4,173,2,1,2,2,0,0,0,2025-11-03T14:10:19+00:00,2025-11-03T14:10:19+00:00,3,14588592 FE: Polje način isporuke,"Pomaknuto polje ""Način isporuke"" na vrh. Napravljeno da je required. Iz nekog misterioznog razloga pada validacija na oneOf i onda ispiše ""Neispravna vrijednost načina isporuke"" umjesto ""Način isporuke je obavezan"" iako je initial vrijednost na UNKNOWN i sve štima. Molim vas bacite oko da probamo zajedno riješiti ovu misteriju.",,0,"# Description

Pomaknuto polje ""Način isporuke"" na vrh. Napravljeno da je required. Iz nekog misterioznog razloga pada validacija na oneOf i onda ispiše ""Neispravna vrijednost načina isporuke"" umjesto ""Način isporuke je obavezan"" iako je initial vrijednost na UNKNOWN i sve štima. Molim vas bacite oko da probamo zajedno riješiti ovu misteriju.",49,136.9,136.9,0.0,1667.133333333333,refactor,frontend,True,False,True,False,False,False,False,2,1,0,0,0
594,2974404671,2025-11-03T22:32:27Z,2025-11-04T16:27:42Z,2025-11-04T16:27:42Z,2025-11-04T16:27:43Z,2025-11-04T16:08:09Z,2025-11-03T22:32:27+00:00,[user],[user_2],0,1305,5,32,4,1310,1,0,0,0,0,0,0,,,0,feature: menus,"nabrzinu sam c/p ponude, tribalo bi radit @[user_2] please samo skriptu triba migrirat @[user_2] @nsitum istestirajte (fixajte ako sta triba) i merge ima praksi koje se krse (vidio pri c/p) ali to nek nam je manje bitno trenutno",TASK_ID,0,"# Description

nabrzinu sam c/p ponude, tribalo bi radit
@[user_2] please samo skriptu triba migrirat
@[user_2] @nsitum istestirajte (fixajte ako sta triba) i merge
ima praksi koje se krse (vidio pri c/p) ali to nek nam je manje bitno trenutno",40,,,0.0,1075.25,fix,other,False,False,False,False,False,False,False,0,1,0,0,0
557,2916899037,2025-10-15T11:20:31Z,2025-10-16T20:25:10Z,2025-10-16T20:25:10Z,2025-10-16T20:25:12Z,,2025-10-15T11:20:31+00:00,nsitum,nsitum,6,132,38,7,4,170,2,4,5,2,3,0,0,2025-10-15T11:28:54+00:00,2025-10-15T11:57:22+00:00,5,14205346 FE: Interni status,"Dodano polje ""Dodijeljeno"" u formi događaja. Napravljene su sljedeće izmjene: - Dodan padajući izbornik ""Dodijeljeno"" u formi događaja sa opcijama enuma InternalStatus - Dodane potrebne mape/konstante za InternalStatus - Maknuto zakucavanje na Nepoznato na BE - Dodano filtriranje za polje ""Dodijeljeno"" - Prilagođen kod za filtriranje",,0,"# Description

Dodano polje ""Dodijeljeno"" u formi događaja. Napravljene su sljedeće izmjene:
- Dodan padajući izbornik ""Dodijeljeno"" u formi događaja sa opcijama enuma InternalStatus
- Dodane potrebne mape/konstante za InternalStatus
- Maknuto zakucavanje na Nepoznato na BE
- Dodano filtriranje za polje ""Dodijeljeno""
- Prilagođen kod za filtriranje",42,8.383333333333331,36.85,0.0,1984.65,update,frontend,True,True,True,False,True,True,True,6,0,0,1,1
608,2995272629,2025-11-10T13:17:00Z,2025-11-12T08:55:10Z,2025-11-12T08:55:10Z,2025-11-12T08:55:13Z,2025-11-10T13:21:14Z,2025-11-10T13:17:00+00:00,[user_2],[user_2],3,100,110,21,6,210,0,7,3,1,2,0,0,2025-11-11T16:15:07+00:00,2025-11-11T16:15:07+00:00,2,14701840 FS: Socket module,socket module sad nije globalan maknuto emitiranje socket eventa u event moduleu emita se socket event samo na kreiranju/brisanju notifikacija provjerom tipa entiteta u payloadu socket eventa (ne)radimo refetch entiteta,,0,"# Description

socket module sad nije globalan
maknuto emitiranje socket eventa u event moduleu
emita se socket event samo na kreiranju/brisanju notifikacija
provjerom tipa entiteta u payloadu socket eventa (ne)radimo refetch entiteta",32,1618.1166666666668,1618.1166666666668,0.0,2618.166666666667,refactor,fullstack,True,False,True,False,False,False,True,3,0,1,0,1
644,3030158971,2025-11-20T14:38:47Z,2025-11-21T11:42:05Z,2025-11-21T11:42:05Z,2025-11-21T11:42:06Z,,2025-11-20T14:38:47+00:00,nsitum,nsitum,2,23,16,3,2,39,0,1,1,1,0,0,0,2025-11-21T11:17:07+00:00,2025-11-21T11:17:07+00:00,2,14761252 FE: Maknut nepotreban fetch usluga u event tablici,"Uklonjena logika dohvata usluga i iteriranja kroz događaje, umjesto toga ubačen event.service.name, prilagođena invalidacija cache-a.",,0,"# Description

Uklonjena logika dohvata usluga i iteriranja kroz događaje, umjesto toga ubačen event.service.name, prilagođena invalidacija cache-a.",18,1238.3333333333333,1238.3333333333333,0.0,1263.3,refactor,frontend,True,False,True,False,False,False,False,2,1,0,0,0
664,3064125913,2025-12-02T15:56:34Z,2025-12-04T07:19:14Z,2025-12-04T07:19:14Z,2025-12-04T07:19:15Z,,2025-12-02T15:56:34+00:00,[user_2],[user_2],3,23,5,3,1,28,0,2,2,1,1,0,0,2025-12-03T21:53:18+00:00,2025-12-03T21:53:18+00:00,2,"14830496 BE: Meta polja: kreirano, ažurirano",dodana meta polja na ponudama: createdAt i updatedAt azurirani tipovi migracijska skripta,,0,"# Description

dodana meta polja na ponudama: createdAt i updatedAt
azurirani tipovi
migracijska skripta",12,1796.7333333333331,1796.7333333333331,0.0,2362.666666666667,feature,backend,True,False,True,False,False,False,True,3,0,1,0,1
674,3070454458,2025-12-04T09:19:58Z,2025-12-05T10:50:38Z,2025-12-05T10:50:38Z,2025-12-05T10:50:40Z,,2025-12-04T09:19:58+00:00,[user_2],[user_2],2,8,3,3,3,11,0,0,1,1,0,0,0,2025-12-04T17:08:04+00:00,2025-12-04T17:08:04+00:00,2,"14831599 BE: Dodati autoinkrementi ""number"" stupac",dodano autoinkrementirano number polje u offer modelu,,0,"# Description

dodano autoinkrementirano number polje u offer modelu",7,468.1,468.1,0.0,1530.6666666666667,feature,backend,False,False,True,False,False,False,True,2,1,0,0,0
520,2861018325,2025-09-25T14:56:37Z,2025-09-30T12:11:13Z,2025-09-30T12:11:13Z,2025-09-30T12:11:16Z,2025-09-25T15:00:30Z,2025-09-25T14:56:37+00:00,[user_2],[user_2],6,20,76,5,5,96,2,2,3,1,2,0,0,2025-09-27T14:03:08+00:00,2025-09-30T10:52:29+00:00,7,841 FS Cleanup event service status,Cleanup logike filtriranja evenata po statusu. Status query parametar dolazi ko array ili samo ko string ako je samo jedan pa san prilagodia tip statusa. Neznan zasto je ovo filtriranje po statusu uopce ostalo na BE kad se samo fetchaju svi eventovi i sve se filtrira na FE osin statusa. Tribalo bi vidit ocemo li filtrirat sve na FE Promjene: - Pociscena logika filtriranja po statusu - Obrisani ne koristeni argumenti - Rename getPaginated -> getAll - Pociscen useFetchEvents da ne salje lokacije kad se svakako s njima nista ne radi na BE,0QBMqlJo,0,"# Description

Cleanup logike filtriranja evenata po statusu. Status query parametar dolazi ko array ili samo ko string ako je samo jedan pa san prilagodia tip statusa. Neznan zasto je ovo filtriranje po statusu uopce ostalo na BE kad se samo fetchaju svi eventovi i sve se filtrira na FE osin statusa. Tribalo bi vidit ocemo li filtrirat sve na FE

Promjene:
- Pociscena logika filtriranja po statusu
- Obrisani ne koristeni argumenti
- Rename getPaginated -> getAll
- Pociscen useFetchEvents da ne salje lokacije kad se svakako s njima nista ne radi na BE",88,2826.5166666666664,6955.866666666668,2880.0,4154.6,refactor,fullstack,False,True,True,True,True,True,True,6,0,0,1,0
717,3117615515,2025-12-19T13:23:16Z,2025-12-19T21:27:05Z,2025-12-19T21:27:05Z,2025-12-19T21:27:06Z,,2025-12-19T13:23:16+00:00,nsitum,nsitum,2,28,22,2,1,50,0,0,1,1,0,0,0,2025-12-19T14:58:12+00:00,2025-12-19T14:58:12+00:00,2,15373467 FE: Povezane ponude/događaji,"Dodani gumbi za kreiranje događaja/ponude u formama. Doda sam samo gumbove koji vode na rute za kreiranje. Palo mi je na pamet ali nisam radia da npr da editu događaja kad kliknemo kreiraj ponudu prefilla taj događaj u dropdown. Također imamo flow da kad kliknemo na kreiraj ponudu/događaj ne filla taj događaj/ponudu automatski već trebamo u ići u dropdown i pronaći tu ponudu događaj. Treba li nam ta mogućnost? Vezano za nove stupce, dodani su [ovom](https://github.com/[user]/[project]/pull/707) tasku",,2,"# Description

Dodani gumbi za kreiranje događaja/ponude u formama. Doda sam samo gumbove koji vode na rute za kreiranje. Palo mi je na pamet ali nisam radia da npr da editu događaja kad kliknemo kreiraj ponudu prefilla taj događaj u dropdown. 

Također imamo flow da kad kliknemo na kreiraj ponudu/događaj ne filla taj događaj/ponudu automatski već trebamo u ići u dropdown i pronaći tu ponudu događaj. Treba li nam ta mogućnost?

Vezano za nove stupce, dodani su [ovom](https://github.com/[user]/[project]/pull/707) tasku",87,94.93333333333334,94.93333333333334,0.0,483.81666666666666,feature,frontend,True,False,True,False,False,False,False,2,1,0,0,0
512,2844141683,2025-09-19T14:51:38Z,2025-09-22T08:44:02Z,2025-09-22T08:44:02Z,2025-09-22T08:44:04Z,,2025-09-19T14:51:38+00:00,[user_2],[user_2],6,28,92,6,2,120,0,0,2,2,0,0,0,2025-09-20T13:25:50+00:00,2025-09-20T13:25:50+00:00,6,946 BE: Validacijski responsovi,NestJS-ov HttpException tip ima cause atribut kojeg san iskoristia da se ispisu validacijske greske. Maka san one provjere tipa errora jer ce uvik bit Yupov Validation Error ako padne validacija. Updatean ApiError tip,7OYiVh93,0,"# Description

NestJS-ov HttpException tip ima cause atribut kojeg san iskoristia da se ispisu validacijske greske. Maka san one provjere tipa errora jer ce uvik bit Yupov Validation Error ako padne validacija. Updatean ApiError tip",34,1354.2,1354.2,2880.0,1072.4,update,backend,False,True,True,True,True,True,True,6,0,0,1,0
567,2929191226,2025-10-20T09:30:23Z,2025-10-28T10:22:26Z,2025-10-28T10:22:26Z,2025-10-28T10:22:28Z,2025-10-22T11:19:03Z,2025-10-20T09:30:23+00:00,[user_2],[user_2],6,1059,478,40,53,1537,0,31,14,1,13,0,0,2025-10-22T11:24:56+00:00,2025-10-25T15:50:04+00:00,8,14216549 FS: Migracija client podataka,"promjene strukture: - client polja iz event tablice prebacena u User tablicu - dodana relacija Client u Event tablicu umjesto svih client polja - lozinka i email opcionalni u User tablici (klijenti nece imati lozinke a dosada ni email klijenta nije bia obavezan kad bi se upisiva u eventu) dodana migracijska skripta: - migrirani client podaci iz eventa u svoju user tablicu na nacin da se kreiraju klijenti u User tablici - izbjegavamo duplikate po emailu, ako su dva eventa imali clientEmail isti kreirace se jedan klijent i oba eventa pridruziti njegov clientId - migrirane event promjene tako da client polja se prebace u zasebne promjene klijenta mapiranje imena klijenta u event promjenama (potrebno za slucaj kada se eventu promjeni clientId pa da se dohvati taj klijent i ispise njegovo ime a ne ID, isto ko sta smo radili za service) updateani tipovi flow kreiranja eventa (triba smislit bolji nacin i najvjerojatnije odvojit klijent i event formu): - kreiranjem eventa se poziva upsert klijenta(ako je popunjen klijentov email u event formi provjeravamo da li vec postoji da ne radimo duplikate, ako postoji koristimo njega, ako ne postoji kreiramo novog klijenta) - prilikom promjene eventa mozemo klijentove podatke mijenjati, gledamo email kao identifikator - ako kroz event formu mijenjamo podatke klijenta sa emailom npr: [ivo@unist.hr](mailto:ivo@unist.hr) azurirat cemo tog klijenta i na svim ostalim eventovima gdje je taj klijent - kada prebacimo klijentov email u event formi iz npr: [ivo@unist.hr](mailto:ivo@unist.hr) u [maja@unist.hr](mailto:maja@unist.hr) ako postoji dohvacamo vec postojeceg klijenta, ako ne postoji kreiramo novog sa tim mailom (ne updateamo [ivo@unist.hr](mailto:ivo@unist.hr)) - ako mijenjamo kroz event formu klijenta bez emaila updateamo tocno njega (ne kreiramo novog) updateani raw queriji kako je u formi puno ime klijenta a u tablici imamo odvojeno ime i prezime spaja sam ime i prezime (nebi bilo lose u formi odvojit ime i prezime) u event formi je bia problem sa klijent poljima jer su atributi objekta pa san poravna to samo za formu da se koristi ko da su polja samog eventa pa se na submit salje u pravilnom obliku updateani validatori tldr: opci kaos, treba bolje smislit sta i kako sa klijentom u event formi, ovako imamo prakticki 2 forme u jednoj a svaka radi zasebnu stvar",,0,"# Description

promjene strukture:
- client polja iz event tablice prebacena u User tablicu
- dodana relacija Client u Event tablicu umjesto svih client polja
- lozinka i email opcionalni u User tablici (klijenti nece imati lozinke a dosada ni email klijenta nije bia obavezan kad bi se upisiva u eventu)

dodana migracijska skripta: 
- migrirani client podaci iz eventa u svoju user tablicu na nacin da se kreiraju klijenti u User tablici 
- izbjegavamo duplikate po emailu, ako su dva eventa imali clientEmail isti kreirace se jedan klijent i oba eventa pridruziti njegov clientId
- migrirane event promjene tako da client polja se prebace u zasebne promjene klijenta

mapiranje imena klijenta u event promjenama (potrebno za slucaj kada se eventu promjeni clientId pa da se dohvati taj klijent i ispise njegovo ime a ne ID, isto ko sta smo radili za service)

updateani tipovi

flow kreiranja eventa (triba smislit bolji nacin i najvjerojatnije odvojit klijent i event formu):
- kreiranjem eventa se poziva upsert klijenta(ako je popunjen klijentov email u event formi provjeravamo da li vec postoji da ne radimo duplikate, ako postoji koristimo njega, ako ne postoji kreiramo novog klijenta)
- prilikom promjene eventa mozemo klijentove podatke mijenjati, gledamo email kao identifikator
- ako kroz event formu mijenjamo podatke klijenta sa emailom npr: [ivo@unist.hr](mailto:ivo@unist.hr) azurirat cemo tog klijenta i na svim ostalim eventovima gdje je taj klijent
- kada prebacimo klijentov email u event formi iz npr: [ivo@unist.hr](mailto:ivo@unist.hr) u [maja@unist.hr](mailto:maja@unist.hr) ako postoji dohvacamo vec postojeceg klijenta, ako ne postoji kreiramo novog sa tim mailom (ne updateamo [ivo@unist.hr](mailto:ivo@unist.hr))
- ako mijenjamo kroz event formu klijenta bez emaila updateamo tocno njega (ne kreiramo novog)

updateani raw queriji

kako je u formi puno ime klijenta a u tablici imamo odvojeno ime i prezime spaja sam ime i prezime (nebi bilo lose u formi odvojit ime i prezime)

u event formi je bia problem sa klijent poljima jer su atributi objekta pa san poravna to samo za formu da se koristi ko da su polja samog eventa pa se na submit salje u pravilnom obliku

updateani validatori

tldr: opci kaos, treba bolje smislit sta i kako sa klijentom u event formi, ovako imamo prakticki 2 forme u jednoj a svaka radi zasebnu stvar",383,2994.5499999999997,7579.683333333334,2940.0,8632.050000000001,feature,fullstack,True,True,True,False,True,True,True,6,0,0,1,1
725,3119807267,2025-12-20T13:18:57Z,2025-12-20T13:25:55Z,2025-12-20T13:25:55Z,2025-12-20T13:25:57Z,,2025-12-20T13:18:57+00:00,nsitum,nsitum,1,2,2,1,1,4,0,0,0,0,0,0,0,,,1,15373643 FE: labela vrijeme i trajanje,Vrijeme -> Vrijeme početka Trajanje -> Trajanje događaja,,0,"# Description

Vrijeme -> Vrijeme početka
Trajanje -> Trajanje događaja",6,,,6.966666666666666,-8.326672684688674e-16,refactor,frontend,False,False,True,False,False,False,False,1,1,0,0,0
639,3029410349,2025-11-20T11:05:15Z,2025-11-20T11:14:06Z,2025-11-20T11:14:06Z,2025-11-20T11:14:08Z,,2025-11-20T11:05:15+00:00,nsitum,nsitum,1,4,3,1,1,7,0,0,0,0,0,0,0,,,1,14829494 FE: Ažurirati ikonice u navigaciji,Ažurirane ikonice u navigaciji za klijente i usluge (IconAddressBook i IconCategory),,0,"# Description

Ažurirane ikonice u navigaciji za klijente i usluge (IconAddressBook i IconCategory)",11,,,0.0,8.85,update,frontend,False,False,True,False,False,False,False,1,1,0,0,0
668,3067360432,2025-12-03T13:02:18Z,2025-12-05T10:22:12Z,2025-12-05T10:22:12Z,2025-12-05T10:22:14Z,,2025-12-03T13:02:18+00:00,[user_2],[user_2],2,1292,1107,35,2,2399,1,0,1,1,0,0,0,2025-12-04T16:39:35+00:00,2025-12-04T16:39:35+00:00,2,15065571 BE: Prettier za packages,dodan prettierrc u packages i formatirani svi fileovi,,0,"# Description

dodan prettierrc u packages i formatirani svi fileovi",8,1657.2833333333333,1657.2833333333333,0.0,2719.8999999999996,refactor,backend,False,False,True,False,False,False,True,2,1,0,0,0
576,2954569681,2025-10-28T10:15:04Z,2025-10-29T11:53:01Z,2025-10-29T11:53:01Z,2025-10-29T11:53:03Z,,2025-10-28T10:15:04+00:00,nsitum,nsitum,6,140,68,3,6,208,0,5,4,1,3,0,0,2025-10-28T17:09:33+00:00,2025-10-29T11:46:55+00:00,6,14200082 FE: Status otkazano,"Kreiran status otkazano na FE. Napravljene su sljedeće izmjene: - Dodan status otkazano u izborniku statusa - Čišćenje polja prilikom mijenjanja statusa iz Otkazano/Odbijeno u nešto drugo - Ime labele za razlog odbijanja/otkazivanja dodan kondicionalno - Ubačen VITE_FLAG_CANCELLATION_STATUS env, ako je true status se nudi u izborniku, inače ne - Pojednostavljena isRejectionReasonVisible funkcija - Dodani testovi za EventForm komponentu, testiranje opcija statusa (mock preko vi.stubEnv)",,0,"# Description

Kreiran status otkazano na FE. Napravljene su sljedeće izmjene:
- Dodan status otkazano u izborniku statusa
- Čišćenje polja prilikom mijenjanja statusa iz Otkazano/Odbijeno u nešto drugo
- Ime labele za razlog odbijanja/otkazivanja dodan kondicionalno
- Ubačen VITE_FLAG_CANCELLATION_STATUS env, ako je true status se nudi u izborniku, inače ne
- Pojednostavljena isRejectionReasonVisible funkcija
- Dodani testovi za EventForm komponentu, testiranje opcija statusa (mock preko vi.stubEnv)",62,414.48333333333335,1531.85,0.0,1537.95,update,frontend,True,True,True,False,True,True,True,6,0,0,1,1
670,3069218958,2025-12-03T23:13:58Z,2025-12-04T12:33:43Z,2025-12-04T12:33:43Z,2025-12-04T12:33:44Z,,2025-12-03T23:13:58+00:00,nsitum,nsitum,3,180,32,7,14,212,1,10,4,1,3,0,0,2025-12-03T23:28:33+00:00,2025-12-04T11:17:28+00:00,2,14829616 FE: 1 događaj : N ponuda,"Kao i u ponudama, kreirana komponenta EventOfferTable koja prima formu i ponude kao propse i na temelju toga rendera tablicu s nazivom i akcijama. Dodan je i value-less dropdown pomoću kojeg biramo ponude. Doda sam da se klikom na pregled ponude otvori novi tab s ponudom zbog istog problema kao s pregledom događaja a to je da će nam se prilikom kreiranja resetirati forma. Čini mi se najbezbolniji workaround jer bi se morali zezat s ruterom da bi perzistirali ispunjene podatke jer se forma unmounta.",,1,"# Description

Kao i u ponudama, kreirana komponenta EventOfferTable koja prima formu i ponude kao propse i na temelju toga rendera tablicu s nazivom i akcijama. Dodan je i value-less dropdown pomoću kojeg biramo ponude. 

Doda sam da se klikom na pregled ponude otvori novi tab s ponudom zbog istog problema kao s pregledom događaja a to je da će nam se prilikom kreiranja resetirati forma. Čini mi se najbezbolniji workaround jer bi se morali zezat s ruterom da bi perzistirali ispunjene podatke jer se forma unmounta.",86,14.58333333333333,723.5,0.0,799.75,feature,frontend,True,False,True,False,False,False,True,3,0,1,0,1
619,3002483666,2025-11-12T11:37:43Z,2025-11-14T12:22:58Z,2025-11-14T12:22:58Z,2025-11-14T12:23:01Z,,2025-11-12T11:37:43+00:00,[user_2],[user_2],3,27,10,5,5,37,1,2,3,1,2,0,0,2025-11-13T13:54:21+00:00,2025-11-14T12:00:25+00:00,3,14740841 (2) BE: Proširenje User modela,dodano isAssignee polje u user tablici azurirani validatori: - mail i lozinka nisu obavezni za odgovorne osobe dohvacamo isAssigne prilikom dohvacanja usera azurirani user tipovi,,0,"# Description

dodano isAssignee polje u user tablici
azurirani validatori:
- mail i lozinka nisu obavezni za odgovorne osobe
dohvacamo isAssigne prilikom dohvacanja usera
azurirani user tipovi",24,1576.6333333333332,2902.7,0.0,2925.25,feature,backend,True,False,True,False,False,False,True,3,0,1,0,1
718,3117647418,2025-12-19T13:35:06Z,2025-12-19T21:27:25Z,2025-12-19T21:27:25Z,2025-12-19T21:27:27Z,,2025-12-19T13:35:06+00:00,nsitum,nsitum,2,1,7,2,1,8,0,0,1,1,0,0,0,2025-12-19T14:59:51+00:00,2025-12-19T14:59:51+00:00,2,15373496 UI: Bulk gumb,"Dodan uvjet ako nije odabran nijedan događaj, ne prikazuj bulk ""Preuzmi"" gumb.",,0,"# Description

Dodan uvjet ako nije odabran nijedan događaj, ne prikazuj bulk ""Preuzmi"" gumb.",12,84.75,84.75,0.0,472.3166666666667,update,frontend,True,False,True,False,False,False,False,2,1,0,0,0
685,3075933801,2025-12-05T17:41:04Z,2025-12-09T10:32:26Z,2025-12-09T10:32:26Z,2025-12-09T10:32:27Z,,2025-12-05T17:41:04+00:00,nsitum,nsitum,2,99,14,8,5,113,1,0,1,1,0,0,0,2025-12-08T10:35:55+00:00,2025-12-08T10:35:55+00:00,2,14831111 FE: Polja za validnost ponude,"Input fieldovi u HTML-u rade samo sa ISO stringovima, dok BE-u triba Date tip, tako da je bilo povuci potegni sa formom i tipovima. Uglavnom, kao što task kaže, postavljene su default vrijednosti na new Date() i tri dana nakon. Nakon što sam doda tip string u FormOffer, useNewOfferForm je poludio jer se ne poklapaju FormOffer i CreateOffer tipovi u handleru, tako da sam maka CreateOffer tip iz submit handlera u OfferCreate i OfferEdit, napravia da su FormOffer, i samo pretvoria validFrom i validUntil u Date tip kao takav payload šibam u api hookove. To mi se čini najclean način. Nakon toga, skužia sam kad editiramo formu i izbrišemo totalno bilo koje bolje uopće ne prikaže error jer se na editu touched ne aktivira, i onda uopće ne prikaže error a ne da submitat zbog !form.isValid. Pa sam zbog tog doda onBlur na svaki FormControl i FormSelect, s tim da sam korigira tip u FormControl.",,0,"# Description

Input fieldovi u HTML-u rade samo sa ISO stringovima, dok BE-u triba Date tip, tako da je bilo povuci potegni sa formom i tipovima. Uglavnom, kao što task kaže, postavljene su default vrijednosti na new Date() i tri dana nakon.

Nakon što sam doda tip string u FormOffer, useNewOfferForm je poludio jer se ne poklapaju FormOffer i CreateOffer tipovi u handleru, tako da sam maka CreateOffer tip iz submit handlera u OfferCreate i OfferEdit, napravia da su FormOffer, i samo pretvoria validFrom i validUntil u Date tip kao takav payload šibam u api hookove. To mi se čini najclean način.

Nakon toga, skužia sam kad editiramo formu i izbrišemo totalno bilo koje bolje uopće ne prikaže error jer se na editu touched ne aktivira, i onda uopće ne prikaže error a ne da submitat zbog !form.isValid. Pa sam zbog tog doda onBlur na svaki FormControl i FormSelect, s tim da sam korigira tip u FormControl.",158,3894.85,3894.85,2880.0,2451.3666666666663,feature,fullstack,True,False,True,False,False,False,False,2,1,0,0,0
529,2881244501,2025-10-02T10:10:17Z,2025-10-07T10:05:16Z,2025-10-07T10:05:16Z,2025-10-07T10:05:18Z,2025-10-03T05:43:54Z,2025-10-02T10:10:17+00:00,nsitum,nsitum,7,263,182,12,19,445,0,14,11,1,9,1,0,2025-10-03T05:34:09+00:00,2025-10-07T09:30:10+00:00,7,14022550 FE: (Real) Notifications,"Napravljene su ""realnije"" notifikacije tako da točno prikazuju što se dogodilo, za test, mergeajte https://github.com/[user]/[project]/pull/528 i odkomentirajte uvjet iz komentara ispod. Napravljene su sljedeće promjene: - Kreirana formatNotificationTitle funkcija koja formatira naslov notifikacije ovisno o vrsti entiteta, padežu, rodu imenice itd... - Refactor NotificationItem komponente. Uklanjanje svih propova koji su se slali preko notification objekta iz parent komponente, sada samo proslijeđujemo cijeli notification objekt u NotificationItem (ovo je bilo potrebno zbog formatiranja naslova) - Definiranje propa “page“ i “dropdown“ za Notificationitem komponentu tako da naslov formatiramo dugo ili kratko ovisno o propu - Refactor processedHistory i renderCell funkcija za prikaz stare i nove vrijednosti u dugom formatu. Ovo je bilo potrebno jer ako je u notifikaciji promijenjeno samo jedno polje, napišemo što se točno promijenilo. Zato je bilo potrebno formatirati taj tekst ovdje kao i u Changes komponenti - Prilagođeni naslovi ovisno o radnji: kreiranju, ažuriranju, brisanju, jednoj promjeni, više promjena i promjeni ugovora (bilo koje datoteke)",,1,"# Description

Napravljene su ""realnije"" notifikacije tako da točno prikazuju što se dogodilo, za test, mergeajte https://github.com/[user]/[project]/pull/528 i odkomentirajte uvjet iz komentara ispod. Napravljene su sljedeće promjene:
- Kreirana formatNotificationTitle funkcija koja formatira naslov notifikacije ovisno o vrsti entiteta, padežu, rodu imenice itd...
- Refactor NotificationItem komponente. Uklanjanje svih propova koji su se slali preko notification objekta iz parent komponente, sada samo proslijeđujemo cijeli notification objekt u NotificationItem (ovo je bilo potrebno zbog formatiranja naslova)
- Definiranje propa “page“ i “dropdown“ za Notificationitem komponentu tako da naslov formatiramo dugo ili kratko ovisno o propu
- Refactor processedHistory i renderCell funkcija za prikaz stare i nove vrijednosti u dugom formatu. Ovo je bilo potrebno jer ako je u notifikaciji promijenjeno samo jedno polje, napišemo što se točno promijenilo. Zato je bilo potrebno formatirati taj tekst ovdje kao i u Changes komponenti
- Prilagođeni naslovi ovisno o radnji: kreiranju, ažuriranju, brisanju, jednoj promjeni, više promjena i promjeni ugovora (bilo koje datoteke)",158,1163.8666666666666,7159.883333333334,2880.0,4314.983333333333,update,frontend,True,True,True,True,True,True,True,7,0,0,1,1
642,3029736237,2025-11-20T12:39:42Z,2025-11-20T12:59:14Z,2025-11-20T12:59:14Z,2025-11-20T12:59:16Z,,2025-11-20T12:39:42+00:00,nsitum,nsitum,2,18,11,5,1,29,0,0,0,0,0,0,0,,,2,14830013 FE: Ne koristimo isti dash za prazne podatke,"Normaliziran dash, dodana EMTPY_DASH konstanta u constants/ui.ts",,0,"# Description

Normaliziran dash, dodana EMTPY_DASH konstanta u constants/ui.ts",9,,,0.0,19.533333333333328,refactor,frontend,True,False,True,False,False,False,False,2,1,0,0,0
666,3066858625,2025-12-03T10:31:10Z,2025-12-04T13:57:58Z,2025-12-04T13:57:58Z,2025-12-04T13:58:00Z,2025-12-03T10:33:25Z,2025-12-03T10:31:10+00:00,[user_2],[user_2],2,42,5,5,5,47,0,1,1,1,0,0,0,2025-12-04T13:33:16+00:00,2025-12-04T13:33:16+00:00,2,"14831023 BE: Polje ""Status""","dodano polje status u modelu Offer azurirani tipovi i validator migracijska skripta: sve ponude su stavljene na status ""U izradi""",,0,"# Description

dodano polje status u modelu Offer
azurirani tipovi i validator
migracijska skripta: sve ponude su stavljene na status ""U izradi""",20,1622.1,1622.1,0.0,1646.8,feature,backend,False,False,True,False,False,False,True,2,1,0,0,0
500,2834092739,2025-09-16T19:11:27Z,2025-09-19T14:59:14Z,2025-09-19T14:59:14Z,2025-09-19T14:59:16Z,,2025-09-16T19:11:27+00:00,nsitum,nsitum,6,122,34,7,4,156,1,4,2,1,1,0,0,2025-09-16T21:43:39+00:00,2025-09-18T21:28:06+00:00,7,956 FE: Obavijesti,"Dodana nova stranica /notifications kojoj se može pristupiti samo putem ""Prikaži više"" gumba u postojećem dropdownu notifikacija. Broj notifikacija u dropdownu je limitiran na 5, a na stranici se prikazuje 25 po 25 infinite scrollanjem na isti način kao što je originalno bilo u dropdownu. Dizajn prati [tabler](https://preview.tabler.io/activity.html)",acE7qbOk,2,"# Description

Dodana nova stranica /notifications kojoj se može pristupiti samo putem ""Prikaži više"" gumba u postojećem dropdownu notifikacija. Broj notifikacija u dropdownu je limitiran na 5, a na stranici se prikazuje 25 po 25 infinite scrollanjem na isti način kao što je originalno bilo u dropdownu. Dizajn prati [tabler](https://preview.tabler.io/activity.html)",54,152.19999999999996,3016.65,0.0,4067.783333333333,update,frontend,True,True,True,True,True,True,False,6,0,0,1,0
617,3002255113,2025-11-12T10:23:26Z,2025-11-13T10:50:42Z,2025-11-13T10:50:42Z,2025-11-13T10:50:44Z,,2025-11-12T10:23:26+00:00,nsitum,nsitum,2,6,5,3,2,11,0,0,1,1,0,0,0,2025-11-12T12:25:02+00:00,2025-11-12T12:25:02+00:00,2,14742302 FE: EmployeeEdit validacija,1. na employee createu se password polje ne zacrveni ako je prazno - Falila su password i repeatPassword polja u createEmployeeInitialValues 2. na employee editu nebi tribalo postojat password polje jer smo odvojili edit i change password - Vracen id u formu da znamo je li u create ili edit modu i prema tome prikazujemo password polja,,0,"# Description

1. na employee createu se password polje ne zacrveni ako je prazno
- Falila su password i repeatPassword polja u createEmployeeInitialValues

2. na employee editu nebi tribalo postojat password polje jer smo odvojili edit i change password
- Vracen id u formu da znamo je li u create ili edit modu i prema tome prikazujemo password polja",55,121.6,121.6,0.0,1467.2666666666669,fix,frontend,True,False,True,False,False,False,False,2,1,0,0,0
624,3006567982,2025-11-13T11:21:52Z,2025-11-21T10:50:30Z,2025-11-21T10:50:30Z,2025-11-21T10:50:32Z,,2025-11-13T11:21:52+00:00,nsitum,nsitum,2,104,39,5,7,143,6,2,5,2,3,0,0,2025-11-14T11:48:01+00:00,2025-11-14T11:48:01+00:00,6,14744661 FE: Maknuti if uvjet kod MvpOfferContent u EventForm,Uklonjen if uvjet kod MvpOfferContent komponente u event formi.,,0,"# Description

Uklonjen if uvjet kod MvpOfferContent komponente u event formi.",9,1466.15,1466.15,4320.0,7168.633333333334,refactor,frontend,True,False,True,False,False,False,False,2,1,0,0,0
630,3013687420,2025-11-15T16:40:57Z,2025-11-21T12:28:14Z,2025-11-21T12:28:14Z,2025-11-21T12:28:16Z,,2025-11-15T16:40:57+00:00,nsitum,nsitum,2,58,6,3,5,64,0,2,2,1,1,0,0,2025-11-17T12:05:09+00:00,2025-11-21T10:32:41+00:00,3,14740878 FE: Ažuriranje User forme,"Ažurirana User (Employee) forma na temelju zahtjeva. Napravljene su sljedeće promjene: - Dodan checkbox ""Odgovorna osoba"" - Na temelju checkboxa prilagođena logika za polja email i password što se tiče opcionalnosti - Ako je ""Odgovorna osoba"" checkbox uključen, prikazuje se opcionalno polje ""Kontakt broj"" Nešto mi je padala validacija za email kad bih kreirao odgovornu osobu, međutim u međuvremenu je nekako proradilo, možda se packages nije osvježio, svakako testirajte.",,1,"# Description

Ažurirana User (Employee) forma na temelju zahtjeva. Napravljene su sljedeće promjene:
- Dodan checkbox ""Odgovorna osoba""
- Na temelju checkboxa prilagođena logika za polja email i password što se tiče opcionalnosti
- Ako je ""Odgovorna osoba"" checkbox uključen, prikazuje se opcionalno polje ""Kontakt broj""

Nešto mi je padala validacija za email kad bih kreirao odgovornu osobu, međutim u međuvremenu je nekako proradilo, možda se packages nije osvježio, svakako testirajte.",66,2604.2000000000003,8271.733333333332,3300.0,5087.283333333334,feature,frontend,True,False,True,False,False,False,False,2,1,0,0,0
586,2966326145,2025-10-31T10:53:09Z,2025-10-31T15:45:33Z,2025-10-31T15:45:33Z,2025-10-31T15:45:36Z,2025-10-31T11:06:31Z,2025-10-31T10:53:09+00:00,[user_2],[user_2],6,315,19,13,12,334,0,4,3,1,2,0,0,2025-10-31T14:47:46+00:00,2025-10-31T14:47:46+00:00,5,14365275 BE: Contact tablica,dodana Contact tablica koja spaja korisnika i kontakt dodana migracijska skripta u user/client tipovima dodana relacija contacts prilikom dohvacanja korisnika dohvacamo i kontakte dodan contact validator i dodano polje contacts u user validatoru zasada iz forme korisnika/eventa izostavljeni kontakti (to ce se dodat kad se bude FE radia),,0,"# Description

dodana Contact tablica koja spaja korisnika i kontakt
dodana migracijska skripta
u user/client tipovima dodana relacija contacts
prilikom dohvacanja korisnika dohvacamo i kontakte
dodan contact validator i dodano polje contacts u user validatoru
zasada iz forme korisnika/eventa izostavljeni kontakti (to ce se dodat kad se bude FE radia)",50,234.61666666666667,234.61666666666667,0.0,292.4,feature,backend,True,True,True,False,True,True,True,6,0,0,1,1
711,3102932761,2025-12-15T15:14:25Z,2025-12-16T11:46:23Z,2025-12-16T11:46:23Z,2025-12-16T11:46:25Z,,2025-12-15T15:14:25+00:00,[user_2],[user_2],2,76,76,1,1,152,0,0,1,1,0,0,0,2025-12-16T11:10:41+00:00,2025-12-16T11:10:41+00:00,2,15302744 FE: Event form redoslijed polja,"popravljen redoslijed polja u event formi kako task kaze, jedino san jos zaminia mista usluge i statusa tako da polje razlog odbijanja bude odma ispod statusa na mobilnom prikazu.",,0,"# Description

popravljen redoslijed polja u event formi kako task kaze, jedino san jos zaminia mista usluge i statusa tako da polje razlog odbijanja bude odma ispod statusa na mobilnom prikazu.",29,1196.2666666666669,1196.2666666666669,0.0,1231.9666666666667,refactor,frontend,False,False,True,False,False,False,True,2,1,0,0,0
559,2919925089,2025-10-16T09:16:51Z,2025-10-16T13:58:32Z,2025-10-16T13:58:32Z,2025-10-16T13:58:34Z,2025-10-16T09:29:09Z,2025-10-16T09:16:51+00:00,[user_2],[user_2],6,162,54,15,6,216,0,2,3,1,2,0,0,2025-10-16T12:06:07+00:00,2025-10-16T12:34:27+00:00,5,14216265 BE: Klijent,"prosirivanje user modela jer cemo dodavat i klijente kao korisnike promjene u schemi: - dodan enum UserType - dodano obavezno polje “type” vrijednosti enuma UserType - dodana opcionalna polja companyName, companyTaxNumber, phone - password je sada opcionalan (klijenti nece imati lozinke) dodana migracijska skripta (svim postojećim korisnicima tip zakucan u EMPLOYEE) ažurirani user tipovi u user.repository dodano u selectovima novo dodana polja ažuriran validator",,0,"# Description

prosirivanje user modela jer cemo dodavat i klijente kao korisnike

promjene u schemi:
- dodan enum UserType
- dodano obavezno polje “type” vrijednosti enuma UserType
- dodana opcionalna polja companyName, companyTaxNumber, phone
- password je sada opcionalan (klijenti nece imati lozinke)

dodana migracijska skripta (svim postojećim korisnicima tip zakucan u EMPLOYEE)
ažurirani user tipovi
u user.repository dodano u selectovima novo dodana polja
ažuriran validator",61,169.26666666666668,197.6,0.0,281.68333333333334,feature,backend,True,True,True,False,True,True,True,6,0,0,1,1
701,3098609640,2025-12-13T11:41:43Z,2025-12-13T20:22:02Z,2025-12-13T20:22:02Z,2025-12-13T20:22:04Z,,2025-12-13T11:41:43+00:00,nsitum,[user],2,0,1,1,1,1,0,0,1,1,0,0,0,2025-12-13T20:20:52+00:00,2025-12-13T20:20:52+00:00,2,15236643 FE: tooltip unbold,"Unboldan tooltip, ostavljeno na ključnim riječima.",,1,"# Description

Unboldan tooltip, ostavljeno na ključnim riječima.",6,519.15,519.15,520.3166666666666,0.0,fix,frontend,True,False,True,False,False,False,False,2,1,0,0,0
616,3001961434,2025-11-12T08:54:49Z,2025-11-12T10:12:09Z,2025-11-12T10:12:09Z,2025-11-12T10:12:10Z,,2025-11-12T08:54:49+00:00,[user_2],[user_2],2,23,5,12,3,28,0,0,1,1,0,0,0,2025-11-12T09:14:01+00:00,2025-11-12T09:14:01+00:00,2,14701860 BE: Cache module,maknuta globalna registracija cache modulea i importan tamo di se koristi,,0,"# Description

maknuta globalna registracija cache modulea i importan tamo di se koristi",11,19.2,19.2,0.0,77.33333333333334,refactor,backend,False,False,True,False,False,False,True,2,1,0,0,0
547,2906372217,2025-10-11T10:20:15Z,2025-10-14T12:58:44Z,2025-10-14T12:58:44Z,2025-10-14T12:58:47Z,2025-10-13T07:17:58Z,2025-10-11T10:20:15+00:00,nsitum,nsitum,5,201,134,6,10,335,1,3,4,1,3,0,0,2025-10-13T12:48:09+00:00,2025-10-13T12:48:09+00:00,5,14183453 FE: TableRow komponenta,"- Kreirana TableHeader komponenta koja prima columns. - Postojeći deleted, style zamijenjeni className implementacijom - Vrijednosti su hardkodirane privremeno (do kreiranja Table komponente)",,0,"# Description

- Kreirana TableHeader komponenta koja prima columns.
- Postojeći deleted, style zamijenjeni className implementacijom
- Vrijednosti su hardkodirane privremeno (do kreiranja Table komponente)",20,3027.9,3027.9,2160.0,2318.483333333333,refactor,frontend,True,True,True,False,True,True,False,5,0,0,1,0
646,3033408025,2025-11-21T11:21:45Z,2025-11-21T11:28:33Z,2025-11-21T11:28:33Z,2025-11-21T11:28:35Z,,2025-11-21T11:21:45+00:00,[user_2],[user_2],0,2,0,1,1,2,0,0,0,0,0,0,0,,,0,14882269 BE: Event service cache,Invalidiran event cache na kreiranju/azuriranju servisa jer dohvacamo povezani servis kroz event.,,0,"# Description

Invalidiran event cache na kreiranju/azuriranju servisa jer dohvacamo povezani servis kroz event.",13,,,0.0,6.799999999999998,fix,backend,False,False,False,False,False,False,False,0,1,0,0,0
659,3055383444,2025-11-29T07:19:17Z,2025-12-02T14:24:45Z,2025-12-02T14:24:45Z,2025-12-02T14:24:49Z,2025-11-29T07:34:02Z,2025-11-29T07:19:17+00:00,[user_2],[user_2],3,386,89,19,9,475,2,2,3,1,2,0,0,2025-12-02T10:00:21+00:00,2025-12-02T13:19:35+00:00,3,14829333 BE: 1 ponuda : N događaja,priprema BE za dodavanje vise dogadaja na ponudi: - dodana relacijska tablica za dogadaje i ponude - dodana migracijska skripta: za ponude koji su imali eventId kreirana relacija EventOffer - dodan event-offer module za kreiranje/azuriranje/brisanje njihovih relacija - na POST ponude povezujemo i prilozene dogadaje sa ponudom - azurirani tipovi - zasad san ostavia funkcionalnost forme ponude istu na nacin da se iz povezanih dogadaja uzme samo prvi kao vrijednost eventId u formi (ovo ce @nsitum maknit kad bude FE task kad bude multiple select dogadaja),,0,"# Description

priprema BE za dodavanje vise dogadaja na ponudi:
- dodana relacijska tablica za dogadaje i ponude
- dodana migracijska skripta: za ponude koji su imali eventId kreirana relacija EventOffer
- dodan event-offer module za kreiranje/azuriranje/brisanje njihovih relacija
- na POST ponude povezujemo i prilozene dogadaje sa ponudom
- azurirani tipovi
- zasad san ostavia funkcionalnost forme ponude istu na nacin da se iz povezanih dogadaja uzme samo prvi kao vrijednost eventId u formi (ovo ce @nsitum maknit kad bude FE task kad bude multiple select dogadaja)",83,4481.066666666667,4680.299999999999,2400.0,2345.4666666666662,feature,fullstack,True,False,True,False,False,False,True,3,0,1,0,1
697,3096520542,2025-12-12T13:21:33Z,2025-12-13T20:23:23Z,2025-12-13T20:23:23Z,2025-12-13T20:23:25Z,,2025-12-12T13:21:33+00:00,[user_2],[user],2,34,15,2,3,49,0,0,1,1,0,0,0,2025-12-13T10:37:46+00:00,2025-12-13T10:37:46+00:00,2,15240252 FS: Word fix,"ignorirajte ime grane, originalan task je bia za excel al san kad san krenia gledat san nasa probleme na wordu zbog missalignementa tipova sadrzaja ponude popravljeni bugovi: - mjerna jedinica retka ponude u wordu je bila undefined (ode san doda usput stupac u mvpOfferContent za mjernu jedinicu da kad se unosi kolicina da se zna na sta se misli) - ako bi ponuda imala proizvode sa cijenom penala nije se ispisivalo isInventoryPenalty dio u wordu",,0,"# Description

ignorirajte ime grane, originalan task je bia za excel al san kad san krenia gledat san nasa probleme na wordu zbog missalignementa tipova sadrzaja ponude

popravljeni bugovi:
- mjerna jedinica retka ponude u wordu je bila undefined (ode san doda usput stupac u mvpOfferContent za mjernu jedinicu da kad se unosi kolicina da se zna na sta se misli)
- ako bi ponuda imala proizvode sa cijenom penala nije se ispisivalo isInventoryPenalty dio u wordu",73,1276.2166666666667,1276.2166666666667,1261.8333333333333,600.0,fix,fullstack,False,False,True,False,False,False,True,2,1,0,0,0
602,2984619289,2025-11-06T13:08:19Z,2025-11-07T06:50:27Z,2025-11-07T06:50:27Z,2025-11-07T06:50:28Z,2025-11-06T13:15:51Z,2025-11-06T13:08:19+00:00,[user_2],[user_2],2,32,0,3,2,32,0,0,1,1,0,0,0,2025-11-06T19:42:30+00:00,2025-11-06T19:42:30+00:00,2,14657889 FS: Promjena tipa klijenta kroz kontakt formu,"bug: prilikom dohvacanja kontakata nismo dohvaćali tip kontakta, pa prilikom updatea kontakata nekog klijenta, svaki kontakt se popuni sa inicijalnim vrijednostima pa kad nebi imali tip klijenta dohvacenog stavia bi ga na PRIVATE_ENTITY i prominia tip samog klijenta dohvacamo sad tip klijenta i ime firme prilikom dohvacanja klijenta, nije idealno rjesenje, ali mi je oke zasad, idealno bi bilo da se ovi kontakti koji se azuriraju sibaju samo polja koja se minjaju ali to je sa trenutnom strukturom nemoguce i nigdi ne radimo tako, a moramo punit s inicijalnim vrijednostima jer na createu fale neka required polja koja nemamo u kontakt formi",,0,"# Description

bug: prilikom dohvacanja kontakata nismo dohvaćali tip kontakta, pa prilikom updatea kontakata nekog klijenta, svaki kontakt se popuni sa inicijalnim vrijednostima pa kad nebi imali tip klijenta dohvacenog stavia bi ga na PRIVATE_ENTITY i prominia tip samog klijenta

dohvacamo sad tip klijenta i ime firme prilikom dohvacanja klijenta, nije idealno rjesenje, ali mi je oke zasad, idealno bi bilo da se ovi kontakti koji se azuriraju sibaju samo polja koja se minjaju ali to je sa trenutnom strukturom nemoguce i nigdi ne radimo tako, a moramo punit s inicijalnim vrijednostima jer na createu fale neka required polja koja nemamo u kontakt formi",102,394.18333333333334,394.18333333333334,0.0,1062.1333333333332,fix,fullstack,False,False,True,False,False,False,True,2,1,0,0,0
645,3033313004,2025-11-21T10:48:43Z,2025-11-21T11:38:24Z,2025-11-21T11:38:24Z,2025-11-21T11:38:25Z,,2025-11-21T10:48:43+00:00,nsitum,nsitum,2,1,0,1,1,1,0,0,1,1,0,0,0,2025-11-21T11:22:56+00:00,2025-11-21T11:22:56+00:00,2,14867802 FE: Izbrisan event strikethrough text,Popravljen strikethrough text style za izbrisan događaj,,0,"# Description

Popravljen strikethrough text style za izbrisan događaj",7,34.21666666666667,34.21666666666667,0.0,49.68333333333333,fix,frontend,True,False,True,False,False,False,False,2,1,0,0,0
614,2999599084,2025-11-11T16:01:10Z,2025-11-12T10:02:00Z,2025-11-12T10:02:00Z,2025-11-12T10:02:02Z,,2025-11-11T16:01:10+00:00,[user_2],[user_2],2,1,2,1,2,3,0,0,1,1,0,0,0,2025-11-12T09:03:28+00:00,2025-11-12T09:03:28+00:00,2,14701941 BE: Offer module,maknut service module import u offer module,,0,"# Description

maknut service module import u offer module",7,1022.3,1022.3,0.0,1080.8333333333333,refactor,backend,False,False,True,False,False,False,True,2,1,0,0,0
508,2840605253,2025-09-18T14:54:05Z,2025-09-24T09:08:27Z,2025-09-24T09:08:27Z,2025-09-24T09:08:28Z,,2025-09-18T14:54:05+00:00,nsitum,nsitum,7,39,10,4,3,49,0,2,5,3,2,0,0,2025-09-18T17:03:52+00:00,2025-09-18T17:03:52+00:00,7,944 FE: Dodati checkbox filter na događajima,"Dodan checkbox u filtere događaja i filtriranje na temelju ""Poslano na obradu"" polja.",uJGXwypN,0,"# Description

Dodan checkbox u filtere događaja i filtriranje na temelju ""Poslano na obradu"" polja.",13,129.78333333333333,129.78333333333333,2880.0,5414.366666666667,update,frontend,True,True,True,True,True,True,True,7,0,0,1,1
679,3071369599,2025-12-04T13:21:47Z,2025-12-05T11:01:56Z,2025-12-05T11:01:56Z,2025-12-05T11:01:58Z,,2025-12-04T13:21:47+00:00,[user_2],[user_2],2,12,69,10,2,81,0,0,1,1,0,0,0,2025-12-04T16:30:34+00:00,2025-12-04T16:30:34+00:00,2,15082610 FS: Obrisati MvpOfferContent,obrisano mvp__offerContent event polje i svugdi di se spominjalo.,,0,"# Description

obrisano mvp__offerContent event polje i svugdi di se spominjalo.",9,188.78333333333333,188.78333333333333,0.0,1300.15,refactor,fullstack,False,False,True,False,False,False,True,2,1,0,0,0
558,2917117119,2025-10-15T12:31:05Z,2025-10-16T20:45:47Z,2025-10-16T20:45:47Z,2025-10-16T20:45:48Z,,2025-10-15T12:31:05+00:00,nsitum,nsitum,6,148,27,7,2,175,0,3,5,2,3,0,0,2025-10-16T08:03:04+00:00,2025-10-16T08:03:04+00:00,5,"14211846 FE: Dodavanje polja ""grupe""","Dodano je novo polje ""Grupa"" tj. ""Vrsta"" (nisam skužia imenovanje pa lako promijenim). Napravljene su sljedeće izmjene: - Dodano novo polje u formi - Maknuta hardkodirana vrijednost - Dodana Badge komponenta za boje u tablici - Dodan filter za novo polje - Refaktoran kod za filtere",,0,"# Description

Dodano je novo polje ""Grupa"" tj. ""Vrsta"" (nisam skužia imenovanje pa lako promijenim). Napravljene su sljedeće izmjene:
- Dodano novo polje u formi
- Maknuta hardkodirana vrijednost
- Dodana Badge komponenta za boje u tablici
- Dodan filter za novo polje
- Refaktoran kod za filtere",41,1171.9833333333331,1171.9833333333331,0.0,1934.7,update,frontend,True,True,True,False,True,True,True,6,0,0,1,1
539,2896747852,2025-10-08T09:28:33Z,2025-10-11T10:02:22Z,2025-10-11T10:02:22Z,2025-10-11T10:02:24Z,,2025-10-08T09:28:33+00:00,[user_2],[user_2],6,247,245,3,9,492,0,14,14,2,12,0,0,2025-10-09T12:21:56+00:00,2025-10-09T12:21:56+00:00,7,14111521 BE: Generator docx i xlsx cleanup,- pobrisane stvari koje se nisu koristile ni u excelici ni u wordu - pociscene metode za generiranje ponude - offer-data.utils.ts pociscen (ono sta je za servis prebaceno tamo) i premjesten u utils folder - bad request ako tip nije ni word ni excel - updateani templateovi: [template.docx](https://github.com/user-attachments/files/22763458/template.docx) [template.xlsx](https://github.com/user-attachments/files/22763459/template.xlsx),,0,"# Description

- pobrisane stvari koje se nisu koristile ni u excelici ni u wordu
- pociscene metode za generiranje ponude
- offer-data.utils.ts pociscen (ono sta je za servis prebaceno tamo) i premjesten u utils folder
- bad request ako tip nije ni word ni excel
- updateani templateovi:
[template.docx](https://github.com/user-attachments/files/22763458/template.docx)
[template.xlsx](https://github.com/user-attachments/files/22763459/template.xlsx)",67,1613.3833333333334,1613.3833333333334,1473.8166666666666,2880.0,refactor,backend,True,True,True,False,True,True,True,6,0,0,1,1
572,2939503916,2025-10-23T07:58:38Z,2025-10-25T08:38:56Z,2025-10-25T08:38:56Z,2025-10-25T08:38:58Z,,2025-10-23T07:58:38+00:00,nsitum,nsitum,6,196,119,11,8,315,0,7,3,1,2,0,0,2025-10-23T08:28:36+00:00,2025-10-24T16:48:09+00:00,6,14301052 FS: način isporuke dropdown,"Dodan je novi dropdown ""Način isporuke"" po uzoru na ostale dropdowne u formi. Napravljene su sljedeće izmjene: - Dodana migracijska skripta za migraciju postojećih podataka za način isporuke - Dodan enum i mapa za deliveryMethod - Dodana polja deliveryMethod i deliveryMethodOther u schemu, tipove, formu, validacije... - Popravljen kod za generiranje metadata u google kalendaru - Dodana mapa u processedHistory funckiju da bi se promjene prikazivale ispravno",,1,"# Description

Dodan je novi dropdown ""Način isporuke"" po uzoru na ostale dropdowne u formi. Napravljene su sljedeće izmjene:
- Dodana migracijska skripta za migraciju postojećih podataka za način isporuke
- Dodan enum i mapa za deliveryMethod
- Dodana polja deliveryMethod i deliveryMethodOther u schemu, tipove, formu, validacije...
- Popravljen kod za generiranje metadata u google kalendaru
- Dodana mapa u processedHistory funckiju da bi se promjene prikazivale ispravno",62,29.966666666666665,1969.5166666666669,580.3000000000001,2340.0,update,fullstack,True,True,True,False,True,True,True,6,0,0,1,1
505,2837054974,2025-09-17T15:24:05Z,2025-09-25T11:59:32Z,2025-09-25T11:59:31Z,2025-09-25T11:59:33Z,2025-09-19T12:51:29Z,2025-09-17T15:24:05+00:00,[user_2],[user_2],6,217,82,21,16,299,1,1,3,2,1,0,0,2025-09-18T13:21:45+00:00,2025-09-24T09:48:39+00:00,6,916 FS Odvajanje datuma i vremena,"Dodani startDate i startTime (obrisan startsAt), migracijska skripta, dodan opcionalan time input za start time u event formi. Bila je borba s migracijon da podaci ostanu tocni zbog vremenske zone.",jAWUSW5z,0,"# Description

Dodani startDate i startTime (obrisan startsAt), migracijska skripta, dodan opcionalan time input za start time u event formi.
Bila je borba s migracijon da podaci ostanu tocni zbog vremenske zone.",30,1317.6666666666667,9744.566666666666,2880.0,8435.433333333334,update,fullstack,False,True,True,True,True,True,True,6,0,0,1,0
518,2859548297,2025-09-25T07:45:41Z,2025-09-29T10:33:55Z,2025-09-29T10:33:55Z,2025-09-29T10:33:57Z,,2025-09-25T07:45:41+00:00,nsitum,nsitum,7,254,80,14,51,334,0,9,10,3,6,1,0,2025-09-25T07:56:40+00:00,2025-09-25T15:15:39+00:00,7,919 FE: Notifications workaround,"Na klik notifikacije se otvara prozor s promjenama koje su se dogodile. Za testiranje mergajte https://github.com/[user]/[project]/pull/482 branch u ovaj. Napravljene su sljedeće izmjene: - Dodana nova komponenta ChangesPage - Prilagođene rute za navigaciju i za api - Dodan useFetchChange hook - Reusable helperi iz Changes komponente prebačeni u changes.helpers.ts, tako da se mogu koristiti i u ChangesPage - Popravljeni tipovi",6OiXZ6GD,0,"# Description

Na klik notifikacije se otvara prozor s promjenama koje su se dogodile. Za testiranje mergajte https://github.com/[user]/[project]/pull/482 branch u ovaj.
Napravljene su sljedeće izmjene:
- Dodana nova komponenta ChangesPage
- Prilagođene rute za navigaciju i za api
- Dodan useFetchChange hook
- Reusable helperi iz Changes komponente prebačeni u changes.helpers.ts, tako da se mogu koristiti i u ChangesPage
- Popravljeni tipovi",63,10.98333333333333,449.96666666666664,2880.0,3048.2333333333327,update,frontend,True,True,True,True,True,True,True,7,0,0,1,1
615,2999622659,2025-11-11T16:09:02Z,2025-11-12T09:09:52Z,2025-11-12T09:09:52Z,2025-11-12T09:09:54Z,,2025-11-11T16:09:02+00:00,[user_2],[user_2],2,6,1,2,1,7,0,0,1,1,0,0,0,2025-11-12T09:04:29+00:00,2025-11-12T09:04:29+00:00,2,14701953 BE: Changes service komentar,"zakomentirano zasto pozivamo event getById u changes service i neradimo nista sa njim pomaka san i provjeru iz event controllera u changes service (ovo je bia privremeni fix da se izbjegne circular dependency, al sad se nemoze izbjec svakako)",,0,"# Description

zakomentirano zasto pozivamo event getById u changes service i neradimo nista sa njim
pomaka san i provjeru iz event controllera u changes service (ovo je bia privremeni fix da se izbjegne circular dependency, al sad se nemoze izbjec svakako)",39,1015.45,1015.45,0.0,1020.8333333333334,refactor,backend,False,False,True,False,False,False,True,2,1,0,0,0
698,3096565866,2025-12-12T13:37:49Z,2025-12-13T20:21:43Z,2025-12-13T20:21:43Z,2025-12-15T11:27:00Z,,2025-12-12T13:37:49+00:00,[user_2],[user],2,3,4,2,1,7,0,0,2,2,0,0,0,2025-12-13T10:35:29+00:00,2025-12-13T10:35:29+00:00,2,15240120 BE: OTP refactor,izmjenjen html template za mail (ide u apps/api/templates): [generate-password.html](https://github.com/user-attachments/files/24164354/generate-password.html) promjene kod privremene lozinke: - duzina OTPa: 6 - validnost lozinke: 12 sati - izbaceni znakovi 0 i O,,0,"# Description

izmjenjen html template za mail (ide u apps/api/templates):
[generate-password.html](https://github.com/user-attachments/files/24164354/generate-password.html)

promjene kod privremene lozinke:
- duzina OTPa: 6
- validnost lozinke: 12 sati
- izbaceni znakovi 0 i O",39,1257.6666666666667,1257.6666666666667,1243.9,600.0,refactor,backend,False,False,True,False,False,False,True,2,1,0,0,0
524,2866274956,2025-09-27T08:59:48Z,2025-09-27T09:14:51Z,2025-09-27T09:14:51Z,2025-09-27T09:14:53Z,,2025-09-27T08:59:48+00:00,nsitum,nsitum,3,5,15,1,2,20,0,0,1,1,0,0,0,2025-09-27T09:08:30+00:00,2025-09-27T09:08:30+00:00,3,968 FE (Bug): EventForm hasUnsavedChanges je true bez izmjena,"Ovo bi popravila promjena initialValues u eventData u initial varijabli, ali mislim da je provjera preko form.dirty čišća. Ovo ćese svakako rišit s useEventForm.",Cu5aycrl,0,"# Description

Ovo bi popravila promjena initialValues u eventData u initial varijabli, ali mislim da je provjera preko form.dirty čišća. Ovo ćese svakako rišit s useEventForm.",25,8.7,8.7,15.049999999999995,-3.3306690738754696e-15,fix,frontend,True,False,True,True,False,False,False,3,0,1,0,0
598,2980248664,2025-11-05T12:21:51Z,2025-11-07T11:03:19Z,2025-11-07T11:03:19Z,2025-11-07T11:03:20Z,2025-11-05T21:04:42Z,2025-11-05T12:21:51+00:00,nsitum,nsitum,3,333,31,5,8,364,0,10,6,1,5,0,0,2025-11-06T12:46:42+00:00,2025-11-07T07:21:41+00:00,3,14559028 FE: Update client forme,"Ažurirana klijent forma na isti način kao i forma događaja, za svakog klijenta u formi su dodani kontakti. Bilo je potrebno malo korigirati tipove za client formu. Na submitu prvo radimo post/patch klijenta, pa nakon toga patch na /users/:userId/contacts. Disclaimer: Trenutno sam napravia na isti ""nestani"" način sa clients.contacts[index].firstName... dok ne napravim task i odradim refactor, trenutno radi ok (svakako testirajte).",,0,"# Description

Ažurirana klijent forma na isti način kao i forma događaja, za svakog klijenta u formi su dodani kontakti. Bilo je potrebno malo korigirati tipove za client formu. Na submitu prvo radimo post/patch klijenta, pa nakon toga patch na /users/:userId/contacts.

Disclaimer: Trenutno sam napravia na isti ""nestani"" način sa clients.contacts[index].firstName... dok ne napravim task i odradim refactor, trenutno radi ok (svakako testirajte).",67,1464.85,2579.833333333333,0.0,2801.4666666666667,update,frontend,True,False,True,False,False,False,True,3,0,1,0,1
554,2914055260,2025-10-14T15:07:52Z,2025-10-16T07:04:47Z,2025-10-16T07:04:47Z,2025-10-16T07:04:49Z,2025-10-14T15:14:52Z,2025-10-14T15:07:52+00:00,[user_2],[user_2],5,9,24,1,2,33,0,0,3,3,0,0,0,2025-10-15T09:38:38+00:00,2025-10-15T09:38:38+00:00,5,BE: Excel update,promjene na excelici: - maknuto polje meniji - kontakt osobe na terenu -> kuhinja primjetia san da ne koristimo locationDescription u excelici pa san maka i to updateani excel template: [template.xlsx](https://github.com/user-attachments/files/22907776/template.xlsx),,0,"# Description

promjene na excelici:
- maknuto polje meniji
- kontakt osobe na terenu -> kuhinja

primjetia san da ne koristimo locationDescription u excelici pa san maka i to

updateani excel template:
[template.xlsx](https://github.com/user-attachments/files/22907776/template.xlsx)",38,1110.7666666666664,1110.7666666666664,0.0,2396.916666666667,refactor,backend,False,True,True,False,True,True,True,5,0,0,1,0
549,2907401219,2025-10-12T08:56:50Z,2025-10-12T08:57:04Z,2025-10-12T08:57:04Z,2025-10-12T08:57:05Z,2025-10-12T08:56:57Z,2025-10-12T08:56:50+00:00,[user],[user],1,217,375,12,4,592,0,0,0,0,0,0,0,,,1,chore: products flag cleanup,,TASK_ID,0,,0,,,0.2333333333333279,-5.334274688628681e-15,fix,other,False,True,False,False,False,False,False,1,1,0,0,0
522,2863164633,2025-09-26T08:57:39Z,2025-09-29T12:13:03Z,2025-09-29T12:13:03Z,2025-09-29T12:13:05Z,2025-09-26T09:08:43Z,2025-09-26T08:57:39+00:00,[user_2],[user_2],7,50,10,10,4,60,0,2,4,2,2,0,0,2025-09-27T14:21:51+00:00,2025-09-28T22:07:20+00:00,7,966 FS noUnkown,Dodan noUnkown() na pozivu validatora da provjeri nepoznata polja i baci gresku ako ih ima. Kad san doda to san ubra jos par stvari sta su falile/bile viska u validatorima.,kURoxUYR,0,"# Description

Dodan noUnkown() na pozivu validatora da provjeri nepoznata polja i baci gresku ako ih ima. Kad san doda to san ubra jos par stvari sta su falile/bile viska u validatorima.",31,1764.2,3669.6833333333334,2880.0,1635.3999999999996,update,fullstack,True,True,True,True,True,True,True,7,0,0,1,1
513,2846140906,2025-09-20T09:37:40Z,2025-09-23T14:15:43Z,2025-09-23T14:15:43Z,2025-09-23T14:15:45Z,,2025-09-20T09:37:40+00:00,[user_2],[user_2],6,170,137,13,5,307,0,5,6,2,4,0,0,2025-09-20T13:55:22+00:00,2025-09-22T21:50:57+00:00,8,965 FS Azurirat user permisije,Di god su falile neke permisije dodane da se svih 15 koristi svugdi.,O6bBz8zK,0,"# Description

Di god su falile neke permisije dodane da se svih 15 koristi svugdi.",13,257.7,3613.2833333333338,2220.0,2378.05,refactor,fullstack,False,True,True,True,True,True,True,6,0,0,1,0
