pr_number,pr_id,created_at,closed_at,merged_at,updated_at,ready_for_review_time,workflow_start_time,author_login,author_id,merged_by_login,reviewer_count,reviewers,additions,deletions,changed_files,commits,total_lines_changed,comments,review_comments,review_count,review_approved_count,review_commented_count,review_changes_requested_count,review_dismissed_count,first_review_time,first_approval_time,review_requested_count,title,title_length,repo_language,description,description_length,is_bug_fix,is_new_feature,is_update,is_refactor,is_backend,is_frontend,task_id,images_count,body,description_word_count,description_croatian_words,description_croatian_pct,title_croatian_words,time_to_first_review_minutes,time_to_first_approval_minutes,non_working_minutes,effective_minutes
500,2834092739,2025-09-16T19:11:27Z,2025-09-19T14:59:14Z,2025-09-19T14:59:14Z,2025-09-19T14:59:16Z,,2025-09-16T19:11:27+00:00,[user_3],3,[user_3],6,[user_2]|[user_4]|[user]|[user_5]|[user_6]|[user_7],122,34,7,4,156,1,4,2,1,1,0,0,2025-09-16T21:43:39+00:00,2025-09-18T21:28:06+00:00,7,956 FE: Obavijesti,18,TypeScript,"Dodana nova stranica /notifications kojoj se može pristupiti samo putem ""Prikaži više"" gumba u postojećem dropdownu notifikacija. Broj notifikacija u dropdownu je limitiran na 5, a na stranici se prikazuje 25 po 25 infinite scrollanjem na isti način kao što je originalno bilo u dropdownu. Dizajn prati [tabler](https://preview.tabler.io/activity.html)",352,False,False,True,False,False,True,acE7qbOk,2,"# Description

Dodana nova stranica /notifications kojoj se može pristupiti samo putem ""Prikaži više"" gumba u postojećem dropdownu notifikacija. Broj notifikacija u dropdownu je limitiran na 5, a na stranici se prikazuje 25 po 25 infinite scrollanjem na isti način kao što je originalno bilo u dropdownu. Dizajn prati [tabler](https://preview.tabler.io/activity.html)",54,44,81.48148148148148,0,152.19999999999996,3016.65,0.0,4067.783333333333
501,2834388820,2025-09-16T21:11:03Z,2025-09-17T13:43:33Z,2025-09-17T13:43:33Z,2025-09-17T13:43:35Z,,2025-09-16T21:11:03+00:00,[user_6],6,[user_6],1,[user_3],31,8,2,4,39,0,0,1,1,0,0,0,2025-09-17T11:23:54+00:00,2025-09-17T11:23:54+00:00,1,949 fe ubaciti crvene zvjezdice na obavezna polja,49,TypeScript,Na Users i Inventory page-u u formama obavezna polja nisu bila obilježena prilikom ispunjavanja. Dodane crvene zvjezdice na obavezna polja.,139,True,False,False,False,False,True,sPLfBnsE,0,"# Description

Na Users i Inventory page-u u formama obavezna polja nisu bila obilježena prilikom ispunjavanja. Dodane crvene zvjezdice na obavezna polja.",21,19,90.47619047619048,1,852.85,852.85,0.0,992.5
502,2834473692,2025-09-16T21:54:18Z,2025-09-16T21:54:25Z,2025-09-16T21:54:25Z,2025-09-16T21:54:27Z,2025-09-16T21:54:21Z,2025-09-16T21:54:18+00:00,[user],[user_id],[user],0,,1,1,1,1,2,0,0,0,0,0,0,0,,,0,chroe: nullable sent to production,34,TypeScript,,0,True,False,False,False,False,False,TASK_ID,0,,0,0,0.0,0,,,0.0,0.1166666666666639
503,2836501513,2025-09-17T12:48:01Z,2025-09-23T19:43:22Z,2025-09-23T19:43:22Z,2025-09-23T19:43:24Z,,2025-09-17T12:48:01+00:00,[user_3],3,[user_3],7,[user_2]|[user_4]|[user]|[user_5]|[user_6]|[user_7]|[user_3],50,3,6,5,53,0,4,8,3,5,0,0,2025-09-18T13:11:04+00:00,2025-09-20T20:21:50+00:00,6,893 FE: User changes,20,TypeScript,Ubačene sve potrebne stvari za pregled povijesti izmjena korisnika u plug & play Changes komponentu. Dodana userFieldBooleanTypes konstanta za mapiranje true/false vrijednosti u Da/Ne. Povezan endpoint.,202,False,False,True,False,False,True,qJNt6ejM,0,"# Description

Ubačene sve potrebne stvari za pregled povijesti izmjena korisnika u plug & play Changes komponentu. Dodana userFieldBooleanTypes konstanta za mapiranje true/false vrijednosti u Da/Ne. Povezan endpoint.",27,25,92.5925925925926,0,1463.05,4773.816666666667,2880.0,6175.35
504,2836742631,2025-09-17T13:57:09Z,2025-09-29T12:03:08Z,2025-09-29T12:03:08Z,2025-09-29T12:03:10Z,,2025-09-17T13:57:09+00:00,[user_3],3,[user_3],7,[user_2]|[user_4]|[user]|[user_5]|[user_6]|[user_7]|[user_3],74,7,2,14,81,2,9,11,3,7,1,0,2025-09-18T21:14:52+00:00,2025-09-18T21:14:52+00:00,10,937 FE: Prodajni kanal kao obvezno polje,40,TypeScript,Polje prodajnog kanala je sada obvezno prilikom kreiranja događaja. Kod uređivanja postojećih je opcijonalno kao i dosad.,121,False,False,True,False,False,True,hjVvm6C2,0,"# Description

Polje prodajnog kanala je sada obvezno prilikom kreiranja događaja. Kod uređivanja postojećih je opcijonalno kao i dosad.",17,15,88.23529411764706,0,1877.7166666666667,1877.7166666666667,5760.0,11405.983333333334
505,2837054974,2025-09-17T15:24:05Z,2025-09-25T11:59:32Z,2025-09-25T11:59:31Z,2025-09-25T11:59:33Z,2025-09-19T12:51:29Z,2025-09-17T15:24:05+00:00,[user_2],2,[user_2],6,[user_4]|[user]|[user_5]|[user_6]|[user_7]|[user_3],217,82,21,16,299,1,1,3,2,1,0,0,2025-09-18T13:21:45+00:00,2025-09-24T09:48:39+00:00,6,916 FS Odvajanje datuma i vremena,33,TypeScript,"Dodani startDate i startTime (obrisan startsAt), migracijska skripta, dodan opcionalan time input za start time u event formi. Bila je borba s migracijon da podaci ostanu tocni zbog vremenske zone.",197,False,False,True,False,True,True,jAWUSW5z,0,"# Description

Dodani startDate i startTime (obrisan startsAt), migracijska skripta, dodan opcionalan time input za start time u event formi.
Bila je borba s migracijon da podaci ostanu tocni zbog vremenske zone.",30,6,20.0,1,1317.6666666666667,9744.566666666666,2880.0,8435.433333333334
506,2837095781,2025-09-17T15:36:10Z,2025-09-24T09:08:57Z,2025-09-24T09:08:57Z,2025-09-24T09:08:59Z,,2025-09-17T15:36:10+00:00,[user_3],3,[user_3],7,[user_2]|[user_4]|[user]|[user_5]|[user_6]|[user_7]|[user_3],79,30,7,2,109,0,6,9,3,6,0,0,2025-09-18T11:30:06+00:00,2025-09-18T11:30:06+00:00,7,940 FE: EmptyState komponenta,29,TypeScript,Prikaz empty state-a u pagevima je prebačen u novu EmptyState komponentu. Napisani testovi za istoimenu komponentu.,115,False,False,False,True,False,True,5H4j06TF,0,"# Description

Prikaz empty state-a u pagevima je prebačen u novu EmptyState komponentu. Napisani testovi za istoimenu komponentu.",17,16,94.11764705882352,0,1193.9333333333332,1193.9333333333332,2880.0,6812.783333333333
507,2838029469,2025-09-17T21:38:42Z,2025-10-27T09:37:16Z,2025-10-27T09:37:15Z,2025-10-27T09:37:18Z,2025-09-24T10:03:15Z,2025-09-17T21:38:42+00:00,[user_6],6,[user_2],6,[user_2]|[user_4]|[user]|[user_6]|[user_7]|[user_3],155,14,7,30,169,6,14,14,4,10,0,0,2025-09-18T22:26:01+00:00,2025-09-24T18:35:03+00:00,7,918 fs razlog odbijanja,23,TypeScript,"Kod uređivanja događaja dodano je novo polje Razlog odbijanja koje se pojavi ako je status promijenjen iz bilo kojeg drugog u Odbijeno. Polje se obavezno mora popuniti. Ako se ide ponovno na edit može se uredit razlog odbijanja. Ako se ponovno status mijenja iz Odbijeno u bilo koji drugi, vrijednost za polje Razlog odbijanja se briše, a vidi se u povijesti promjena.",368,False,False,True,False,True,True,4fNQKQgS,0,"# Description

Kod uređivanja događaja dodano je novo polje Razlog odbijanja koje se pojavi ako je status promijenjen iz bilo kojeg drugog u Odbijeno. Polje se obavezno mora popuniti. Ako se ide ponovno na edit može se uredit razlog odbijanja. Ako se ponovno status mijenja iz Odbijeno u bilo koji drugi, vrijednost za polje Razlog odbijanja se briše, a vidi se u povijesti promjena.",62,48,77.41935483870968,0,1487.3166666666668,9896.350000000002,18780.0,38098.54999999999
508,2840605253,2025-09-18T14:54:05Z,2025-09-24T09:08:27Z,2025-09-24T09:08:27Z,2025-09-24T09:08:28Z,,2025-09-18T14:54:05+00:00,[user_3],3,[user_3],7,[user_2]|[user_4]|[user]|[user_5]|[user_6]|[user_7]|[user_3],39,10,4,3,49,0,2,5,3,2,0,0,2025-09-18T17:03:52+00:00,2025-09-18T17:03:52+00:00,7,944 FE: Dodati checkbox filter na događajima,44,TypeScript,"Dodan checkbox u filtere događaja i filtriranje na temelju ""Poslano na obradu"" polja.",85,False,False,True,False,False,True,uJGXwypN,0,"# Description

Dodan checkbox u filtere događaja i filtriranje na temelju ""Poslano na obradu"" polja.",13,13,100.0,5,129.78333333333333,129.78333333333333,2880.0,5414.366666666667
509,2840812541,2025-09-18T15:49:30Z,2025-09-24T09:09:22Z,2025-09-24T09:09:22Z,2025-09-24T09:09:24Z,,2025-09-18T15:49:30+00:00,[user_3],3,[user_3],6,[user_2]|[user_4]|[user]|[user_5]|[user_6]|[user_7],24,23,2,3,47,0,1,4,3,1,0,0,2025-09-18T20:54:57+00:00,2025-09-18T20:54:57+00:00,7,952 FE: Centriranje headera kalendara,37,TypeScript,"Dodan display:grid na header kalendara, centriran središnji element. Prilagođen ostatak koda, mobilni prikaz ostavljen kakav je bio.",132,False,False,False,True,False,True,ZpMS6xgV,0,"# Description

Dodan display:grid na header kalendara, centriran središnji element. Prilagođen ostatak koda, mobilni prikaz ostavljen kakav je bio.",18,17,94.44444444444444,0,305.45,305.45,2880.0,5359.866666666667
510,2840983586,2025-09-18T16:44:26Z,2025-09-22T07:20:48Z,2025-09-22T07:20:48Z,2025-11-21T22:45:46Z,,2025-09-18T16:44:26+00:00,[user_5],5,[user_5],6,[user_2]|[user_4]|[user]|[user_6]|[user_7]|[user_3],38,1,6,4,39,0,0,3,3,0,0,0,2025-09-18T20:49:38+00:00,2025-09-18T20:49:38+00:00,6,815 be nedostaje id mismatch validacija,39,TypeScript,"Dodana ID mismatch validacija, ali ne na svim PATCH/PUT rutama, vec na onim koje sadrže ID u bodyu. Mogu dodat i na ostale.",123,False,False,False,False,True,False,TASK_ID,0,"# Description

Dodana ID mismatch validacija, ali ne na svim PATCH/PUT rutama, vec na onim koje sadrže ID u bodyu. Mogu dodat i na ostale.",24,20,83.33333333333334,0,245.2,245.2,2880.0,2316.3666666666663
511,2841391659,2025-09-18T19:07:50Z,2025-09-25T11:56:02Z,2025-09-25T11:56:02Z,2025-09-25T11:56:03Z,2025-09-22T20:51:27Z,2025-09-18T19:07:50+00:00,[user_6],6,[user_6],3,[user_4]|[user]|[user_7],54,26,1,4,80,0,6,2,1,1,0,0,2025-09-18T22:14:58+00:00,2025-09-23T13:56:26+00:00,3,954 fe način isporuke,21,TypeScript,Checkboxovi za način isporuke nisu funkcionirali. Da bi se promjenio način isporuke trenutni checkbox bi se morao odznačiti kako bi se drugi mogao označiti. Sada koristimo radio botune.,185,True,False,False,False,False,True,M1qdXb5Y,0,"# Description

Checkboxovi za način isporuke nisu funkcionirali. Da bi se promjenio način isporuke trenutni checkbox bi se morao odznačiti kako bi se drugi mogao označiti. Sada koristimo radio botune.",28,25,89.28571428571429,2,187.13333333333333,6888.6,2880.0,6768.200000000001
512,2844141683,2025-09-19T14:51:38Z,2025-09-22T08:44:02Z,2025-09-22T08:44:02Z,2025-09-22T08:44:04Z,,2025-09-19T14:51:38+00:00,[user_2],2,[user_2],6,[user_4]|[user]|[user_5]|[user_6]|[user_7]|[user_3],28,92,6,2,120,0,0,2,2,0,0,0,2025-09-20T13:25:50+00:00,2025-09-20T13:25:50+00:00,6,946 BE: Validacijski responsovi,31,TypeScript,NestJS-ov HttpException tip ima cause atribut kojeg san iskoristia da se ispisu validacijske greske. Maka san one provjere tipa errora jer ce uvik bit Yupov Validation Error ako padne validacija. Updatean ApiError tip,217,False,False,True,False,True,False,7OYiVh93,0,"# Description

NestJS-ov HttpException tip ima cause atribut kojeg san iskoristia da se ispisu validacijske greske. Maka san one provjere tipa errora jer ce uvik bit Yupov Validation Error ako padne validacija. Updatean ApiError tip",34,1,2.941176470588235,0,1354.2,1354.2,2880.0,1072.4
513,2846140906,2025-09-20T09:37:40Z,2025-09-23T14:15:43Z,2025-09-23T14:15:43Z,2025-09-23T14:15:45Z,,2025-09-20T09:37:40+00:00,[user_2],2,[user_2],6,[user_4]|[user]|[user_5]|[user_6]|[user_7]|[user_3],170,137,13,5,307,0,5,6,2,4,0,0,2025-09-20T13:55:22+00:00,2025-09-22T21:50:57+00:00,8,965 FS Azurirat user permisije,30,TypeScript,Di god su falile neke permisije dodane da se svih 15 koristi svugdi.,68,False,False,False,True,True,True,O6bBz8zK,0,"# Description

Di god su falile neke permisije dodane da se svih 15 koristi svugdi.",13,2,15.384615384615383,0,257.7,3613.2833333333338,2220.0,2378.05
514,2850492404,2025-09-22T17:52:23Z,2025-10-13T23:54:18Z,2025-10-13T23:54:18Z,2025-10-13T23:54:20Z,2025-10-07T11:52:36Z,2025-09-22T17:52:23+00:00,[user_4],4,[user_4],4,[user_2]|[user_4]|[user]|[user_3],312,10,19,54,322,5,53,27,2,25,0,0,2025-10-07T15:11:48+00:00,2025-10-13T08:02:25+00:00,10,958 fs idle status part 1,25,TypeScript,"- cron puni ""temp"" tablicu WaitingReminders - provjerava je svaka 3 sata - ako uhvati entitet sto 2 tjedna je u status ""čekanje"", kreira notifikaciju svim korisnicima -> userId je null u Notification - pošto je userId null onda sam stavio da je u takvoj notifikaciji je creator ""Sustav"" - ako smo za jedan resurs/entitet vec napravili reminder notif onda nece opet za isti - ako se 13ti dan, minut prije, promjeni status u nešto drugo - ne stvara notifikaciju - zasad imamo status samo na event objektu pa njih samo provjeravamo sada ZA TESTIRAT: - U reminder.service.ts na ln 22 prominit Cron okidanje na neko manje vrijeme npr. EVERY_10_SECONDS - Kreirat event sa statusom čekanje. Otvori prisma studio i trebao bi biti u WaitingReminder tablici novi redak za taj event. - prominit njegov waitingSince datum na 14 dana prije. - u iducem pozivu crona bi se trebala onda stvorit notifikacija u Notifications i prikaze se na frontenu.",933,False,False,True,False,True,True,,0,"# Description

- cron puni ""temp"" tablicu WaitingReminders
- provjerava je svaka 3 sata 
- ako uhvati entitet sto 2 tjedna je u status ""čekanje"", kreira notifikaciju svim korisnicima -> userId je null u Notification
- pošto je userId null onda sam stavio da je u takvoj notifikaciji je creator ""Sustav""
- ako smo za jedan resurs/entitet vec napravili reminder notif onda nece opet za isti
- ako se 13ti dan, minut prije, promjeni status u nešto drugo - ne stvara notifikaciju
- zasad imamo status samo na event objektu pa njih samo provjeravamo sada

ZA TESTIRAT:
- U reminder.service.ts na ln 22 prominit Cron okidanje na neko manje vrijeme npr. EVERY_10_SECONDS
- Kreirat event sa statusom čekanje. Otvori prisma studio i trebao bi biti u WaitingReminder tablici novi redak za taj event.
- prominit njegov waitingSince datum na 14 dana prije.
- u iducem pozivu crona bi se trebala onda stvorit notifikacija u Notifications i prikaze se na frontenu.",148,129,87.16216216216216,0,21439.416666666668,29650.033333333333,10080.0,20521.916666666664
515,2851084068,2025-09-22T20:42:58Z,2025-09-25T11:55:17Z,2025-09-25T11:55:17Z,2025-09-25T11:55:19Z,2025-09-23T17:15:03Z,2025-09-22T20:42:58+00:00,[user_6],6,[user_6],4,[user_4]|[user]|[user_7]|[user_3],9,44,1,7,53,0,3,4,2,2,0,0,2025-09-24T09:30:58+00:00,2025-09-24T10:26:06+00:00,5,FE: UI tablice korisnika,24,TypeScript,Na prikazu korisnika checkboxovi za sve permisije zasebno zamijenjeni samo counterom permisija.,95,False,False,True,False,False,True,G3DyNUdA,0,"# Description

Na prikazu korisnika checkboxovi za sve permisije zasebno zamijenjeni samo counterom permisija.",12,2,16.666666666666664,0,2208.0,2263.1333333333337,0.0,3792.3166666666666
516,2851450888,2025-09-22T23:28:46Z,2025-09-25T11:54:59Z,2025-09-25T11:54:59Z,2025-09-25T11:55:01Z,2025-09-23T17:15:28Z,2025-09-22T23:28:46+00:00,[user_6],6,[user_6],3,[user_4]|[user]|[user_7],22,64,11,1,86,0,0,1,1,0,0,0,2025-09-24T18:58:53+00:00,2025-09-24T18:58:53+00:00,4,FE: Dodati isLoading na Button,30,TypeScript,Dodan isLoading prop na Button. Svugdje gdje se koristi Spinner dodan isLoading buttonu.,88,False,False,True,False,False,True,ihpfgwUA,0,"# Description

Dodan isLoading prop na Button. Svugdje gdje se koristi Spinner dodan isLoading buttonu.",13,1,7.6923076923076925,1,2610.116666666667,2610.116666666667,0.0,3626.2166666666662
517,2856779658,2025-09-24T12:27:31Z,2025-09-26T07:27:27Z,2025-09-26T07:27:27Z,2025-09-26T07:27:29Z,2025-09-24T13:36:59Z,2025-09-24T12:27:31+00:00,[user_2],2,[user_2],7,[user_2]|[user_4]|[user]|[user_5]|[user_6]|[user_7]|[user_3],560,367,23,14,927,0,2,5,3,1,1,0,2025-09-25T17:44:03+00:00,2025-09-25T18:56:32+00:00,6,934 FS Validacije,17,TypeScript,"Ciscenje validacije za event, inventory item i usera: - Dodani strict:true na pozivima event, inventoryItem i user validatora na BE - Maknuti atributi isEditing, provjerava se edit mode po tome da li je ID prisutan u objektu koji se validira - Omoguceno slanje samo polja koja zelimo mijenjati putem PATCHa (nemora se sve slat da prodje validator) - Dodani typeError u validatorima sa porukom za provjeru tipa polja - Obrisana 2  nekoristena tipa iz packages/types/_user.ts - Alignanje/updateanje zastarjelih tipova - Manje promjene na hookovima za forme - Forme koriste validatore u create modu jer uvik salju sva polja na PATCH (u edit modu kad bi stavili neko required polje na prazno proslo bi validaciju a nebi tribalo) - Updatean frontendUserValidation da required polja ostanu required osim passworda koji je opcionalan na editu - Maknut id parametar iz update metoda u servisima jer sami updateData vec sadrzava ID a u controlleru se svakako provjerava ID Mismatch Namucia san se oko toga da nam ovi validatori valjaju za create i za patch za FE i BE, naletia san miljon problema i sa tipovima i sa bugovima a najvise san izgubia vrimena kad mi je prolazilo validaciju u edit modu na FE a na BE padala a koriste istog validatora: na kraju san skonta da formik pribaci prazan string u undefined tokom validacije zbog cega bi proslo u edit modeu na FE jer polje bude optional a na BE bi palo jer se tamo ne pretvori u undefined. Naletia san i na issue za to: https://github.com/jaredpalmer/formik/issues/805",1513,False,False,False,True,True,True,5ha9DNWq,0,"# Description

Ciscenje validacije za event, inventory item i usera:

- Dodani strict:true na pozivima event, inventoryItem i user validatora na BE
- Maknuti atributi isEditing, provjerava se edit mode po tome da li je ID prisutan u objektu koji se validira
- Omoguceno slanje samo polja koja zelimo mijenjati putem PATCHa (nemora se sve slat da prodje validator)
- Dodani typeError u validatorima sa porukom za provjeru tipa polja
- Obrisana 2  nekoristena tipa iz packages/types/_user.ts
- Alignanje/updateanje zastarjelih tipova
- Manje promjene na hookovima za forme
- Forme koriste validatore u create modu jer uvik salju sva polja na PATCH (u edit modu kad bi stavili neko required polje na prazno proslo bi validaciju a nebi tribalo)
- Updatean frontendUserValidation da required polja ostanu required osim passworda koji je opcionalan na editu
- Maknut id parametar iz update metoda u servisima jer sami updateData vec sadrzava ID a u controlleru se svakako provjerava ID Mismatch

Namucia san se oko toga da nam ovi validatori valjaju za create i za patch za FE i BE, naletia san miljon problema i sa tipovima i sa bugovima a najvise san izgubia vrimena kad mi je prolazilo validaciju u edit modu na FE a na BE padala a koriste istog validatora: na kraju san skonta da formik pribaci prazan string u undefined tokom validacije zbog cega bi proslo u edit modeu na FE jer polje bude optional a na BE bi palo jer se tamo ne pretvori u undefined. Naletia san i na issue za to: https://github.com/jaredpalmer/formik/issues/805",254,57,22.440944881889763,0,1756.5333333333333,1829.0166666666669,0.0,2579.9333333333334
518,2859548297,2025-09-25T07:45:41Z,2025-09-29T10:33:55Z,2025-09-29T10:33:55Z,2025-09-29T10:33:57Z,,2025-09-25T07:45:41+00:00,[user_3],3,[user_3],7,[user_2]|[user_4]|[user]|[user_5]|[user_6]|[user_7]|[user_3],254,80,14,51,334,0,9,10,3,6,1,0,2025-09-25T07:56:40+00:00,2025-09-25T15:15:39+00:00,7,919 FE: Notifications workaround,32,TypeScript,"Na klik notifikacije se otvara prozor s promjenama koje su se dogodile. Za testiranje mergajte https://github.com/[user]/[repo]/pull/482 branch u ovaj. Napravljene su sljedeće izmjene: - Dodana nova komponenta ChangesPage - Prilagođene rute za navigaciju i za api - Dodan useFetchChange hook - Reusable helperi iz Changes komponente prebačeni u changes.helpers.ts, tako da se mogu koristiti i u ChangesPage - Popravljeni tipovi",429,False,False,True,False,False,True,6OiXZ6GD,0,"# Description

Na klik notifikacije se otvara prozor s promjenama koje su se dogodile. Za testiranje mergajte https://github.com/[user]/[repo]/pull/482 branch u ovaj.
Napravljene su sljedeće izmjene:
- Dodana nova komponenta ChangesPage
- Prilagođene rute za navigaciju i za api
- Dodan useFetchChange hook
- Reusable helperi iz Changes komponente prebačeni u changes.helpers.ts, tako da se mogu koristiti i u ChangesPage
- Popravljeni tipovi",63,53,84.12698412698413,0,10.98333333333333,449.96666666666664,2880.0,3048.2333333333327
519,2859858515,2025-09-25T09:10:46Z,2025-09-25T20:05:51Z,2025-09-25T20:05:51Z,2025-09-25T20:05:53Z,2025-09-25T09:27:14Z,2025-09-25T09:10:46+00:00,[user_2],2,[user_2],6,[user_4]|[user]|[user_5]|[user_6]|[user_7]|[user_3],35,24,1,2,59,0,0,1,1,0,0,0,2025-09-25T20:04:03+00:00,2025-09-25T20:04:03+00:00,6,884 BE (Refactor): mapServiceNamesToFieldChanges,48,TypeScript,"Refaktor mapiranja imena usluga prilikom dohvacanja event promjena, cilj je bia izbjec mutacije u JS-u.",103,False,False,False,True,True,False,bZRXpTQF,0,"# Description

Refaktor mapiranja imena usluga prilikom dohvacanja event promjena, cilj je bia izbjec mutacije u JS-u.",16,3,18.75,0,653.2833333333334,653.2833333333334,0.0,655.0833333333334
520,2861018325,2025-09-25T14:56:37Z,2025-09-30T12:11:13Z,2025-09-30T12:11:13Z,2025-09-30T12:11:16Z,2025-09-25T15:00:30Z,2025-09-25T14:56:37+00:00,[user_2],2,[user_2],6,[user_4]|[user]|[user_5]|[user_6]|[user_7]|[user_3],20,76,5,5,96,2,2,3,1,2,0,0,2025-09-27T14:03:08+00:00,2025-09-30T10:52:29+00:00,7,841 FS Cleanup event service status,35,TypeScript,Cleanup logike filtriranja evenata po statusu. Status query parametar dolazi ko array ili samo ko string ako je samo jedan pa san prilagodia tip statusa. Neznan zasto je ovo filtriranje po statusu uopce ostalo na BE kad se samo fetchaju svi eventovi i sve se filtrira na FE osin statusa. Tribalo bi vidit ocemo li filtrirat sve na FE Promjene: - Pociscena logika filtriranja po statusu - Obrisani ne koristeni argumenti - Rename getPaginated -> getAll - Pociscen useFetchEvents da ne salje lokacije kad se svakako s njima nista ne radi na BE,541,False,False,False,True,True,True,0QBMqlJo,0,"# Description

Cleanup logike filtriranja evenata po statusu. Status query parametar dolazi ko array ili samo ko string ako je samo jedan pa san prilagodia tip statusa. Neznan zasto je ovo filtriranje po statusu uopce ostalo na BE kad se samo fetchaju svi eventovi i sve se filtrira na FE osin statusa. Tribalo bi vidit ocemo li filtrirat sve na FE

Promjene:
- Pociscena logika filtriranja po statusu
- Obrisani ne koristeni argumenti
- Rename getPaginated -> getAll
- Pociscen useFetchEvents da ne salje lokacije kad se svakako s njima nista ne radi na BE",88,16,18.181818181818183,0,2826.5166666666664,6955.866666666668,2880.0,4154.6
521,2863082348,2025-09-26T08:33:34Z,2025-09-26T08:39:08Z,2025-09-26T08:39:08Z,2025-09-26T08:39:16Z,,2025-09-26T08:33:34+00:00,[user_2],2,[user_2],0,,5,6,2,1,11,0,0,0,0,0,0,0,,,1,FE (Bug): delete event,22,TypeScript,"Initial values nisu imale ID pa nije moglo obrisat/restoreat event, sad se salje ID u initial values al ID maknemo u formi da bude validacija u create modu.",156,True,False,False,False,False,True,TASK_ID,0,"# Description

Initial values nisu imale ID pa nije moglo obrisat/restoreat event, sad se salje ID u initial values al ID maknemo u formi da bude validacija u create modu.",29,5,17.24137931034483,0,,,0.0,5.566666666666662
522,2863164633,2025-09-26T08:57:39Z,2025-09-29T12:13:03Z,2025-09-29T12:13:03Z,2025-09-29T12:13:05Z,2025-09-26T09:08:43Z,2025-09-26T08:57:39+00:00,[user_2],2,[user_2],7,[user_2]|[user_4]|[user]|[user_5]|[user_6]|[user_7]|[user_3],50,10,10,4,60,0,2,4,2,2,0,0,2025-09-27T14:21:51+00:00,2025-09-28T22:07:20+00:00,7,966 FS noUnkown,15,TypeScript,Dodan noUnkown() na pozivu validatora da provjeri nepoznata polja i baci gresku ako ih ima. Kad san doda to san ubra jos par stvari sta su falile/bile viska u validatorima.,172,False,False,True,False,True,True,kURoxUYR,0,"# Description

Dodan noUnkown() na pozivu validatora da provjeri nepoznata polja i baci gresku ako ih ima. Kad san doda to san ubra jos par stvari sta su falile/bile viska u validatorima.",31,5,16.129032258064516,0,1764.2,3669.6833333333334,2880.0,1635.3999999999996
523,2863702098,2025-09-26T11:13:38Z,2025-10-16T07:08:08Z,2025-10-16T07:08:08Z,2025-10-16T07:08:09Z,2025-09-28T11:55:30Z,2025-09-26T11:13:38+00:00,[user_6],6,[user_2],7,[user_2]|[user_4]|[user]|[user_5]|[user_6]|[user_7]|[user_3],1369,57,36,54,1426,3,35,8,3,4,1,0,2025-09-30T09:17:02+00:00,2025-10-15T06:51:14+00:00,7,928 fe ponude zadatak 1,23,TypeScript,"Dodan novi feature ponude. Novi tab u navigaciji, dodani api hokovi, FE rute, stranice i validacija. Forma ima 2 polja: - događaj (neobavezno) - sadržaj  ponude (obavezno)",171,False,True,False,False,False,True,vh90a2JS,0,"# Description

Dodan novi feature ponude. Novi tab u navigaciji, dodani api hokovi, FE rute, stranice i validacija. 

Forma ima 2 polja: 
- događaj (neobavezno)
- sadržaj  ponude (obavezno)",25,19,76.0,0,5643.4000000000015,27097.6,10080.0,18474.5
524,2866274956,2025-09-27T08:59:48Z,2025-09-27T09:14:51Z,2025-09-27T09:14:51Z,2025-09-27T09:14:53Z,,2025-09-27T08:59:48+00:00,[user_3],3,[user_3],3,[user_2]|[user]|[user_5],5,15,1,2,20,0,0,1,1,0,0,0,2025-09-27T09:08:30+00:00,2025-09-27T09:08:30+00:00,3,968 FE (Bug): EventForm hasUnsavedChanges je true bez izmjena,61,TypeScript,"Ovo bi popravila promjena initialValues u eventData u initial varijabli, ali mislim da je provjera preko form.dirty čišća. Ovo ćese svakako rišit s useEventForm.",161,True,False,False,False,False,True,Cu5aycrl,0,"# Description

Ovo bi popravila promjena initialValues u eventData u initial varijabli, ali mislim da je provjera preko form.dirty čišća. Ovo ćese svakako rišit s useEventForm.",25,24,96.0,1,8.7,8.7,15.049999999999995,-3.3306690738754696e-15
525,2870582401,2025-09-29T13:08:03Z,2025-09-30T21:02:33Z,2025-09-30T21:02:33Z,2025-09-30T21:02:35Z,2025-09-29T14:48:56Z,2025-09-29T13:08:03+00:00,[user_2],2,[user_2],7,[user_2]|[user_4]|[user]|[user_5]|[user_6]|[user_7]|[user_3],579,59,13,18,638,0,3,3,2,1,0,0,2025-09-30T15:30:00+00:00,2025-09-30T15:30:00+00:00,7,957 BE: Demo email sync,23,TypeScript,"Citanje mailova (IMAP protokol), parsiranje i spremanje u bazu. Promjene: - dodana minimalna v1 Email tablica - dodani paketi imapflow i mailparser - dodan CRON job koji svaki dan (triba li cesce?) udre fetch novih mailova (od jucer), parsira ih i spremi u bazu - dodani tipovi Email i CreateEmail - rename _email foldera u email",329,False,True,False,False,True,False,OufXXhch,0,"# Description

Citanje mailova (IMAP protokol), parsiranje i spremanje u bazu. 
Promjene:
- dodana minimalna v1 Email tablica
- dodani paketi imapflow i mailparser
- dodan CRON job koji svaki dan (triba li cesce?) udre fetch novih mailova (od jucer), parsira ih i spremi u bazu
- dodani tipovi Email i CreateEmail
- rename _email foldera u email",51,9,17.647058823529413,0,1581.95,1581.95,0.0,1914.5
526,2874953398,2025-09-30T14:54:18Z,2025-09-30T16:01:43Z,2025-09-30T16:01:43Z,2025-09-30T16:01:45Z,,2025-09-30T14:54:18+00:00,[user_3],3,[user_3],6,[user_2]|[user_4]|[user]|[user_5]|[user_6]|[user_7],99,1,4,5,100,0,0,1,1,0,0,0,2025-09-30T15:10:57+00:00,2025-09-30T15:10:57+00:00,6,955 FE: Tooltip (na status),27,TypeScript,"Dodana Tooltip komponenta sa custom css-om, nabrzinu sam natipka samo za status pa nisam siguran da je reusable. Ako bude trebala još negdi popravit ćemo.",154,False,True,False,False,False,True,XuA5tr2c,0,"# Description

Dodana Tooltip komponenta sa custom css-om, nabrzinu sam natipka samo za status pa nisam siguran da je reusable. Ako bude trebala još negdi popravit ćemo.",26,23,88.46153846153845,1,16.650000000000002,16.650000000000002,0.0,67.41666666666667
527,2878115540,2025-10-01T12:47:13Z,2025-10-03T10:25:15Z,2025-10-03T10:25:15Z,2025-10-03T10:25:17Z,2025-10-02T06:02:46Z,2025-10-01T12:47:13+00:00,[user_2],2,[user_2],5,[user_4]|[user]|[user_6]|[user_7]|[user_3],53,3,4,5,56,0,0,1,1,0,0,0,2025-10-03T06:11:07+00:00,2025-10-03T06:11:07+00:00,5,BE: Inventory migration basics,30,TypeScript,Dodani enumi InventoryType i inventoryGroup Dodana polja type i group na InventoryItem Dodana migracijska skripta: postojece InventoryIteme zakucavamo na type: PRODUCT i group: INVENTORY,186,False,False,True,False,True,False,,0,"# Description

Dodani enumi InventoryType i inventoryGroup
Dodana polja type i group na InventoryItem
Dodana migracijska skripta: postojece InventoryIteme zakucavamo na type: PRODUCT i group: INVENTORY",24,5,20.833333333333336,0,2483.9,2483.9,0.0,2738.0333333333333
528,2880897816,2025-10-02T08:09:00Z,2025-10-07T09:36:50Z,2025-10-07T09:36:50Z,2025-10-07T09:36:52Z,2025-10-02T13:08:04Z,2025-10-02T08:09:00+00:00,[user_2],2,[user_2],6,[user_2]|[user_4]|[user]|[user_6]|[user_7]|[user_3],364,103,18,21,467,8,4,5,1,3,1,0,2025-10-02T18:54:17+00:00,2025-10-07T09:06:58+00:00,6,BE: Real notifications,22,TypeScript,"- Kreiranje notifikacija za create/update predmeta inventara, korisnika i usluga (samo na create) - Updateani raw queriji da vracaju samo notifikacije za koja korisnik ima prava i da dobavlja povezanu promjenu - Updatean socket gateway da se ne pale socket eventovi notifikacija odredjenog entiteta userima koji nemaju permisiju za taj entitet - na FE dodano mapiranje za razlicite vrste entiteta za notifikacije cisto da ne pise undefined, to ce svakako @[user_3] prilagodit u FE PR-u",483,True,False,False,False,True,True,,0,"# Description

- Kreiranje notifikacija za create/update predmeta inventara, korisnika i usluga (samo na create)
- Updateani raw queriji da vracaju samo notifikacije za koja korisnik ima prava i da dobavlja povezanu promjenu
- Updatean socket gateway da se ne pale socket eventovi notifikacija odredjenog entiteta userima koji nemaju permisiju za taj entitet
- na FE dodano mapiranje za razlicite vrste entiteta za notifikacije cisto da ne pise undefined, to ce svakako @[user_3] prilagodit u FE PR-u",73,19,26.027397260273972,0,645.2833333333333,7257.966666666666,2880.0,4407.833333333332
529,2881244501,2025-10-02T10:10:17Z,2025-10-07T10:05:16Z,2025-10-07T10:05:16Z,2025-10-07T10:05:18Z,2025-10-03T05:43:54Z,2025-10-02T10:10:17+00:00,[user_3],3,[user_3],7,[user_2]|[user_4]|[user]|[user_5]|[user_6]|[user_7]|[user_3],263,182,12,19,445,0,14,11,1,9,1,0,2025-10-03T05:34:09+00:00,2025-10-07T09:30:10+00:00,7,14022550 FE: (Real) Notifications,33,TypeScript,"Napravljene su ""realnije"" notifikacije tako da točno prikazuju što se dogodilo, za test, mergeajte https://github.com/[user]/[repo]/pull/528 i odkomentirajte uvjet iz komentara ispod. Napravljene su sljedeće promjene: - Kreirana formatNotificationTitle funkcija koja formatira naslov notifikacije ovisno o vrsti entiteta, padežu, rodu imenice itd... - Refactor NotificationItem komponente. Uklanjanje svih propova koji su se slali preko notification objekta iz parent komponente, sada samo proslijeđujemo cijeli notification objekt u NotificationItem (ovo je bilo potrebno zbog formatiranja naslova) - Definiranje propa “page“ i “dropdown“ za Notificationitem komponentu tako da naslov formatiramo dugo ili kratko ovisno o propu - Refactor processedHistory i renderCell funkcija za prikaz stare i nove vrijednosti u dugom formatu. Ovo je bilo potrebno jer ako je u notifikaciji promijenjeno samo jedno polje, napišemo što se točno promijenilo. Zato je bilo potrebno formatirati taj tekst ovdje kao i u Changes komponenti - Prilagođeni naslovi ovisno o radnji: kreiranju, ažuriranju, brisanju, jednoj promjeni, više promjena i promjeni ugovora (bilo koje datoteke)",1165,False,False,True,False,False,True,,1,"# Description

Napravljene su ""realnije"" notifikacije tako da točno prikazuju što se dogodilo, za test, mergeajte https://github.com/[user]/[repo]/pull/528 i odkomentirajte uvjet iz komentara ispod. Napravljene su sljedeće promjene:
- Kreirana formatNotificationTitle funkcija koja formatira naslov notifikacije ovisno o vrsti entiteta, padežu, rodu imenice itd...
- Refactor NotificationItem komponente. Uklanjanje svih propova koji su se slali preko notification objekta iz parent komponente, sada samo proslijeđujemo cijeli notification objekt u NotificationItem (ovo je bilo potrebno zbog formatiranja naslova)
- Definiranje propa “page“ i “dropdown“ za Notificationitem komponentu tako da naslov formatiramo dugo ili kratko ovisno o propu
- Refactor processedHistory i renderCell funkcija za prikaz stare i nove vrijednosti u dugom formatu. Ovo je bilo potrebno jer ako je u notifikaciji promijenjeno samo jedno polje, napišemo što se točno promijenilo. Zato je bilo potrebno formatirati taj tekst ovdje kao i u Changes komponenti
- Prilagođeni naslovi ovisno o radnji: kreiranju, ažuriranju, brisanju, jednoj promjeni, više promjena i promjeni ugovora (bilo koje datoteke)",158,144,91.13924050632912,0,1163.8666666666666,7159.883333333334,2880.0,4314.983333333333
530,2881343772,2025-10-02T10:46:57Z,2025-10-06T08:44:56Z,2025-10-06T08:44:56Z,2025-10-06T08:44:58Z,2025-10-02T11:45:23Z,2025-10-02T10:46:57+00:00,[user_2],2,[user_2],6,[user_2]|[user_4]|[user]|[user_6]|[user_7]|[user_3],113,111,16,7,224,0,8,6,1,4,1,0,2025-10-02T18:53:19+00:00,2025-10-03T09:07:20+00:00,6,FS: Fix referral source undefined,33,TypeScript,"Bug: Koristimo noUnknown a u event validatoru nije bia naveden createdAt kojeg gledamo za referralSource polje pa bi ga pribacilo u null Promjene: - fix buga - prebaceni noUnknown u validatore - alignanje svih validatora sa schemom (dodavanje polja koja su nedostajala) - cleanup validatora, hookova i metoda radi konzistentnosti",329,True,False,False,True,True,True,,0,"# Description

Bug: Koristimo noUnknown a u event validatoru nije bia naveden createdAt kojeg gledamo za referralSource polje pa bi ga pribacilo u null

Promjene:
- fix buga
- prebaceni noUnknown u validatore
- alignanje svih validatora sa schemom (dodavanje polja koja su nedostajala)
- cleanup validatora, hookova i metoda radi konzistentnosti",46,10,21.73913043478261,0,486.3666666666667,1340.3833333333332,2880.0,2757.983333333333
531,2883957373,2025-10-03T06:34:31Z,2025-10-06T19:59:43Z,2025-10-06T19:59:43Z,2025-10-06T19:59:45Z,,2025-10-03T06:34:31+00:00,[user_3],3,[user_3],6,[user_2]|[user_4]|[user]|[user_5]|[user_6]|[user_7],44,17,5,12,61,1,2,2,0,2,0,0,2025-10-03T10:14:09+00:00,,6,13966170 FE: Inventory migration basics,39,TypeScript,"Zakucani type na PRODUCT i group na INVENTORY. Prilagođeno slanje payloada, initial values, tipovi i validacija",111,False,False,True,False,False,True,,0,"# Description

Zakucani type na PRODUCT i group na INVENTORY. Prilagođeno slanje payloada, initial values, tipovi i validacija",16,16,100.0,0,219.63333333333333,,2880.0,2245.2000000000003
532,2884134896,2025-10-03T07:56:48Z,2025-10-06T09:45:13Z,2025-10-06T09:45:13Z,2025-10-06T09:45:16Z,2025-10-03T08:23:20Z,2025-10-03T07:56:48+00:00,[user_2],2,[user_2],6,[user_2]|[user_4]|[user]|[user_6]|[user_7]|[user_3],119,22,25,7,141,0,2,2,1,1,0,0,2025-10-03T08:55:33+00:00,2025-10-03T09:23:04+00:00,5,14067712 BE: Service changes,28,TypeScript,Na update usluge kreirana promjena Dodan endpoint za dobavljanje promjena odredene usluge Dodan canViewServiceChanges permission Cleanup UpdateService tipa Alignano i cleanupano di je tribalo,191,True,False,False,False,True,False,,0,"# Description

Na update usluge kreirana promjena
Dodan endpoint za dobavljanje promjena odredene usluge
Dodan canViewServiceChanges permission
Cleanup UpdateService tipa
Alignano i cleanupano di je tribalo",24,4,16.666666666666664,0,58.75,86.26666666666667,2880.0,1548.4166666666663
533,2884302655,2025-10-03T09:00:45Z,2025-10-06T10:42:26Z,2025-10-06T10:42:26Z,2025-10-06T10:42:28Z,,2025-10-03T09:00:45+00:00,[user_3],3,[user_3],6,[user_2]|[user_4]|[user]|[user_5]|[user_6]|[user_7],51,1,4,8,52,0,0,1,1,0,0,0,2025-10-03T10:23:25+00:00,2025-10-03T10:23:25+00:00,6,14067715 FE: Service changes,28,TypeScript,"Dodana povijest izmjena na FE, za test mergajte https://github.com/[user]/[repo]/pull/532 u ovaj branch. Napravljene su sljedeće izmjene: - Dodan botun za povijest izmjena na uslugama - Spojen odgovarajući endpoint i permisije - Dodana opcija za toggle CAN_VIEW_SERVICE_CHANGES permisije u UserForm",300,False,False,True,False,False,True,,0,"# Description

Dodana povijest izmjena na FE, za test mergajte https://github.com/[user]/[repo]/pull/532 u ovaj branch.
Napravljene su sljedeće izmjene:
- Dodan botun za povijest izmjena na uslugama
- Spojen odgovarajući endpoint i permisije
- Dodana opcija za toggle CAN_VIEW_SERVICE_CHANGES permisije u UserForm",42,36,85.71428571428571,0,82.66666666666667,82.66666666666667,2880.0,1541.6833333333334
534,2887118839,2025-10-04T11:38:45Z,2025-10-12T20:34:17Z,2025-10-12T20:34:17Z,2025-10-12T20:34:29Z,2025-10-12T20:33:57Z,2025-10-04T11:38:45+00:00,[user],[user_id],[user],0,,13121,6318,297,232,19439,0,0,0,0,0,0,0,,,0,release: 13-10-2025,19,TypeScript,"Release notes dokument: [Release_13102025.pdf](https://github.com/user-attachments/files/22874261/Release_13102025.pdf) # Checklist: - [ ] Self code review - [X] Self Q&A test - [ ] Tests for new or changed hooks, components, forms, and other objects - [ ] Mobile layout",270,False,False,False,False,False,False,,0,"# Description

Release notes dokument:
[Release_13102025.pdf](https://github.com/user-attachments/files/22874261/Release_13102025.pdf)

# Checklist:

- [ ] Self code review
- [X] Self Q&A test
- [ ] Tests for new or changed hooks, components, forms, and other objects
- [ ] Mobile layout",36,0,0.0,0,,,6295.533333333334,5760.0
535,2892955012,2025-10-07T07:34:38Z,2025-10-07T09:21:49Z,2025-10-07T09:21:49Z,2025-10-07T09:21:51Z,,2025-10-07T07:34:38+00:00,[user_2],2,[user_2],5,[user_4]|[user]|[user_6]|[user_7]|[user_3],1,3,1,1,4,0,0,1,1,0,0,0,2025-10-07T09:17:23+00:00,2025-10-07T09:17:23+00:00,5,14105416 FE (Bug): Prazno trajanje dogadaja,43,TypeScript,Kad bi eventDuration stavili na prazno bude prazan string i ternarni operator bi na BE posla originalnu vrijednost Napravia san samo da se salje ko i startTime,159,True,False,False,False,False,True,,0,"# Description

Kad bi eventDuration stavili na prazno bude prazan string i ternarni operator bi na BE posla originalnu vrijednost
Napravia san samo da se salje ko i startTime",27,7,25.925925925925924,0,102.75,102.75,0.0,107.18333333333332
536,2893472501,2025-10-07T10:28:36Z,2025-10-07T14:36:50Z,2025-10-07T14:36:50Z,2025-10-07T14:36:51Z,2025-10-07T10:45:59Z,2025-10-07T10:28:36+00:00,[user_2],2,[user_2],5,[user_4]|[user]|[user_6]|[user_7]|[user_3],4,6,1,4,10,2,0,1,1,0,0,0,2025-10-07T12:01:29+00:00,2025-10-07T12:01:29+00:00,5,BE (Bug): startDate edit,24,TypeScript,"Bug je bia s vremenskim zonama, kad bi npr stavili datum 09-09 on bi updatea u 08-09-22:00 na update metodi u event repozitoriju san stavia da se za datume stavlja ko sta se stavljalo za create za startDate",206,True,False,False,False,True,False,,0,"# Description

Bug je bia s vremenskim zonama, kad bi npr stavili datum 09-09 on bi updatea u 08-09-22:00
na update metodi u event repozitoriju san stavia da se za datume stavlja ko sta se stavljalo za create za startDate",42,11,26.190476190476193,0,92.88333333333333,92.88333333333333,0.0,248.23333333333335
537,2893612221,2025-10-07T11:16:05Z,2025-10-07T16:38:00Z,2025-10-07T16:38:00Z,2025-10-07T16:38:02Z,,2025-10-07T11:16:05+00:00,[user_3],3,[user_3],6,[user_2]|[user_4]|[user]|[user_5]|[user_6]|[user_7],5,19,2,1,24,1,0,1,1,0,0,0,2025-10-07T16:36:56+00:00,2025-10-07T16:36:56+00:00,6,14115456 FE: Status tooltip misalignment,40,TypeScript,"Popravljen misalignment tooltipa na status polju događaja. Napravljene su sljedeće izmjene: - Centriran tootlip na input polje dodavanjem position-relative na polje tako da je uvijek konzistentno - Prilagođene vrijednosti za width, left i bottom - Prilagođen mobilni prikaz - Počišćen kod",288,True,False,False,False,False,True,,2,"# Description

Popravljen misalignment tooltipa na status polju događaja. Napravljene su sljedeće izmjene:
- Centriran tootlip na input polje dodavanjem position-relative na polje tako da je uvijek konzistentno
- Prilagođene vrijednosti za width, left i bottom
- Prilagođen mobilni prikaz
- Počišćen kod",38,37,97.36842105263158,0,320.85,320.85,0.0,321.9166666666667
538,2896689433,2025-10-08T09:10:28Z,2025-10-08T09:29:28Z,2025-10-08T09:29:28Z,2025-10-08T09:29:29Z,,2025-10-08T09:10:28+00:00,[user_3],3,[user_3],1,[user],9,2,1,2,11,0,0,0,0,0,0,0,,,1,FE: Status tooltip icon change,30,TypeScript,Dodana nova tooltip ikona,25,True,False,False,False,False,True,,0,"# Description

Dodana nova tooltip ikona",4,0,0.0,0,,,18.999999999999996,-3.3306690738754696e-15
539,2896747852,2025-10-08T09:28:33Z,2025-10-11T10:02:22Z,2025-10-11T10:02:22Z,2025-10-11T10:02:24Z,,2025-10-08T09:28:33+00:00,[user_2],2,[user_2],6,[user_2]|[user_4]|[user]|[user_6]|[user_7]|[user_3],247,245,3,9,492,0,14,14,2,12,0,0,2025-10-09T12:21:56+00:00,2025-10-09T12:21:56+00:00,7,14111521 BE: Generator docx i xlsx cleanup,42,TypeScript,- pobrisane stvari koje se nisu koristile ni u excelici ni u wordu - pociscene metode za generiranje ponude - offer-data.utils.ts pociscen (ono sta je za servis prebaceno tamo) i premjesten u utils folder - bad request ako tip nije ni word ni excel - updateani templateovi: [template.docx](https://github.com/user-attachments/files/22763458/template.docx) [template.xlsx](https://github.com/user-attachments/files/22763459/template.xlsx),437,False,False,False,True,True,False,,0,"# Description

- pobrisane stvari koje se nisu koristile ni u excelici ni u wordu
- pociscene metode za generiranje ponude
- offer-data.utils.ts pociscen (ono sta je za servis prebaceno tamo) i premjesten u utils folder
- bad request ako tip nije ni word ni excel
- updateani templateovi:
[template.docx](https://github.com/user-attachments/files/22763458/template.docx)
[template.xlsx](https://github.com/user-attachments/files/22763459/template.xlsx)",67,8,11.940298507462686,1,1613.3833333333334,1613.3833333333334,1473.8166666666666,2880.0
540,2898515225,2025-10-08T19:29:47Z,2025-10-09T16:06:18Z,2025-10-09T16:06:18Z,2025-10-09T16:06:20Z,2025-10-08T19:52:58Z,2025-10-08T19:29:47+00:00,[user_3],3,[user_3],7,[user_2]|[user_4]|[user]|[user_5]|[user_6]|[user_7]|[user_3],351,53,16,7,404,0,6,5,1,4,0,0,2025-10-08T19:46:00+00:00,2025-10-09T16:04:54+00:00,7,13966176 FE: inventory migration implementation,47,TypeScript,"- Dodana .env varijabla VITE_FLAG_PRODUCTS - Dodan stupac group, renderanje, padajući izbornik, prilagođen kod prema VITE_FLAG_PRODUCTS varijabli - Ako je group === INVENTORY prikazuje se penaltyPrice, u ostalim slučajevima ne, prilagođen validator i ostatak koda - Dodana filter funkcionalnost, konkretno za group - Promijenjeni nazivi iz ""Inventar"" u ""Proizvodi"" - Promijenjen URL u /products samo na FE",405,False,False,True,False,False,True,,0,"# Description

- Dodana .env varijabla VITE_FLAG_PRODUCTS
- Dodan stupac group, renderanje, padajući izbornik, prilagođen kod prema VITE_FLAG_PRODUCTS varijabli
- Ako je group === INVENTORY prikazuje se penaltyPrice, u ostalim slučajevima ne, prilagođen validator i ostatak koda
- Dodana filter funkcionalnost, konkretno za group
- Promijenjeni nazivi iz ""Inventar"" u ""Proizvodi""
- Promijenjen URL u /products samo na FE",50,42,84.0,0,16.21666666666667,1235.1166666666666,180.0,1056.5166666666669
541,2900575628,2025-10-09T12:34:27Z,2025-10-09T20:01:06Z,2025-10-09T20:01:06Z,2025-10-09T20:01:08Z,2025-10-09T16:48:48Z,2025-10-09T12:34:27+00:00,[user_2],2,[user_2],5,[user_4]|[user]|[user_6]|[user_7]|[user_3],535,523,53,10,1058,0,0,1,1,0,0,0,2025-10-09T18:12:23+00:00,2025-10-09T18:12:23+00:00,5,13966184 BE: Inventory migration implementation,47,TypeScript,"- rename Inventory modula u Product - endpointovi prebaceni u /products - updateana schema za inventory -> product - migracijska skripta za inventory -> product - tipovi, konstante i validator za inventory -> product - pociscen naming po product module",252,False,False,True,False,True,False,,0,"# Description

- rename Inventory modula u Product
- endpointovi prebaceni u /products
- updateana schema za inventory -> product
- migracijska skripta za inventory -> product
- tipovi, konstante i validator za inventory -> product
- pociscen naming po product module",31,6,19.35483870967742,0,337.93333333333334,337.93333333333334,0.0,446.65
542,2901432095,2025-10-09T17:05:01Z,2025-10-10T14:41:32Z,2025-10-10T14:41:32Z,2025-10-10T14:41:33Z,,2025-10-09T17:05:01+00:00,[user_3],3,[user_3],6,[user_2]|[user_4]|[user]|[user_5]|[user_6]|[user_7],11,19,1,2,30,1,0,2,1,0,1,0,2025-10-10T08:06:04+00:00,2025-10-10T13:22:39+00:00,6,14024662 FE (Bug): Multievent listener,38,TypeScript,"Socket eventovi su se logirali više puta, ovo su uzroci: - useSocketEvent je koristio socket.onAny koji je hvatao sve evente bez obzira na prefiks - Višestruke registracije listenera su dodatno multiplicirale evente Za dijagnostiku sam šeta po projektu i istestira što svaki useSocketEvent radi, ispostavilo se da onAny poziva sve evente (uključujući one koje hook uopće ne sluša) Umjesto onAny sam stavio on koji sluša samo jedan, točno određeni event. Počistio sam ostatak za koji mislim da je višak, testira sam notifikacije i ostatak aplikacije koji se oslanja na useSocketEvent i nisam naletio na probleme. Svakako istestirajte pa javite ako naletite na problem.",667,True,False,False,False,False,True,,0,"# Description

Socket eventovi su se logirali više puta, ovo su uzroci:
- useSocketEvent je koristio socket.onAny koji je hvatao sve evente bez obzira na prefiks
- Višestruke registracije listenera su dodatno multiplicirale evente

Za dijagnostiku sam šeta po projektu i istestira što svaki useSocketEvent radi, ispostavilo se da onAny poziva sve evente (uključujući one koje hook uopće ne sluša)

Umjesto onAny sam stavio on koji sluša samo jedan, točno određeni event. Počistio sam ostatak za koji mislim da je višak, testira sam notifikacije i ostatak aplikacije koji se oslanja na useSocketEvent i nisam naletio na probleme. Svakako istestirajte pa javite ako naletite na problem.",102,92,90.19607843137256,0,901.05,1217.6333333333334,0.0,1296.5166666666669
543,2901489048,2025-10-09T17:25:05Z,2025-10-11T22:14:52Z,2025-10-11T22:14:52Z,2025-10-11T22:14:53Z,,2025-10-09T17:25:05+00:00,[user_7],7,[user],0,,1076,71,9,9,1147,0,0,0,0,0,0,0,,,3,13966192 fe badge component,27,TypeScript,- implementacija Badge komponente ( samo osnovno -> Basic Badge iz https://preview.tabler.io/badges.html ) - migracija Status komponente na novu Badge komponentu,161,False,True,False,False,False,True,,0,"# Description

- implementacija Badge komponente ( samo osnovno -> Basic Badge iz https://preview.tabler.io/badges.html )
- migracija Status komponente na novu Badge komponentu",21,2,9.523809523809524,0,,,1429.7833333333333,1740.0
544,2903298444,2025-10-10T09:47:00Z,2025-10-10T11:51:54Z,2025-10-10T11:51:54Z,2025-10-10T11:51:55Z,,2025-10-10T09:47:00+00:00,[user_3],3,[user_3],5,[user_2]|[user_4]|[user]|[user_6]|[user_7],205,207,37,2,412,0,1,1,1,0,0,0,2025-10-10T11:43:33+00:00,2025-10-10T11:43:33+00:00,5,13966188 FE: Inventory migration cleanup,40,TypeScript,"Izmijenjeni nazivi svih fajlova, komponenti, varijabli... iz ""Inventory"" u ""Products""",85,False,False,False,True,False,True,,0,"# Description

Izmijenjeni nazivi svih fajlova, komponenti, varijabli... iz ""Inventory"" u ""Products""",10,2,20.0,0,116.55,116.55,0.0,124.9
545,2903953190,2025-10-10T13:11:31Z,2025-10-11T22:26:41Z,2025-10-11T22:26:41Z,2025-10-11T22:26:42Z,,2025-10-10T13:11:31+00:00,[user_2],2,[user],5,[user_4]|[user]|[user_6]|[user_7]|[user_3],132,63,7,5,195,0,2,1,0,1,0,0,2025-10-11T16:53:32+00:00,,5,14179834 FE (Bug): Notification tekst boldanje,46,TypeScript,"notifikacije nisu bile najbolje boldane i product group i product type nisu bili mapirani da se ispisu na hrvatskom usput san pocistia malo notifications helper boldamo kljucne rijeci (kreiran, obrisan, azuriran itd., ime samog eventa/proizvoda/korisnika i ime polja koje se promijenilo) prije: poslije:",303,True,False,False,True,False,True,,2,"# Description

notifikacije nisu bile najbolje boldane i product group i product type nisu bili mapirani da se ispisu na hrvatskom
usput san pocistia malo notifications helper
boldamo kljucne rijeci (kreiran, obrisan, azuriran itd., ime samog eventa/proizvoda/korisnika i ime polja koje se promijenilo)
prije:

poslije:",45,6,13.333333333333334,0,1662.0166666666664,,1455.1666666666663,540.0000000000002
546,2906306479,2025-10-11T09:23:25Z,2025-10-13T10:51:34Z,2025-10-13T10:51:34Z,2025-10-13T10:51:36Z,2025-10-13T07:05:31Z,2025-10-11T09:23:25+00:00,[user_3],3,[user_3],6,[user_2]|[user_4]|[user]|[user_6]|[user_7]|[user_3],156,66,8,2,222,0,2,2,1,1,0,0,2025-10-13T08:15:36+00:00,2025-10-13T08:15:36+00:00,5,14183448 FE: TableHeader komponenta,35,TypeScript,- Kreirana TableHeader komponenta koja prima columns. - Kreiran Cell[] tip za columns - Vrijednosti su hardkodirane privremeno (do kreiranja Table komponente),158,False,False,False,True,False,True,,0,"# Description

- Kreirana TableHeader komponenta koja prima columns.
- Kreiran Cell[] tip za columns
- Vrijednosti su hardkodirane privremeno (do kreiranja Table komponente)",19,4,21.052631578947366,0,2812.1833333333334,2812.1833333333334,2220.0,748.15
547,2906372217,2025-10-11T10:20:15Z,2025-10-14T12:58:44Z,2025-10-14T12:58:44Z,2025-10-14T12:58:47Z,2025-10-13T07:17:58Z,2025-10-11T10:20:15+00:00,[user_3],3,[user_3],5,[user_2]|[user_4]|[user]|[user_6]|[user_7],201,134,6,10,335,1,3,4,1,3,0,0,2025-10-13T12:48:09+00:00,2025-10-13T12:48:09+00:00,5,14183453 FE: TableRow komponenta,32,TypeScript,"- Kreirana TableHeader komponenta koja prima columns. - Postojeći deleted, style zamijenjeni className implementacijom - Vrijednosti su hardkodirane privremeno (do kreiranja Table komponente)",191,False,False,False,True,False,True,,0,"# Description

- Kreirana TableHeader komponenta koja prima columns.
- Postojeći deleted, style zamijenjeni className implementacijom
- Vrijednosti su hardkodirane privremeno (do kreiranja Table komponente)",20,20,100.0,0,3027.9,3027.9,2160.0,2318.483333333333
548,2906440664,2025-10-11T11:23:13Z,2025-10-14T14:17:15Z,2025-10-14T14:17:15Z,2025-10-14T14:17:17Z,2025-10-13T10:45:16Z,2025-10-11T11:23:13+00:00,[user_3],3,[user_3],6,[user_2]|[user_4]|[user]|[user_6]|[user_7]|[user_3],573,1361,18,14,1934,0,8,8,1,7,0,0,2025-10-13T09:25:02+00:00,2025-10-13T13:03:52+00:00,5,14183458 FE: Table komponenta,29,TypeScript,"- Kreirana Table komponenta - Izbrisan react-virtuoso paket - Prebačene TableHeader i TableRow komponente u Table komponentu - Popravljen test za EventsTable komponentu nakon brisanja react-virtuoso paketa (bacite oko na komentar ispod) - Dodani testovi za Table, TableRow i TableHeader komponentu",297,False,False,False,True,False,True,,0,"# Description

- Kreirana Table komponenta
- Izbrisan react-virtuoso paket
- Prebačene TableHeader i TableRow komponente u Table komponentu
- Popravljen test za EventsTable komponentu nakon brisanja react-virtuoso paketa (bacite oko na komentar ispod)
- Dodani testovi za Table, TableRow i TableHeader komponentu",38,36,94.73684210526316,0,2761.8166666666666,2980.65,2100.0,2394.033333333333
549,2907401219,2025-10-12T08:56:50Z,2025-10-12T08:57:04Z,2025-10-12T08:57:04Z,2025-10-12T08:57:05Z,2025-10-12T08:56:57Z,2025-10-12T08:56:50+00:00,[user],[user_id],[user],1,[user_4],217,375,12,4,592,0,0,0,0,0,0,0,,,1,chore: products flag cleanup,28,TypeScript,,0,True,False,False,False,False,False,TASK_ID,0,,0,0,0.0,0,,,0.2333333333333279,-5.334274688628681e-15
550,2912423674,2025-10-14T06:23:20Z,2025-10-15T05:58:56Z,2025-10-15T05:58:56Z,2025-10-15T05:58:58Z,,2025-10-14T06:23:20+00:00,[user_2],2,[user_2],5,[user_4]|[user]|[user_6]|[user_7]|[user_3],34,9,6,2,43,0,0,2,2,0,0,0,2025-10-14T10:50:07+00:00,2025-10-14T10:50:07+00:00,5,14211831 FS: Rename product type value,38,TypeScript,"preimenovan tip proizvoda Product u Good dodana migracijska skripta (proizvodi tipa Product -> Good, promjene tipa proizvoda Product -> Good) ispis u notifikaciji proizvod -> roba",179,False,False,False,True,True,True,,0,"# Description

preimenovan tip proizvoda Product u Good
dodana migracijska skripta (proizvodi tipa Product -> Good, promjene tipa proizvoda Product -> Good)
ispis u notifikaciji proizvod -> roba",23,2,8.695652173913043,0,266.7833333333333,266.7833333333333,0.0,1415.6
551,2912518570,2025-10-14T07:06:43Z,2025-10-15T05:58:43Z,2025-10-15T05:58:43Z,2025-10-15T05:58:45Z,2025-10-14T07:16:39Z,2025-10-14T07:06:43+00:00,[user_2],2,[user_2],5,[user_4]|[user]|[user_6]|[user_7]|[user_3],77,49,11,2,126,0,0,3,3,0,0,0,2025-10-14T09:58:48+00:00,2025-10-14T09:58:48+00:00,5,14205339 BE: Interni status,27,TypeScript,"- sentToProduction -> internalStatus - dodana migracijska skripta (ako je sentToProduction bia TRUE internalStatus mu je ""Proizvodnja"", a ako je false onda ""Prodaja"") - zakucavamo zasad na UNKNOWN (FE PR ce maknit ovo i zapravo slat internalStatus kroz formu) - dodan InternalStatus enum sa nekim privremenim vrijednostima (prave/tocne cemo dobit uskoro) - azuriran validator i Event tipovi",390,False,False,True,False,True,False,,0,"# Description

- sentToProduction -> internalStatus
- dodana migracijska skripta (ako je sentToProduction bia TRUE internalStatus mu je ""Proizvodnja"", a ako je false onda ""Prodaja"")
- zakucavamo zasad na UNKNOWN (FE PR ce maknit ovo i zapravo slat internalStatus kroz formu)
- dodan InternalStatus enum sa nekim privremenim vrijednostima (prave/tocne cemo dobit uskoro)
- azuriran validator i Event tipovi",52,8,15.384615384615383,0,172.08333333333331,172.08333333333331,0.0,1372.0
552,2913299306,2025-10-14T11:37:01Z,2025-10-15T09:32:48Z,2025-10-15T09:32:48Z,2025-10-15T09:32:50Z,2025-10-14T11:39:50Z,2025-10-14T11:37:01+00:00,[user_2],2,[user_2],5,[user_4]|[user]|[user_6]|[user_7]|[user_3],22,1,1,2,23,0,0,1,1,0,0,0,2025-10-15T09:27:13+00:00,2025-10-15T09:27:13+00:00,5,14211868 BE: Sortiranje bulk događaja,37,TypeScript,u excelici za događaje istog datuma sortirano po vremenu početka,64,False,False,True,False,True,False,,0,"# Description

u excelici za događaje istog datuma sortirano po vremenu početka",10,9,90.0,3,1310.1999999999998,1310.1999999999998,0.0,1315.7833333333333
553,2913432476,2025-10-14T12:17:58Z,2025-10-27T10:46:54Z,2025-10-27T10:46:54Z,2025-10-27T10:46:56Z,2025-10-27T10:37:14Z,2025-10-14T12:17:58+00:00,[user_2],2,[user_2],5,[user_4]|[user]|[user_6]|[user_7]|[user_3],10,6,2,25,16,0,1,2,1,1,0,0,2025-10-18T09:49:16+00:00,2025-10-27T10:45:04+00:00,5,14199680 BE: Status otkazano,28,TypeScript,dodan status otkazano u event status i ažuriran validator da je razlog odbijanja obavezan i kad je status OTKAZANO nisan u validator dodava logiku zabrane statusa otkazano prema flagu u envu jer ako je u api/.env odvojeni paket mu nemoze pristupit a dodavat env u validator zbog ovoga mi se parilo nepotrebno na FE ce svakako bit flag prema kojem cemo (ne)prikazivat u izborniku opciju OTKAZANO,394,False,False,True,False,True,False,,0,"# Description

dodan status otkazano u event status i ažuriran validator da je razlog odbijanja obavezan i kad je status OTKAZANO
nisan u validator dodava logiku zabrane statusa otkazano prema flagu u envu jer ako je u api/.env odvojeni paket mu nemoze pristupit a dodavat env u validator zbog ovoga mi se parilo nepotrebno
na FE ce svakako bit flag prema kojem cemo (ne)prikazivat u izborniku opciju OTKAZANO",68,55,80.88235294117648,0,5611.299999999999,18627.1,5820.0,12808.933333333334
554,2914055260,2025-10-14T15:07:52Z,2025-10-16T07:04:47Z,2025-10-16T07:04:47Z,2025-10-16T07:04:49Z,2025-10-14T15:14:52Z,2025-10-14T15:07:52+00:00,[user_2],2,[user_2],5,[user_4]|[user]|[user_6]|[user_7]|[user_3],9,24,1,2,33,0,0,3,3,0,0,0,2025-10-15T09:38:38+00:00,2025-10-15T09:38:38+00:00,5,BE: Excel update,16,TypeScript,promjene na excelici: - maknuto polje meniji - kontakt osobe na terenu -> kuhinja primjetia san da ne koristimo locationDescription u excelici pa san maka i to updateani excel template: [template.xlsx](https://github.com/user-attachments/files/22907776/template.xlsx),267,False,False,False,True,True,False,,0,"# Description

promjene na excelici:
- maknuto polje meniji
- kontakt osobe na terenu -> kuhinja

primjetia san da ne koristimo locationDescription u excelici pa san maka i to

updateani excel template:
[template.xlsx](https://github.com/user-attachments/files/22907776/template.xlsx)",38,7,18.421052631578945,0,1110.7666666666664,1110.7666666666664,0.0,2396.916666666667
555,2915938736,2025-10-15T06:15:55Z,2025-10-15T06:23:23Z,2025-10-15T06:23:23Z,2025-10-15T06:23:24Z,,2025-10-15T06:15:55+00:00,[user_2],2,[user_2],0,,8,6,1,1,14,0,0,0,0,0,0,0,,,0,Quickfix: Product type migration,32,TypeScript,,0,True,False,False,False,True,False,TASK_ID,0,,0,0,0.0,0,,,0.0,7.466666666666664
556,2916074312,2025-10-15T07:06:56Z,2025-10-15T10:38:43Z,2025-10-15T10:38:43Z,2025-10-15T10:38:45Z,,2025-10-15T07:06:56+00:00,[user_2],2,[user_2],5,[user_4]|[user]|[user_6]|[user_7]|[user_3],4,4,1,2,8,0,1,1,1,0,0,0,2025-10-15T09:55:47+00:00,2025-10-15T09:55:47+00:00,5,FE: Update event form labels,28,TypeScript,"promjenjene labele u event formi: - “Opis događaja” -> “Opis događaja / narudžbe” - “Opis narudžbe” -> “Napomene” - sakriveno polje “Procijenjena vrijednost narudžbe""",166,False,False,True,False,False,True,,0,"# Description

promjenjene labele u event formi:
- “Opis događaja” -> “Opis događaja / narudžbe”
- “Opis narudžbe” -> “Napomene”
- sakriveno polje “Procijenjena vrijednost narudžbe""",18,18,100.0,0,168.85,168.85,0.0,211.78333333333336
557,2916899037,2025-10-15T11:20:31Z,2025-10-16T20:25:10Z,2025-10-16T20:25:10Z,2025-10-16T20:25:12Z,,2025-10-15T11:20:31+00:00,[user_3],3,[user_3],6,[user_2]|[user_4]|[user]|[user_6]|[user_7]|[user_3],132,38,7,4,170,2,4,5,2,3,0,0,2025-10-15T11:28:54+00:00,2025-10-15T11:57:22+00:00,5,14205346 FE: Interni status,27,TypeScript,"Dodano polje ""Dodijeljeno"" u formi događaja. Napravljene su sljedeće izmjene: - Dodan padajući izbornik ""Dodijeljeno"" u formi događaja sa opcijama enuma InternalStatus - Dodane potrebne mape/konstante za InternalStatus - Maknuto zakucavanje na Nepoznato na BE - Dodano filtriranje za polje ""Dodijeljeno"" - Prilagođen kod za filtriranje",335,False,False,True,False,False,True,,0,"# Description

Dodano polje ""Dodijeljeno"" u formi događaja. Napravljene su sljedeće izmjene:
- Dodan padajući izbornik ""Dodijeljeno"" u formi događaja sa opcijama enuma InternalStatus
- Dodane potrebne mape/konstante za InternalStatus
- Maknuto zakucavanje na Nepoznato na BE
- Dodano filtriranje za polje ""Dodijeljeno""
- Prilagođen kod za filtriranje",42,40,95.23809523809524,0,8.383333333333331,36.85,0.0,1984.65
558,2917117119,2025-10-15T12:31:05Z,2025-10-16T20:45:47Z,2025-10-16T20:45:47Z,2025-10-16T20:45:48Z,,2025-10-15T12:31:05+00:00,[user_3],3,[user_3],6,[user_2]|[user_4]|[user]|[user_6]|[user_7]|[user_3],148,27,7,2,175,0,3,5,2,3,0,0,2025-10-16T08:03:04+00:00,2025-10-16T08:03:04+00:00,5,"14211846 FE: Dodavanje polja ""grupe""",36,TypeScript,"Dodano je novo polje ""Grupa"" tj. ""Vrsta"" (nisam skužia imenovanje pa lako promijenim). Napravljene su sljedeće izmjene: - Dodano novo polje u formi - Maknuta hardkodirana vrijednost - Dodana Badge komponenta za boje u tablici - Dodan filter za novo polje - Refaktoran kod za filtere",282,False,False,True,False,False,True,,0,"# Description

Dodano je novo polje ""Grupa"" tj. ""Vrsta"" (nisam skužia imenovanje pa lako promijenim). Napravljene su sljedeće izmjene:
- Dodano novo polje u formi
- Maknuta hardkodirana vrijednost
- Dodana Badge komponenta za boje u tablici
- Dodan filter za novo polje
- Refaktoran kod za filtere",41,39,95.1219512195122,0,1171.9833333333331,1171.9833333333331,0.0,1934.7
559,2919925089,2025-10-16T09:16:51Z,2025-10-16T13:58:32Z,2025-10-16T13:58:32Z,2025-10-16T13:58:34Z,2025-10-16T09:29:09Z,2025-10-16T09:16:51+00:00,[user_2],2,[user_2],6,[user_2]|[user_4]|[user]|[user_6]|[user_7]|[user_3],162,54,15,6,216,0,2,3,1,2,0,0,2025-10-16T12:06:07+00:00,2025-10-16T12:34:27+00:00,5,14216265 BE: Klijent,20,TypeScript,"prosirivanje user modela jer cemo dodavat i klijente kao korisnike promjene u schemi: - dodan enum UserType - dodano obavezno polje “type” vrijednosti enuma UserType - dodana opcionalna polja companyName, companyTaxNumber, phone - password je sada opcionalan (klijenti nece imati lozinke) dodana migracijska skripta (svim postojećim korisnicima tip zakucan u EMPLOYEE) ažurirani user tipovi u user.repository dodano u selectovima novo dodana polja ažuriran validator",466,False,True,False,False,True,False,,0,"# Description

prosirivanje user modela jer cemo dodavat i klijente kao korisnike

promjene u schemi:
- dodan enum UserType
- dodano obavezno polje “type” vrijednosti enuma UserType
- dodana opcionalna polja companyName, companyTaxNumber, phone
- password je sada opcionalan (klijenti nece imati lozinke)

dodana migracijska skripta (svim postojećim korisnicima tip zakucan u EMPLOYEE)
ažurirani user tipovi
u user.repository dodano u selectovima novo dodana polja
ažuriran validator",61,55,90.1639344262295,0,169.26666666666668,197.6,0.0,281.68333333333334
560,2920121098,2025-10-16T10:23:33Z,2025-10-20T12:25:45Z,2025-10-20T12:25:45Z,2025-10-20T12:25:47Z,2025-10-16T14:04:37Z,2025-10-16T10:23:33+00:00,[user_2],2,[user_2],5,[user_4]|[user]|[user_6]|[user_7]|[user_3],313,142,35,23,455,1,3,3,2,1,0,0,2025-10-17T09:46:53+00:00,2025-10-17T09:46:53+00:00,6,14216375 FS: Zaposlenici,24,TypeScript,odvajanje zaposlenika i klijenata: - prosiren postojeci getAll endpoint sa query parametrom “type” - proširen useFetchUsers tako da prima tip i dodaje ga kao query parametar ako je tip priložen - na stranici korisnici dohvaćamo korisnike tipa EMPLOYEE preimenovano: - ruta /users → /employees - page Users → Employees - useUserForm → useEmployeeForm - page UserCreate → EmployeeCreate - page UserEdit → EmployeeEdit - komponenta UserForm → EmployeeForm dodana migracijska skripta za prebacivanje entityType polja iz Change i Notification tablica iz USER u EMPLOYEE ažurirane promjene i notifikacije,598,False,True,False,False,True,True,,0,"# Description

odvajanje zaposlenika i klijenata:
- prosiren postojeci getAll endpoint sa query parametrom “type”
- proširen useFetchUsers tako da prima tip i dodaje ga kao query parametar ako je tip priložen
- na stranici korisnici dohvaćamo korisnike tipa EMPLOYEE

preimenovano:
- ruta /users → /employees
- page Users → Employees
- useUserForm → useEmployeeForm
- page UserCreate → EmployeeCreate
- page UserEdit → EmployeeEdit
- komponenta UserForm → EmployeeForm

dodana migracijska skripta za prebacivanje entityType polja iz Change i Notification tablica iz USER u EMPLOYEE
ažurirane promjene i notifikacije",73,61,83.56164383561644,0,1403.3333333333333,1403.3333333333333,2880.0,3002.2
561,2920792259,2025-10-16T13:53:58Z,2025-10-17T09:59:53Z,2025-10-17T09:59:52Z,2025-10-17T09:59:54Z,,2025-10-16T13:53:58+00:00,[user_2],2,[user_2],5,[user_4]|[user]|[user_6]|[user_7]|[user_3],1,1,1,1,2,0,0,2,2,0,0,0,2025-10-17T09:50:34+00:00,2025-10-17T09:50:34+00:00,5,BE: Excel font,14,TypeScript,za sve celije stavljen font Arial velicine 10,45,False,False,True,False,True,False,,0,"# Description

za sve celije stavljen font Arial velicine 10",8,1,12.5,0,1196.6,1196.6,0.0,1205.9
562,2922172443,2025-10-16T21:19:40Z,2025-10-17T11:05:04Z,2025-10-17T11:05:04Z,2025-10-17T11:05:06Z,,2025-10-16T21:19:40+00:00,[user_3],3,[user_3],5,[user_2]|[user_4]|[user]|[user_6]|[user_7],11,1,1,1,12,0,0,2,2,0,0,0,2025-10-17T08:50:53+00:00,2025-10-17T08:50:53+00:00,5,14223154 FE: označavanje događaja poslanog na obradu,52,TypeScript,"Dodan novi stupac ""Dodijeljeno"" u tablici događaja",50,False,False,True,False,False,True,,1,"# Description

Dodan novi stupac ""Dodijeljeno"" u tablici događaja",7,7,100.0,5,691.2166666666667,691.2166666666667,0.0,825.4
563,2923992281,2025-10-17T11:04:03Z,2025-10-21T12:46:01Z,2025-10-21T12:46:01Z,2025-10-21T12:46:03Z,,2025-10-17T11:04:03+00:00,[user_3],3,[user_3],5,[user_2]|[user_4]|[user]|[user_6]|[user_7],41,14,1,2,55,2,0,3,2,1,0,0,2025-10-18T09:42:35+00:00,2025-10-20T07:13:02+00:00,5,"14188971 FE: Optional polje ""Opis lokacije""",43,TypeScript,"Dodan je checkbox ""Prikaži opis lokacije"". Kad je checkiran otvori se polje opis lokacije i u formi i u readOnly modu. Prilagođen css preko klasa da checkbox izgleda pristojno. Dodan novi state hook koji prati checkbox i na temelju njega prikazuje textarea za opis lokacije.",274,False,False,True,False,False,True,,0,"# Description

Dodan je checkbox ""Prikaži opis lokacije"". Kad je checkiran otvori se polje opis lokacije i u formi i u readOnly modu. Prilagođen css preko klasa da checkbox izgleda pristojno. Dodan novi state hook koji prati checkbox i na temelju njega prikazuje textarea za opis lokacije.",45,42,93.33333333333331,0,1358.5333333333333,4088.9833333333336,2880.0,2981.9666666666662
564,2924066943,2025-10-17T11:25:23Z,2025-10-18T15:09:59Z,2025-10-18T15:09:59Z,2025-10-18T15:10:00Z,,2025-10-17T11:25:23+00:00,[user_3],3,[user_3],5,[user_2]|[user_4]|[user]|[user_6]|[user_7],2,2,1,1,4,0,0,1,1,0,0,0,2025-10-18T09:43:11+00:00,2025-10-18T09:43:11+00:00,5,14041354 FE: No toast on user update,36,TypeScript,"Maka sam context.toastId, mislim da smo ga prije koristili za uklanjanje toasta pa zaboravili maknit",100,True,False,False,False,False,True,,0,"# Description

Maka sam context.toastId, mislim da smo ga prije koristili za uklanjanje toasta pa zaboravili maknit",16,5,31.25,0,1337.8,1337.8,1004.6,660.0
565,2924255216,2025-10-17T12:17:23Z,2025-10-21T12:11:06Z,2025-10-21T12:11:05Z,2025-10-21T12:11:07Z,,2025-10-17T12:17:23+00:00,[user_3],3,[user_3],5,[user_2]|[user_4]|[user]|[user_6]|[user_7],15,0,1,2,15,1,0,3,2,1,0,0,2025-10-18T09:43:43+00:00,2025-10-20T07:08:09+00:00,5,14279698 FE: Internal status notification map,45,TypeScript,"Dodano mapiranje ""internalStatus"" polja u processedHistory funkciji.",68,True,False,False,False,False,True,,0,"# Description

Dodano mapiranje ""internalStatus"" polja u processedHistory funkciji.",7,1,14.285714285714285,0,1286.3333333333337,4010.766666666667,2880.0,2873.7000000000003
566,2928891319,2025-10-20T07:34:10Z,2025-10-21T14:39:43Z,2025-10-21T14:39:43Z,2025-10-21T14:39:46Z,,2025-10-20T07:34:10+00:00,[user_3],3,[user_3],6,[user_2]|[user_4]|[user]|[user_6]|[user_7]|[user_3],350,77,13,6,427,2,6,9,4,5,0,0,2025-10-20T07:35:02+00:00,2025-10-20T08:02:20+00:00,5,14268042 FS: notifications filter,33,TypeScript,"Dodano je filtriranje notifikacija tako da je kreirana postavka ""Samo sistemske notifikacija"" koja je uključena po defaultu. Originalno sam napravia da se filtrira dropdown, notifications page, i ne pokazuje toast ako su u pitanju sistemske notifikacije međutim poslije sam došao do informacije da filtriramo samo na page-u pa sam ostavio samo na page-u. Napravljene su sljedeće promjene: - Dodana NotificationsFilter komponenta po uzoru na ostale filter komponente - Prilagođeno filtriranje notifikacija tako da s FE šaljemo ""systemOnly"" param - Dodano BE filtriranje pomoću ""systemOnly"" parama - U badge-u u notifikacijama dodan broj sistemskih notifikacija - U dropdownu i dalje vidimo zadnjih 5 notifikacija bez obzira na pošiljatelja",738,False,False,True,False,True,True,,0,"# Description

Dodano je filtriranje notifikacija tako da je kreirana postavka ""Samo sistemske notifikacija"" koja je uključena po defaultu. Originalno sam napravia da se filtrira dropdown, notifications page, i ne pokazuje toast ako su u pitanju sistemske notifikacije međutim poslije sam došao do informacije da filtriramo samo na page-u pa sam ostavio samo na page-u. Napravljene su sljedeće promjene:
- Dodana NotificationsFilter komponenta po uzoru na ostale filter komponente
- Prilagođeno filtriranje notifikacija tako da s FE šaljemo ""systemOnly"" param
- Dodano BE filtriranje pomoću ""systemOnly"" parama
- U badge-u u notifikacijama dodan broj sistemskih notifikacija
- U dropdownu i dalje vidimo zadnjih 5 notifikacija bez obzira na pošiljatelja",105,94,89.52380952380953,0,0.866666666666664,28.166666666666664,0.0,1865.55
567,2929191226,2025-10-20T09:30:23Z,2025-10-28T10:22:26Z,2025-10-28T10:22:26Z,2025-10-28T10:22:28Z,2025-10-22T11:19:03Z,2025-10-20T09:30:23+00:00,[user_2],2,[user_2],6,[user_2]|[user_4]|[user]|[user_6]|[user_7]|[user_3],1059,478,40,53,1537,0,31,14,1,13,0,0,2025-10-22T11:24:56+00:00,2025-10-25T15:50:04+00:00,8,14216549 FS: Migracija client podataka,38,TypeScript,"promjene strukture: - client polja iz event tablice prebacena u User tablicu - dodana relacija Client u Event tablicu umjesto svih client polja - lozinka i email opcionalni u User tablici (klijenti nece imati lozinke a dosada ni email klijenta nije bia obavezan kad bi se upisiva u eventu) dodana migracijska skripta: - migrirani client podaci iz eventa u svoju user tablicu na nacin da se kreiraju klijenti u User tablici - izbjegavamo duplikate po emailu, ako su dva eventa imali clientEmail isti kreirace se jedan klijent i oba eventa pridruziti njegov clientId - migrirane event promjene tako da client polja se prebace u zasebne promjene klijenta mapiranje imena klijenta u event promjenama (potrebno za slucaj kada se eventu promjeni clientId pa da se dohvati taj klijent i ispise njegovo ime a ne ID, isto ko sta smo radili za service) updateani tipovi flow kreiranja eventa (triba smislit bolji nacin i najvjerojatnije odvojit klijent i event formu): - kreiranjem eventa se poziva upsert klijenta(ako je popunjen klijentov email u event formi provjeravamo da li vec postoji da ne radimo duplikate, ako postoji koristimo njega, ako ne postoji kreiramo novog klijenta) - prilikom promjene eventa mozemo klijentove podatke mijenjati, gledamo email kao identifikator - ako kroz event formu mijenjamo podatke klijenta sa emailom npr: [ivo@unist.hr](mailto:ivo@unist.hr) azurirat cemo tog klijenta i na svim ostalim eventovima gdje je taj klijent - kada prebacimo klijentov email u event formi iz npr: [ivo@unist.hr](mailto:ivo@unist.hr) u [maja@unist.hr](mailto:maja@unist.hr) ako postoji dohvacamo vec postojeceg klijenta, ako ne postoji kreiramo novog sa tim mailom (ne updateamo [ivo@unist.hr](mailto:ivo@unist.hr)) - ako mijenjamo kroz event formu klijenta bez emaila updateamo tocno njega (ne kreiramo novog) updateani raw queriji kako je u formi puno ime klijenta a u tablici imamo odvojeno ime i prezime spaja sam ime i prezime (nebi bilo lose u formi odvojit ime i prezime) u event formi je bia problem sa klijent poljima jer su atributi objekta pa san poravna to samo za formu da se koristi ko da su polja samog eventa pa se na submit salje u pravilnom obliku updateani validatori tldr: opci kaos, treba bolje smislit sta i kako sa klijentom u event formi, ovako imamo prakticki 2 forme u jednoj a svaka radi zasebnu stvar",2334,False,True,False,False,True,True,,0,"# Description

promjene strukture:
- client polja iz event tablice prebacena u User tablicu
- dodana relacija Client u Event tablicu umjesto svih client polja
- lozinka i email opcionalni u User tablici (klijenti nece imati lozinke a dosada ni email klijenta nije bia obavezan kad bi se upisiva u eventu)

dodana migracijska skripta: 
- migrirani client podaci iz eventa u svoju user tablicu na nacin da se kreiraju klijenti u User tablici 
- izbjegavamo duplikate po emailu, ako su dva eventa imali clientEmail isti kreirace se jedan klijent i oba eventa pridruziti njegov clientId
- migrirane event promjene tako da client polja se prebace u zasebne promjene klijenta

mapiranje imena klijenta u event promjenama (potrebno za slucaj kada se eventu promjeni clientId pa da se dohvati taj klijent i ispise njegovo ime a ne ID, isto ko sta smo radili za service)

updateani tipovi

flow kreiranja eventa (triba smislit bolji nacin i najvjerojatnije odvojit klijent i event formu):
- kreiranjem eventa se poziva upsert klijenta(ako je popunjen klijentov email u event formi provjeravamo da li vec postoji da ne radimo duplikate, ako postoji koristimo njega, ako ne postoji kreiramo novog klijenta)
- prilikom promjene eventa mozemo klijentove podatke mijenjati, gledamo email kao identifikator
- ako kroz event formu mijenjamo podatke klijenta sa emailom npr: [ivo@unist.hr](mailto:ivo@unist.hr) azurirat cemo tog klijenta i na svim ostalim eventovima gdje je taj klijent
- kada prebacimo klijentov email u event formi iz npr: [ivo@unist.hr](mailto:ivo@unist.hr) u [maja@unist.hr](mailto:maja@unist.hr) ako postoji dohvacamo vec postojeceg klijenta, ako ne postoji kreiramo novog sa tim mailom (ne updateamo [ivo@unist.hr](mailto:ivo@unist.hr))
- ako mijenjamo kroz event formu klijenta bez emaila updateamo tocno njega (ne kreiramo novog)

updateani raw queriji

kako je u formi puno ime klijenta a u tablici imamo odvojeno ime i prezime spaja sam ime i prezime (nebi bilo lose u formi odvojit ime i prezime)

u event formi je bia problem sa klijent poljima jer su atributi objekta pa san poravna to samo za formu da se koristi ko da su polja samog eventa pa se na submit salje u pravilnom obliku

updateani validatori

tldr: opci kaos, treba bolje smislit sta i kako sa klijentom u event formi, ovako imamo prakticki 2 forme u jednoj a svaka radi zasebnu stvar",383,67,17.4934725848564,0,2994.5499999999997,7579.683333333334,2940.0,8632.050000000001
568,2929953142,2025-10-20T14:01:43Z,2025-10-24T15:21:16Z,2025-10-24T15:21:16Z,2025-10-24T15:21:18Z,2025-10-21T13:48:31Z,2025-10-20T14:01:43+00:00,[user_3],3,[user_3],5,[user_2]|[user_4]|[user]|[user_6]|[user_7],361,16,15,11,377,0,2,1,1,0,0,0,2025-10-22T08:14:04+00:00,2025-10-22T08:14:04+00:00,5,14216309 FE: Izmjena lozinke,28,TypeScript,"Napravljena je nova, neovisna i generička forma za izmjenu lozinke. ID i lozinka se šalju na postojeći PATCH endpoint. Napravljene su sljedeće izmjene: - Maknuta polja lozinke na editu - Ažuriran FormUserType i user forma da je pogodna za kreiranje i uređivanje zaposlenika - Dodana zasebna validacija za restart lozinke - Dodana nova stavka u dropdown zaposlenika i pokraj gumba ""Uredi"" na pregledu zaposlenika - Dodana change-password podruta /dashboard ruti",460,False,False,True,False,False,True,,3,"# Description

Napravljena je nova, neovisna i generička forma za izmjenu lozinke. ID i lozinka se šalju na postojeći PATCH endpoint. Napravljene su sljedeće izmjene:
- Maknuta polja lozinke na editu
- Ažuriran FormUserType i user forma da je pogodna za kreiranje i uređivanje zaposlenika
- Dodana zasebna validacija za restart lozinke
- Dodana nova stavka u dropdown zaposlenika i pokraj gumba ""Uredi"" na pregledu zaposlenika
- Dodana change-password podruta /dashboard ruti",66,62,93.93939393939394,0,2532.35,2532.35,0.0,5839.55
569,2930134539,2025-10-20T14:55:53Z,2025-10-30T15:14:33Z,2025-10-30T15:14:33Z,2025-10-30T15:14:36Z,,2025-10-20T14:55:53+00:00,[user_7],7,[user_7],1,[user],23,0,4,3,23,0,3,4,1,3,0,0,2025-10-20T20:18:17+00:00,2025-10-20T20:18:27+00:00,1,13966236-fe-google-analytics,28,TypeScript,"Dodan i inicializiran react-ga4 paket, kreiran i aktiviran custom hook za automatsko pracenje svih promjena ruta u aplikaciji",125,False,True,False,False,False,True,,0,"# Description

Dodan i inicializiran react-ga4 paket, kreiran i aktiviran custom hook za automatsko pracenje svih promjena ruta u aplikaciji",19,4,21.052631578947366,0,322.4,322.56666666666666,2940.0,11478.666666666666
570,2933783205,2025-10-21T15:07:35Z,2025-10-21T15:16:12Z,2025-10-21T15:16:11Z,2025-10-22T10:44:08Z,,2025-10-21T15:07:35+00:00,[user_3],3,[user_3],1,[user],1,1,1,1,2,0,0,0,0,0,0,0,,,1,14301595 FE: Meni narudžbe i procijenjena vrijednost narudžbe,61,TypeScript,Skriveno polje za meni narudžbe (procijenjena vrijednost je već bila skrivena),78,False,False,False,True,False,True,,0,"# Description

Skriveno polje za meni narudžbe (procijenjena vrijednost je već bila skrivena)",11,11,100.0,6,,,0.0,8.599999999999998
571,2936736720,2025-10-22T11:01:06Z,2025-10-29T13:14:14Z,2025-10-29T13:14:14Z,2025-10-29T13:14:15Z,,2025-10-22T11:01:06+00:00,[user_3],3,[user_3],6,[user_2]|[user_4]|[user]|[user_6]|[user_7]|[user_3],1136,22,25,16,1158,4,16,8,1,7,0,0,2025-10-23T07:35:21+00:00,2025-10-29T12:38:39+00:00,7,14216383 FE: Klijent,20,TypeScript,"Dodana je nova stranica ""Klijenti"" koja se nalazi uz postojeći stranicu ""Zaposlenici"" u postavakama. Cijela funkcionalnost se temelji na postojećoj ""Zaposlenici"" formi, rutama, logici itd... razlika je samo u podacima koje šaljemo/primamo. Napravljene su sljedeće izmjene: - Kreirane nove rute /clients, /client-create, /client-edit, /client - Kreirane ClientsLayout, ClientsPage, ClientCreate, ClientEdit komponente koje rade samo s UserType.CLIENT - Kreirana ClientForm forma koja radi samo sa sljedećim podacima: ime, prezime, tvrtka, porezni broj tvrtke, email i kontakt broj i na kreiranju i na uređivanju - Dodan useClientForm - Prilagođeni tipovi i kreiranje inicijalnih vrijednosti client forme",702,False,False,True,False,False,True,,2,"# Description

Dodana je nova stranica ""Klijenti"" koja se nalazi uz postojeći stranicu ""Zaposlenici"" u postavakama. Cijela funkcionalnost se temelji na postojećoj ""Zaposlenici"" formi, rutama, logici itd... razlika je samo u podacima koje šaljemo/primamo.

Napravljene su sljedeće izmjene:
- Kreirane nove rute /clients, /client-create, /client-edit, /client
- Kreirane ClientsLayout, ClientsPage, ClientCreate, ClientEdit komponente koje rade samo s UserType.CLIENT
- Kreirana ClientForm forma koja radi samo sa sljedećim podacima: ime, prezime, tvrtka, porezni broj tvrtke, email i kontakt broj i na kreiranju i na uređivanju
- Dodan useClientForm
- Prilagođeni tipovi i kreiranje inicijalnih vrijednosti client forme",93,87,93.5483870967742,0,1234.25,10177.55,2940.0,7273.133333333334
572,2939503916,2025-10-23T07:58:38Z,2025-10-25T08:38:56Z,2025-10-25T08:38:56Z,2025-10-25T08:38:58Z,,2025-10-23T07:58:38+00:00,[user_3],3,[user_3],6,[user_2]|[user_4]|[user]|[user_6]|[user_7]|[user_3],196,119,11,8,315,0,7,3,1,2,0,0,2025-10-23T08:28:36+00:00,2025-10-24T16:48:09+00:00,6,14301052 FS: način isporuke dropdown,36,TypeScript,"Dodan je novi dropdown ""Način isporuke"" po uzoru na ostale dropdowne u formi. Napravljene su sljedeće izmjene: - Dodana migracijska skripta za migraciju postojećih podataka za način isporuke - Dodan enum i mapa za deliveryMethod - Dodana polja deliveryMethod i deliveryMethodOther u schemu, tipove, formu, validacije... - Popravljen kod za generiranje metadata u google kalendaru - Dodana mapa u processedHistory funckiju da bi se promjene prikazivale ispravno",460,False,False,True,False,True,True,,1,"# Description

Dodan je novi dropdown ""Način isporuke"" po uzoru na ostale dropdowne u formi. Napravljene su sljedeće izmjene:
- Dodana migracijska skripta za migraciju postojećih podataka za način isporuke
- Dodan enum i mapa za deliveryMethod
- Dodana polja deliveryMethod i deliveryMethodOther u schemu, tipove, formu, validacije...
- Popravljen kod za generiranje metadata u google kalendaru
- Dodana mapa u processedHistory funckiju da bi se promjene prikazivale ispravno",62,59,95.16129032258064,3,29.966666666666665,1969.5166666666669,580.3000000000001,2340.0
573,2940261248,2025-10-23T12:19:44Z,2025-10-24T11:06:30Z,2025-10-24T11:06:30Z,2025-10-24T11:06:32Z,,2025-10-23T12:19:44+00:00,[user_2],2,[user_2],5,[user_4]|[user]|[user_6]|[user_7]|[user_3],3,1,1,2,4,0,0,1,1,0,0,0,2025-10-24T11:06:03+00:00,2025-10-24T11:06:03+00:00,5,14365826 BE (Bug): Internal status migracija,44,TypeScript,"popravak internal status migracije greska je bila sta se doda internal status stupac odma sa not null constraintom, a u bazi vec ima podataka pa padne jer ga defaulta na null fix: dodat stupac bez constrainta -> migrirat podatke -> stavit constraint",249,True,False,False,False,True,False,,0,"# Description

popravak internal status migracije
greska je bila sta se doda internal status stupac odma sa not null constraintom, a u bazi vec ima podataka pa padne jer ga defaulta na null
fix: dodat stupac bez constrainta -> migrirat podatke -> stavit constraint",40,5,12.5,0,1366.3166666666666,1366.3166666666666,0.0,1366.7666666666669
574,2943527098,2025-10-24T07:56:46Z,2025-10-25T15:38:19Z,2025-10-25T15:38:19Z,2025-10-25T15:38:20Z,,2025-10-24T07:56:46+00:00,[user_2],2,[user_2],5,[user_4]|[user]|[user_6]|[user_7]|[user_3],52,2,8,1,54,0,0,1,1,0,0,0,2025-10-25T15:36:39+00:00,2025-10-25T15:36:39+00:00,5,14235813 BE: POST ID,20,TypeScript,"dodan interceptor koji provjerava je li ID prisutan u request body, ako je prisutan baca Bad Request dodano na svim POST endpointovima",134,False,True,False,False,True,False,,0,"# Description

dodan interceptor koji provjerava je li ID prisutan u request body, ako je prisutan baca Bad Request
dodano na svim POST endpointovima",22,5,22.727272727272727,0,1899.8833333333337,1899.8833333333337,1001.55,900.0
575,2950737545,2025-10-27T12:17:50Z,2025-10-27T12:24:16Z,2025-10-27T12:24:16Z,2025-10-27T12:24:18Z,,2025-10-27T12:17:50+00:00,[user_2],2,[user_2],1,[user_3],0,28,1,1,28,0,0,1,1,0,0,0,2025-10-27T12:18:37+00:00,2025-10-27T12:18:37+00:00,0,Quickfix FE: Duplicate service field in event form,50,TypeScript,,0,True,False,False,False,False,False,TASK_ID,0,,0,0,0.0,0,0.7833333333333301,0.7833333333333301,0.0,6.433333333333333
576,2954569681,2025-10-28T10:15:04Z,2025-10-29T11:53:01Z,2025-10-29T11:53:01Z,2025-10-29T11:53:03Z,,2025-10-28T10:15:04+00:00,[user_3],3,[user_3],6,[user_2]|[user_4]|[user]|[user_6]|[user_7]|[user_3],140,68,3,6,208,0,5,4,1,3,0,0,2025-10-28T17:09:33+00:00,2025-10-29T11:46:55+00:00,6,14200082 FE: Status otkazano,28,TypeScript,"Kreiran status otkazano na FE. Napravljene su sljedeće izmjene: - Dodan status otkazano u izborniku statusa - Čišćenje polja prilikom mijenjanja statusa iz Otkazano/Odbijeno u nešto drugo - Ime labele za razlog odbijanja/otkazivanja dodan kondicionalno - Ubačen VITE_FLAG_CANCELLATION_STATUS env, ako je true status se nudi u izborniku, inače ne - Pojednostavljena isRejectionReasonVisible funkcija - Dodani testovi za EventForm komponentu, testiranje opcija statusa (mock preko vi.stubEnv)",490,False,False,True,False,False,True,,0,"# Description

Kreiran status otkazano na FE. Napravljene su sljedeće izmjene:
- Dodan status otkazano u izborniku statusa
- Čišćenje polja prilikom mijenjanja statusa iz Otkazano/Odbijeno u nešto drugo
- Ime labele za razlog odbijanja/otkazivanja dodan kondicionalno
- Ubačen VITE_FLAG_CANCELLATION_STATUS env, ako je true status se nudi u izborniku, inače ne
- Pojednostavljena isRejectionReasonVisible funkcija
- Dodani testovi za EventForm komponentu, testiranje opcija statusa (mock preko vi.stubEnv)",62,55,88.70967741935483,0,414.48333333333335,1531.85,0.0,1537.95
577,2956316963,2025-10-28T18:25:31Z,2025-10-29T14:09:24Z,2025-10-29T14:09:24Z,2025-10-29T14:09:26Z,,2025-10-28T18:25:31+00:00,[user_2],2,[user_2],5,[user_4]|[user]|[user_6]|[user_7]|[user_3],71,9,2,2,80,0,0,1,1,0,0,0,2025-10-29T12:32:31+00:00,2025-10-29T12:32:31+00:00,5,14503663 BE (Bug): Google kalendar polja,40,TypeScript,updatedAt i permanentlyDeletedAt izbaceni iz google kalendar eventa primjetia san da ima jos par stvari koje su krive npr: za klijenta pokaze njegov ID umisto imena i prezimena pa san tamo di je falilo selecta i clienta u event repou da se uvik dobavi i klijent dodano i mapiranje za internalStatus polje,304,True,False,False,False,True,False,,0,"# Description

updatedAt i permanentlyDeletedAt izbaceni iz google kalendar eventa
primjetia san da ima jos par stvari koje su krive npr: za klijenta pokaze njegov ID umisto imena i prezimena pa san tamo di je falilo selecta i clienta u event repou da se uvik dobavi i klijent
dodano i mapiranje za internalStatus polje",52,15,28.846153846153843,0,1087.0,1087.0,0.0,1183.8833333333334
578,2957991832,2025-10-29T08:07:51Z,2025-10-30T10:58:25Z,2025-10-30T10:58:25Z,2025-10-30T10:58:27Z,2025-10-29T09:14:24Z,2025-10-29T08:07:51+00:00,[user_2],2,[user_2],6,[user_2]|[user_4]|[user]|[user_6]|[user_7]|[user_3],220,102,18,12,322,0,7,3,1,2,0,0,2025-10-30T10:00:50+00:00,2025-10-30T10:56:50+00:00,5,14504712 BE (Bug): Event service/client notifikacija,52,TypeScript,"bug: notifikacije nisu dobavljale formitarane promjene (npr. promjena eventovog clientIda bi u notifikaciji prikazala promjenu iz jednog IDa u drugi umjesto promjenu jednog klijenta u drugi po imenu, ista tvar za serviceId) fix: notification module importa changes module i dobavlja relateane promjene iz changes servicea jer se tamo obavlja formatiranje (iz raw querya u notification repou maknuto dohvacanje promjena) dodatne promjene: -  polako se gradi veliki kupus circular dependencya, changes ima vec circular dependency sa event, user, product modulima, a sad kako san triba importat changes u notification moduleu dobili smo novi circular jer event, user, product moduli importaju notification module: notification -> changes -> event -> notification - updatean Change tip - popravljeno cachiranje na event, user i product repozitorijima (specificno tamo di se dobavlja cache pa prolazia kroz niz da dobavi one koji mu tribaju): kako se koristilo (nesto ?? []).find imali bi [] ako je cache prazan pa bi se provjeria response samo sa ifom, a ako je [] bit ce true i vratit ce nista umisto da querya bazu",1112,True,False,False,False,True,False,,0,"# Description

bug: notifikacije nisu dobavljale formitarane promjene (npr. promjena eventovog clientIda bi u notifikaciji prikazala promjenu iz jednog IDa u drugi umjesto promjenu jednog klijenta u drugi po imenu, ista tvar za serviceId)

fix: notification module importa changes module i dobavlja relateane promjene iz changes servicea jer se tamo obavlja formatiranje (iz raw querya u notification repou maknuto dohvacanje promjena)

dodatne promjene:
-  polako se gradi veliki kupus circular dependencya, changes ima vec circular dependency sa event, user, product modulima, a sad kako san triba importat changes u notification moduleu dobili smo novi circular jer event, user, product moduli importaju notification module: notification -> changes -> event -> notification
- updatean Change tip
- popravljeno cachiranje na event, user i product repozitorijima (specificno tamo di se dobavlja cache pa prolazia kroz niz da dobavi one koji mu tribaju): kako se koristilo (nesto ?? []).find imali bi [] ako je cache prazan pa bi se provjeria response samo sa ifom, a ako je [] bit ce true i vratit ce nista umisto da querya bazu",164,26,15.853658536585366,0,1552.9833333333331,1608.9833333333331,0.0,1610.5666666666666
579,2958519760,2025-10-29T11:01:08Z,2025-10-29T11:20:35Z,2025-10-29T11:20:35Z,2025-10-29T11:20:37Z,,2025-10-29T11:01:08+00:00,[user_2],2,[user_2],1,[user_3],30,0,1,1,30,0,0,1,1,0,0,0,2025-10-29T11:19:45+00:00,2025-10-29T11:19:45+00:00,1,Quickfix: Select fields in users getByIds,41,TypeScript,"dohvacali smo sva polja usera na getByIds, odabra san samo polja koja tribaju",77,True,False,False,False,True,False,TASK_ID,0,"# Description

dohvacali smo sva polja usera na getByIds, odabra san samo polja koja tribaju",13,3,23.076923076923077,0,18.616666666666664,18.616666666666664,0.0,19.449999999999996
581,2960549407,2025-10-29T20:18:08Z,2025-10-29T20:33:03Z,2025-10-29T20:33:02Z,2025-10-29T20:33:04Z,,2025-10-29T20:18:08+00:00,[user_3],3,[user_3],0,,29,0,1,1,29,0,0,0,0,0,0,0,,,0,Quickfix: Restore event service field,37,TypeScript,Slučajno smo mismatchali @[user_2] i ja kod brisanja duplog polja usluge pa su bila obrisana oba.,97,True,False,False,False,False,True,TASK_ID,0,"# Description

Slučajno smo mismatchali @[user_2] i ja kod brisanja duplog polja usluge pa su bila obrisana oba.",16,12,75.0,0,,,0.0,14.9
582,2961949725,2025-10-30T07:40:46Z,2025-10-30T08:38:15Z,2025-10-30T08:38:15Z,2025-10-30T08:38:17Z,2025-10-30T07:46:23Z,2025-10-30T07:40:46+00:00,[user_2],2,[user_2],6,[user_2]|[user_4]|[user]|[user_6]|[user_7]|[user_3],34,14,4,1,48,0,2,3,1,2,0,0,2025-10-30T08:06:33+00:00,2025-10-30T08:15:12+00:00,5,14531432 BE: Client type,24,TypeScript,u Event tipu je stajalo da je client tipa UserDto ali mi kad dohvacamo event i njegovog povezanog klijenta ne dohvacamo sva polja korisnika jer za klijenta nisu bitna doda san client tipove i na upsertu usera kad saljemo klijenta popunia ove ostale podatke sa createClientInitialValues,285,True,False,False,False,True,False,,0,"# Description

u Event tipu je stajalo da je client tipa UserDto ali mi kad dohvacamo event i njegovog povezanog klijenta ne dohvacamo sva polja korisnika jer za klijenta nisu bitna
doda san client tipove i na upsertu usera kad saljemo klijenta popunia ove ostale podatke sa createClientInitialValues",46,12,26.08695652173913,0,25.783333333333335,34.43333333333334,0.0,57.483333333333334
583,2962744544,2025-10-30T11:17:11Z,2025-10-31T13:39:58Z,2025-10-31T13:39:58Z,2025-10-31T13:39:59Z,,2025-10-30T11:17:11+00:00,[user_3],3,[user_3],6,[user_2]|[user_4]|[user]|[user_6]|[user_7]|[user_3],50,35,1,2,85,1,1,2,1,1,0,0,2025-10-30T13:02:50+00:00,2025-10-30T13:58:27+00:00,5,14531416 FE (Bug): Optional skupina,35,TypeScript,"Isključeno polje skupina kad je odabrano ""Usluga"", resetirano i uklonjeno penaltyPrice polje",92,True,False,False,False,False,True,,0,"# Description

Isključeno polje skupina kad je odabrano ""Usluga"", resetirano i uklonjeno penaltyPrice polje",12,11,91.66666666666666,0,105.65,161.26666666666668,0.0,1582.7833333333335
584,2963043667,2025-10-30T12:44:22Z,2025-10-31T14:07:40Z,2025-10-31T14:07:40Z,2025-10-31T14:07:42Z,,2025-10-30T12:44:22+00:00,[user_3],3,[user_3],5,[user_2]|[user_4]|[user]|[user_6]|[user_7],132,93,6,4,225,0,1,1,1,0,0,0,2025-10-30T14:08:39+00:00,2025-10-30T14:08:39+00:00,5,14531421 FE (Bug): Ime i prezime klijenta,41,TypeScript,"Podijeljeno polje fullName u firstName i lastName. Napravljene su sljedeće izmjene: - Uklonjeni tipovi FormEvent i FormEventClient, tip forme vraćen na ExtendedEventDto - Gdje god se koristio fullName sada je podijeljeno na firstName i lastName - Dodan enableReinitialize: true na formu jer se vrijednosti ne bi ažurirale kako treba - Podlijeljene validacije - Počišćen kod",373,True,False,False,False,False,True,,0,"# Description

Podijeljeno polje fullName u firstName i lastName. Napravljene su sljedeće izmjene:
- Uklonjeni tipovi FormEvent i FormEventClient, tip forme vraćen na ExtendedEventDto
- Gdje god se koristio fullName sada je podijeljeno na firstName i lastName
- Dodan enableReinitialize: true na formu jer se vrijednosti ne bi ažurirale kako treba
- Podlijeljene validacije
- Počišćen kod",50,44,88.0,1,84.28333333333333,84.28333333333333,0.0,1523.3
585,2963232473,2025-10-30T13:34:51Z,2025-10-31T14:53:07Z,2025-10-31T14:53:07Z,2025-10-31T14:53:09Z,2025-10-30T13:39:44Z,2025-10-30T13:34:51+00:00,[user_2],2,[user_2],6,[user_2]|[user_4]|[user]|[user_6]|[user_7]|[user_3],119,95,12,9,214,0,5,3,1,2,0,0,2025-10-30T13:50:15+00:00,2025-10-31T14:50:01+00:00,5,14535220 FS: Post events cleanup,32,TypeScript,dosad se i client sla na post /events pa se tamo hendlala logika sta nije dobro jer event module ne zanima sta je s clientom njega samo zanima clientId - odvojena logika kreiranja eventa i klijenta - dodan upsert endpoint na user controlleru - na submitu event forme prvo radimo upsert klijenta pa onda post eventa - updateani tipovi i validator,345,False,False,False,True,True,False,,0,"# Description

dosad se i client sla na post /events pa se tamo hendlala logika sta nije dobro jer event module ne zanima sta je s clientom njega samo zanima clientId

- odvojena logika kreiranja eventa i klijenta
- dodan upsert endpoint na user controlleru
- na submitu event forme prvo radimo upsert klijenta pa onda post eventa
- updateani tipovi i validator",57,11,19.29824561403509,0,15.399999999999997,1515.1666666666663,0.0,1518.2666666666669
586,2966326145,2025-10-31T10:53:09Z,2025-10-31T15:45:33Z,2025-10-31T15:45:33Z,2025-10-31T15:45:36Z,2025-10-31T11:06:31Z,2025-10-31T10:53:09+00:00,[user_2],2,[user_2],6,[user_2]|[user_4]|[user]|[user_6]|[user_7]|[user_3],315,19,13,12,334,0,4,3,1,2,0,0,2025-10-31T14:47:46+00:00,2025-10-31T14:47:46+00:00,5,14365275 BE: Contact tablica,28,TypeScript,dodana Contact tablica koja spaja korisnika i kontakt dodana migracijska skripta u user/client tipovima dodana relacija contacts prilikom dohvacanja korisnika dohvacamo i kontakte dodan contact validator i dodano polje contacts u user validatoru zasada iz forme korisnika/eventa izostavljeni kontakti (to ce se dodat kad se bude FE radia),338,False,True,False,False,True,False,,0,"# Description

dodana Contact tablica koja spaja korisnika i kontakt
dodana migracijska skripta
u user/client tipovima dodana relacija contacts
prilikom dohvacanja korisnika dohvacamo i kontakte
dodan contact validator i dodano polje contacts u user validatoru
zasada iz forme korisnika/eventa izostavljeni kontakti (to ce se dodat kad se bude FE radia)",50,7,14.000000000000002,0,234.61666666666667,234.61666666666667,0.0,292.4
587,2966813205,2025-10-31T13:35:35Z,2025-10-31T16:03:24Z,2025-10-31T16:03:23Z,2025-10-31T16:03:25Z,2025-10-31T13:40:42Z,2025-10-31T13:35:35+00:00,[user_2],2,[user_2],6,[user_2]|[user_4]|[user]|[user_6]|[user_7]|[user_3],117,7,11,20,124,0,7,6,1,5,0,0,2025-10-31T15:23:10+00:00,2025-10-31T16:00:52+00:00,5,14365277 BE: Create update kontakata,36,TypeScript,dodan patch endpoint na /users/:userId/contacts koji zove upsert svih prilozenih kontakata(klijenata) te ih povezuje sa klijentom u contact tablici kroz contact service renamean postojeci Contact tip u InternalPerson i kreiran novi Contact tip,243,False,True,False,False,True,False,,0,"# Description

dodan patch endpoint na /users/:userId/contacts koji zove upsert svih prilozenih kontakata(klijenata) te ih povezuje sa klijentom u contact tablici kroz contact service
renamean postojeci Contact tip u InternalPerson i kreiran novi Contact tip",36,7,19.444444444444446,0,107.58333333333334,145.28333333333333,0.0,147.80000000000004
588,2971758280,2025-11-03T07:50:21Z,2025-11-03T14:14:09Z,2025-11-03T14:14:09Z,2025-11-03T14:14:11Z,2025-11-03T08:04:16Z,2025-11-03T07:50:21+00:00,[user_2],2,[user_2],6,[user_2]|[user_4]|[user]|[user_6]|[user_7]|[user_3],22,7,7,4,29,1,1,2,1,1,0,0,2025-11-03T10:04:36+00:00,2025-11-03T13:20:26+00:00,5,14570420 BE: Status nepoznato,29,TypeScript,dodan status nepoznato za događaje koji se ne prikazuje u fe dropdownu ne dopustamo stavljanje događaja na status nepoznato azuriran validator migracijska skripta za sve dogadaje na cekanju prije 1. lipnja 2025. prebaceni u status nepoznato,240,False,True,False,False,True,True,,0,"# Description

dodan status nepoznato za događaje koji se ne prikazuje u fe dropdownu
ne dopustamo stavljanje događaja na status nepoznato
azuriran validator
migracijska skripta za sve dogadaje na cekanju prije 1. lipnja 2025. prebaceni u status nepoznato",36,31,86.11111111111111,0,134.25,330.08333333333337,0.0,383.8
589,2972193150,2025-11-03T10:31:48Z,2025-11-10T09:46:04Z,2025-11-10T09:46:04Z,2025-11-10T09:46:06Z,2025-11-05T07:44:03Z,2025-11-03T10:31:48+00:00,[user_2],2,[user_2],2,[user]|[user_3],1514,0,1,10,1514,1,0,2,2,0,0,0,2025-11-05T12:56:22+00:00,2025-11-05T12:56:22+00:00,2,14533359 BE: Nacin isporuke migracija,37,TypeScript,"migrirane usluge poput ""DOSTAVA KOLAČA"" u ""KOLAČI"" i pritom azuriran nacin isporuke povezanih dogadaja prema imenu usluge obrisane usluge ""DOSTAVA"" i ""PREUZIMANJE"" i eventima sa tom vrstom usluge pridruzene pripadajuce usluge kreirane promjene nacina isporuke kod evenata azurirane promjene gdje su se spominjale stare usluge masu je duplog koda, nije najlipse napisano, islo me brze samo copy pasteat al koristit ce se jednom samo pa mislin da je oke",451,False,False,False,True,True,False,,0,"# Description

migrirane usluge poput ""DOSTAVA KOLAČA"" u ""KOLAČI"" i pritom azuriran nacin isporuke povezanih dogadaja prema imenu usluge
obrisane usluge ""DOSTAVA"" i ""PREUZIMANJE"" i eventima sa tom vrstom usluge pridruzene pripadajuce usluge
kreirane promjene nacina isporuke kod evenata
azurirane promjene gdje su se spominjale stare usluge

masu je duplog koda, nije najlipse napisano, islo me brze samo copy pasteat al koristit ce se jednom samo pa mislin da je oke",69,61,88.40579710144928,0,3024.5666666666666,3024.5666666666666,2880.0,7154.266666666666
590,2972255085,2025-11-03T10:53:24Z,2025-11-04T17:20:55Z,2025-11-04T17:20:55Z,2025-11-04T17:20:57Z,,2025-11-03T10:53:24+00:00,[user_3],3,[user_3],3,[user_2]|[user]|[user_3],408,34,5,18,442,0,18,8,1,7,0,0,2025-11-03T11:00:52+00:00,2025-11-04T16:40:10+00:00,3,14365285 FE: Update event forme,31,TypeScript,"Dodan novi checkbox ""Prikaži klijente"", čijim se toggle-om otvara nova ""podforma"" za prikaz/dodavanje/brisanje klijenata. Napravljane su sljedeće izmjene: - Dodane potrebne stvari na FE vezano za event formu: gumbi, podforma, polja, validacija, handleri, initialValues... - Dodan novi useUpsertContacts hook - Patch kontakata na submit forme, dodan client.id kao userId",369,False,False,True,False,False,True,,3,"# Description

Dodan novi checkbox ""Prikaži klijente"", čijim se toggle-om otvara nova ""podforma"" za prikaz/dodavanje/brisanje klijenata. Napravljane su sljedeće izmjene:
- Dodane potrebne stvari na FE vezano za event formu: gumbi, podforma, polja, validacija, handleri, initialValues...
- Dodan novi useUpsertContacts hook
- Patch kontakata na submit forme, dodan client.id kao userId",50,45,90.0,0,7.466666666666664,1786.7666666666669,0.0,1827.5166666666669
591,2972430908,2025-11-03T11:53:25Z,2025-11-04T15:40:33Z,2025-11-04T15:40:33Z,2025-11-04T15:40:36Z,,2025-11-03T11:53:25+00:00,[user_3],3,[user_3],2,[user_2]|[user],99,74,3,4,173,2,1,2,2,0,0,0,2025-11-03T14:10:19+00:00,2025-11-03T14:10:19+00:00,3,14588592 FE: Polje način isporuke,33,TypeScript,"Pomaknuto polje ""Način isporuke"" na vrh. Napravljeno da je required. Iz nekog misterioznog razloga pada validacija na oneOf i onda ispiše ""Neispravna vrijednost načina isporuke"" umjesto ""Način isporuke je obavezan"" iako je initial vrijednost na UNKNOWN i sve štima. Molim vas bacite oko da probamo zajedno riješiti ovu misteriju.",329,False,False,False,True,False,True,,0,"# Description

Pomaknuto polje ""Način isporuke"" na vrh. Napravljeno da je required. Iz nekog misterioznog razloga pada validacija na oneOf i onda ispiše ""Neispravna vrijednost načina isporuke"" umjesto ""Način isporuke je obavezan"" iako je initial vrijednost na UNKNOWN i sve štima. Molim vas bacite oko da probamo zajedno riješiti ovu misteriju.",49,44,89.79591836734694,3,136.9,136.9,0.0,1667.133333333333
592,2972710645,2025-11-03T13:21:23Z,2025-11-05T09:02:59Z,2025-11-05T09:02:59Z,2025-11-05T09:03:01Z,2025-11-03T13:27:32Z,2025-11-03T13:21:23+00:00,[user_2],2,[user_2],2,[user]|[user_3],59,39,9,5,98,0,3,3,1,2,0,0,2025-11-04T10:15:43+00:00,2025-11-05T09:00:48+00:00,4,14570466 BE: MVP Client login,29,TypeScript,priprema za login klijenta: - dodano polje passwordExpiresAt (klijenti ce prilikom logina dobiti nekakav kod na mail koji ce vrijediti odredjeno vrijeme) - azuriran session service na nacin da ako je korisnik tipa klijenta provjeravamo da li se podudaraju OIBi i lozinke ako lozinka i dalje vrijedi - azuriran login tip,319,False,True,False,False,True,False,,0,"# Description

priprema za login klijenta:
- dodano polje passwordExpiresAt (klijenti ce prilikom logina dobiti nekakav kod na mail koji ce vrijediti odredjeno vrijeme)
- azuriran session service na nacin da ako je korisnik tipa klijenta provjeravamo da li se podudaraju OIBi i lozinke ako lozinka i dalje vrijedi
- azuriran login tip",48,9,18.75,0,1254.3333333333333,2619.4166666666665,0.0,2621.6
593,2972738240,2025-11-03T13:29:27Z,2025-11-03T13:47:37Z,2025-11-03T13:47:37Z,2025-11-03T13:47:38Z,,2025-11-03T13:29:27+00:00,[user_3],3,[user_3],1,[user],1,1,1,1,2,0,0,0,0,0,0,0,,,1,14556006 FE: Label name change,30,TypeScript,Radni nalog -> Operativna tablica,33,False,False,False,True,False,True,,0,"# Description

Radni nalog -> Operativna tablica",4,0,0.0,0,,,0.0,18.16666666666666
594,2974404671,2025-11-03T22:32:27Z,2025-11-04T16:27:42Z,2025-11-04T16:27:42Z,2025-11-04T16:27:43Z,2025-11-04T16:08:09Z,2025-11-03T22:32:27+00:00,[user],[user_id],[user_2],0,,1305,5,32,4,1310,1,0,0,0,0,0,0,,,0,feature: menus,14,TypeScript,"nabrzinu sam c/p ponude, tribalo bi radit @[user_2] please samo skriptu triba migrirat @[user_2] @[user_3] istestirajte (fixajte ako sta triba) i merge ima praksi koje se krse (vidio pri c/p) ali to nek nam je manje bitno trenutno",228,True,False,False,False,False,False,TASK_ID,0,"# Description

nabrzinu sam c/p ponude, tribalo bi radit
@[user_2] please samo skriptu triba migrirat
@[user_2] @[user_3] istestirajte (fixajte ako sta triba) i merge
ima praksi koje se krse (vidio pri c/p) ali to nek nam je manje bitno trenutno",40,6,15.0,0,,,0.0,1075.25
595,2976231421,2025-11-04T11:25:42Z,2025-11-04T15:40:49Z,2025-11-04T15:40:49Z,2025-11-04T15:40:51Z,,2025-11-04T11:25:42+00:00,[user_3],3,[user_3],2,[user_2]|[user],40,7,2,1,47,0,0,1,1,0,0,0,2025-11-04T15:01:12+00:00,2025-11-04T15:01:12+00:00,2,14596145 FE: Rikverc: Postavke,30,TypeScript,Dodana nova VITE_HIDE_SETTINGS_PAGE varijabla na temelju koje prikazujemo/skrivamo postavke i njegove iteme u navigaciji.,121,False,False,False,True,False,True,,0,"# Description

Dodana nova VITE_HIDE_SETTINGS_PAGE varijabla na temelju koje prikazujemo/skrivamo postavke i njegove iteme u navigaciji.",15,4,26.666666666666668,0,215.5,215.5,0.0,255.11666666666667
596,2976527603,2025-11-04T12:55:16Z,2025-11-04T15:41:10Z,2025-11-04T15:41:10Z,2025-11-04T15:41:12Z,,2025-11-04T12:55:16+00:00,[user_3],3,[user_3],2,[user_2]|[user],12,1,1,1,13,0,0,1,1,0,0,0,2025-11-04T14:57:48+00:00,2025-11-04T14:57:48+00:00,2,14596362 FE: Tooltip na disableanu skupinu,42,TypeScript,"Dodan Tooltip na polje ""Skupina"" ako je disableano jer smo odabrali vrstu ""Usluga"".",83,False,False,True,False,False,True,,2,"# Description

Dodan Tooltip na polje ""Skupina"" ako je disableano jer smo odabrali vrstu ""Usluga"".",13,3,23.076923076923077,1,122.53333333333332,122.53333333333332,0.0,165.9
597,2979809374,2025-11-05T10:13:48Z,2025-11-07T11:41:42Z,2025-11-07T11:41:42Z,2025-11-07T11:41:43Z,2025-11-05T10:39:29Z,2025-11-05T10:13:48+00:00,[user_2],2,[user_2],3,[user_2]|[user]|[user_3],205,116,10,15,321,0,10,7,1,6,0,0,2025-11-06T17:26:57+00:00,2025-11-07T10:59:07+00:00,2,14619351 BE: Privremena lozinka,31,TypeScript,generiranje privremene lozinke za klijenta: - dodan generate password endpoint - generirana nasumicna lozinka od 8 znakova - hashiranu spremamo u bazi i stavljamo passwordExpiresAt za 24 sata (kazite ako je puno/malo) - lozinka se salje klijentu na mail (treba dodati prilozeni template u direktorij apps/api/templates i postaviti SMTP podatke u envu sa podacima racuna koji ce slati mailove) - prebacene user metode i pozivi na user tablicu iz session modulea - prilazen template (kazite kako ga prominit/poboljsat): [generate-password.html](https://github.com/user-attachments/files/23357531/generate-password.html) - slika trenutnog basic maila:,648,False,True,False,False,True,False,,1,"# Description

generiranje privremene lozinke za klijenta:
- dodan generate password endpoint
- generirana nasumicna lozinka od 8 znakova
- hashiranu spremamo u bazi i stavljamo passwordExpiresAt za 24 sata (kazite ako je puno/malo)
- lozinka se salje klijentu na mail (treba dodati prilozeni template u direktorij apps/api/templates i postaviti SMTP podatke u envu sa podacima racuna koji ce slati mailove)
- prebacene user metode i pozivi na user tablicu iz session modulea
- prilazen template (kazite kako ga prominit/poboljsat): 
[generate-password.html](https://github.com/user-attachments/files/23357531/generate-password.html)
- slika trenutnog basic maila:",93,15,16.129032258064516,0,1873.15,2925.3166666666666,0.0,2967.9
598,2980248664,2025-11-05T12:21:51Z,2025-11-07T11:03:19Z,2025-11-07T11:03:19Z,2025-11-07T11:03:20Z,2025-11-05T21:04:42Z,2025-11-05T12:21:51+00:00,[user_3],3,[user_3],3,[user_2]|[user]|[user_3],333,31,5,8,364,0,10,6,1,5,0,0,2025-11-06T12:46:42+00:00,2025-11-07T07:21:41+00:00,3,14559028 FE: Update client forme,32,TypeScript,"Ažurirana klijent forma na isti način kao i forma događaja, za svakog klijenta u formi su dodani kontakti. Bilo je potrebno malo korigirati tipove za client formu. Na submitu prvo radimo post/patch klijenta, pa nakon toga patch na /users/:userId/contacts. Disclaimer: Trenutno sam napravia na isti ""nestani"" način sa clients.contacts[index].firstName... dok ne napravim task i odradim refactor, trenutno radi ok (svakako testirajte).",433,False,False,True,False,False,True,,0,"# Description

Ažurirana klijent forma na isti način kao i forma događaja, za svakog klijenta u formi su dodani kontakti. Bilo je potrebno malo korigirati tipove za client formu. Na submitu prvo radimo post/patch klijenta, pa nakon toga patch na /users/:userId/contacts.

Disclaimer: Trenutno sam napravia na isti ""nestani"" način sa clients.contacts[index].firstName... dok ne napravim task i odradim refactor, trenutno radi ok (svakako testirajte).",67,63,94.02985074626866,0,1464.85,2579.833333333333,0.0,2801.4666666666667
599,2980275283,2025-11-05T12:28:39Z,2025-11-05T12:36:03Z,2025-11-05T12:36:03Z,2025-11-05T12:36:05Z,,2025-11-05T12:28:39+00:00,[user_2],2,[user_2],1,[user_3],32,7,1,1,39,0,0,1,1,0,0,0,2025-11-05T12:29:34+00:00,2025-11-05T12:29:34+00:00,0,14559028 BE: Formatiranje dohvaćenog korisnika,46,TypeScript,formatiranje korisnika prije returna u user service: - prije bi mora dohvatit kontakt sa user.contacts[1].contact.firstName - formatiramo da maknemo ovaj međukorak pa je sad: user.contacts[1].firstName,201,True,False,False,False,True,False,,0,"# Description

formatiranje korisnika prije returna u user service:
- prije bi mora dohvatit kontakt sa user.contacts[1].contact.firstName
- formatiramo da maknemo ovaj međukorak pa je sad: user.contacts[1].firstName",30,24,80.0,3,0.916666666666662,0.916666666666662,0.0,7.399999999999998
600,2980385313,2025-11-05T12:54:14Z,2025-11-07T07:00:51Z,2025-11-07T07:00:51Z,2025-11-07T07:00:54Z,2025-11-05T13:02:25Z,2025-11-05T12:54:14+00:00,[user_2],2,[user_2],2,[user]|[user_3],52,0,14,3,52,0,1,1,1,0,0,0,2025-11-06T18:01:00+00:00,2025-11-06T18:01:00+00:00,2,14619353 FS: Client permisije,29,TypeScript,"dodane 2 klijentske permisije za pregled i upravljanje događajima nisan stavia da se prikazuju na formi zaposlenika sta se tice toga kako cemo skuzit moze li korisnik vidjeti taj event: ideja mi je prema JWTu u event service razaznati moze li klijent vidjeti taj dogadaj ili ne, tako mi se pari najjednostavnije i najbrze za ovo neko privremeno rjesenje",353,False,True,False,False,True,True,,0,"# Description

dodane 2 klijentske permisije za pregled i upravljanje događajima
nisan stavia da se prikazuju na formi zaposlenika
sta se tice toga kako cemo skuzit moze li korisnik vidjeti taj event: ideja mi je prema JWTu u event service razaznati moze li klijent vidjeti taj dogadaj ili ne, tako mi se pari najjednostavnije i najbrze za ovo neko privremeno rjesenje",59,48,81.35593220338984,0,1746.7666666666669,1746.7666666666669,0.0,2526.6166666666663
601,2980677255,2025-11-05T14:04:58Z,2025-11-07T10:26:02Z,2025-11-07T10:26:01Z,2025-11-07T10:26:04Z,2025-11-06T14:16:28Z,2025-11-05T14:04:58+00:00,[user_2],2,[user_2],2,[user]|[user_3],80,7,6,7,87,0,0,1,1,0,0,0,2025-11-06T18:15:39+00:00,2025-11-06T18:15:39+00:00,2,14619356 BE: Dohvacanje klijentovih dogadaja,44,TypeScript,omoguceno dohvacanje klijentovih dogadaja po oibu u JWTu,56,False,True,False,False,True,False,,0,"# Description

omoguceno dohvacanje klijentovih dogadaja po oibu u JWTu",8,1,12.5,0,1690.6833333333334,1690.6833333333334,0.0,2661.05
602,2984619289,2025-11-06T13:08:19Z,2025-11-07T06:50:27Z,2025-11-07T06:50:27Z,2025-11-07T06:50:28Z,2025-11-06T13:15:51Z,2025-11-06T13:08:19+00:00,[user_2],2,[user_2],2,[user]|[user_3],32,0,3,2,32,0,0,1,1,0,0,0,2025-11-06T19:42:30+00:00,2025-11-06T19:42:30+00:00,2,14657889 FS: Promjena tipa klijenta kroz kontakt formu,54,TypeScript,"bug: prilikom dohvacanja kontakata nismo dohvaćali tip kontakta, pa prilikom updatea kontakata nekog klijenta, svaki kontakt se popuni sa inicijalnim vrijednostima pa kad nebi imali tip klijenta dohvacenog stavia bi ga na PRIVATE_ENTITY i prominia tip samog klijenta dohvacamo sad tip klijenta i ime firme prilikom dohvacanja klijenta, nije idealno rjesenje, ali mi je oke zasad, idealno bi bilo da se ovi kontakti koji se azuriraju sibaju samo polja koja se minjaju ali to je sa trenutnom strukturom nemoguce i nigdi ne radimo tako, a moramo punit s inicijalnim vrijednostima jer na createu fale neka required polja koja nemamo u kontakt formi",644,True,False,False,False,True,True,,0,"# Description

bug: prilikom dohvacanja kontakata nismo dohvaćali tip kontakta, pa prilikom updatea kontakata nekog klijenta, svaki kontakt se popuni sa inicijalnim vrijednostima pa kad nebi imali tip klijenta dohvacenog stavia bi ga na PRIVATE_ENTITY i prominia tip samog klijenta

dohvacamo sad tip klijenta i ime firme prilikom dohvacanja klijenta, nije idealno rjesenje, ali mi je oke zasad, idealno bi bilo da se ovi kontakti koji se azuriraju sibaju samo polja koja se minjaju ali to je sa trenutnom strukturom nemoguce i nigdi ne radimo tako, a moramo punit s inicijalnim vrijednostima jer na createu fale neka required polja koja nemamo u kontakt formi",102,82,80.3921568627451,0,394.18333333333334,394.18333333333334,0.0,1062.1333333333332
604,2988457374,2025-11-07T12:34:43Z,2025-11-08T16:52:31Z,2025-11-08T16:52:31Z,2025-11-08T16:52:33Z,,2025-11-07T12:34:43+00:00,[user_3],3,[user_3],2,[user_2]|[user],89,13,2,2,102,1,1,1,1,0,0,0,2025-11-07T15:04:56+00:00,2025-11-07T15:04:56+00:00,2,14365286 FE: Update prefill modala,34,TypeScript,Updatean prefill modal tako da se popunjavaju i klijentovi kontakti. Inicijalno su selektirani svi kontakti pa korisnik može odabrati koje kontatke želi a koje ne prefillati. Umjesto useFetchClients sam ubacia useFetchUsers jer tu trenutno dohvaćamo klijente i njegove pripadajuće kontakte. @[user_2] više ne koristimo /clients api rutu pa predlažem da totalno zapalimo sve na FE i na BE vezano za nju. Također sam dodao prefill clientType-a.,442,False,False,True,False,False,True,,0,"# Description

Updatean prefill modal tako da se popunjavaju i klijentovi kontakti. Inicijalno su selektirani svi kontakti pa korisnik može odabrati koje kontatke želi a koje ne prefillati. Umjesto useFetchClients sam ubacia useFetchUsers jer tu trenutno dohvaćamo klijente i njegove pripadajuće kontakte. @[user_2] više ne koristimo /clients api rutu pa predlažem da totalno zapalimo sve na FE i na BE vezano za nju. Također sam dodao prefill clientType-a.",67,55,82.08955223880598,0,150.21666666666667,150.21666666666667,1037.8,660.0
605,2988521180,2025-11-07T12:54:55Z,2025-11-10T13:52:40Z,2025-11-10T13:52:40Z,2025-11-10T13:52:42Z,,2025-11-07T12:54:55+00:00,[user_3],3,[user_3],2,[user_2]|[user],30,0,3,1,30,0,0,1,1,0,0,0,2025-11-10T08:25:35+00:00,2025-11-10T08:25:35+00:00,2,14677698 FE: Interna metrika,28,TypeScript,Napravljena interna metrika koliko vremena se provede na create ili edit event ruti preko GA. Dodan novi useFormDurationMetric hook da ga možemo ubaciti na oba mjesta.,167,False,True,False,False,False,True,,0,"# Description

Napravljena interna metrika koliko vremena se provede na create ili edit event ruti preko GA. Dodan novi useFormDurationMetric hook da ga možemo ubaciti na oba mjesta.",26,21,80.76923076923077,0,4050.6666666666665,4050.6666666666665,2880.0,1497.7500000000005
606,2991569307,2025-11-08T16:12:22Z,2025-11-11T13:06:50Z,2025-11-11T13:06:50Z,2025-11-11T13:06:52Z,2025-11-08T16:35:03Z,2025-11-08T16:12:22+00:00,[user_3],3,[user_3],3,[user_2]|[user]|[user_3],768,284,30,11,1052,0,13,4,1,3,0,0,2025-11-10T08:14:58+00:00,2025-11-11T07:00:44+00:00,3,14619359 FE: Client login forma,31,TypeScript,"Dosta je velik PR, pokušat ću u kratkim crtama objasnit promjene i moj osvrt na ovu funkcionalnost i potencijalne (buduće) probleme. Slike su ispod. Uglavnom, napravljene su sljedeće promjene: - Kreirana nova SelectLoginType komponenta koja je napravljena po uzoru na privitak u tasku (stilovi i ikonice). - U SelectLoginType dodana logika za prijavu naručitelja, zaposlenika i kreiranje narudžbe. - Postojeća Login forma je postala EmployeeLoginForm, dodan je naslov ""Prijava zaposlenika"" - Kreirana nova ClientLoginForm komponenta (možda je bolje da je nova komponenta jer je dugoročno održivije, vičite ako se ne slažete pa ćemo prodiskutirat) - U ClientLoginForm ubačena polja i logika koju je task zahtijevao, (Email, OIB, jednokratna lozinka na email, validacija) - Sve je prilagođeno Tableru - Dodan info banner o slanju lozinke na email i gumbom za ponovno slanje uz cooldown (možda ne bi bilo loše ovo na BE handleat da se ne mogu spammat requestovi) - Ažurirane provjere permisija po FE, u nav linkovima, dropdownovima za događaj i za korisnika u kutu Trenutno ovisimo o odluci što će klijent moći vidjeti kada se prijavi. Pa kad to definiramo možemo dalje prilagođavati prijavu klijenta.",1198,False,True,False,False,False,True,,2,"# Description

Dosta je velik PR, pokušat ću u kratkim crtama objasnit promjene i moj osvrt na ovu funkcionalnost i potencijalne (buduće) probleme. Slike su ispod. Uglavnom, napravljene su sljedeće promjene:
- Kreirana nova SelectLoginType komponenta koja je napravljena po uzoru na privitak u tasku (stilovi i ikonice).
- U SelectLoginType dodana logika za prijavu naručitelja, zaposlenika i kreiranje narudžbe.
- Postojeća Login forma je postala EmployeeLoginForm, dodan je naslov ""Prijava zaposlenika""
- Kreirana nova ClientLoginForm komponenta (možda je bolje da je nova komponenta jer je dugoročno održivije, vičite ako se ne slažete pa ćemo prodiskutirat)
- U ClientLoginForm ubačena polja i logika koju je task zahtijevao, (Email, OIB, jednokratna lozinka na email, validacija)
- Sve je prilagođeno Tableru
- Dodan info banner o slanju lozinke na email i gumbom za ponovno slanje uz cooldown (možda ne bi bilo loše ovo na BE handleat da se ne mogu spammat requestovi)
- Ažurirane provjere permisija po FE, u nav linkovima, dropdownovima za događaj i za korisnika u kutu

Trenutno ovisimo o odluci što će klijent moći vidjeti kada se prijavi. Pa kad to definiramo možemo dalje prilagođavati prijavu klijenta.",178,160,89.8876404494382,0,2402.6000000000004,3768.366666666667,1860.0,2274.4666666666667
607,2994371150,2025-11-10T09:21:51Z,2025-11-12T07:46:34Z,2025-11-12T07:46:34Z,2025-11-12T07:46:36Z,2025-11-10T09:42:46Z,2025-11-10T09:21:51+00:00,[user_2],2,[user_2],3,[user_2]|[user]|[user_3],270,288,60,8,558,0,4,3,1,2,0,0,2025-11-10T09:42:31+00:00,2025-11-11T14:55:58+00:00,2,14596163 FS: JWT request,24,TypeScript,"reduciranje JWTa na samo ID i OIB popravljen AuthRequest tip alignano hendlanje u socket i roles guardovima (nemozemo vise gledat iz jwt nego moramo zvat user service) za sve provjere korisnika dodan useCurrentUser hook koji fetcha korisnika prema IDu iz JWTa: - ode se oslanjamo na cache na BE da ne radi req na bazu svaki put a to mi nije bas idealno al trenutno ne vidin bolje rjesenje, ako imate prijedlog vicite",416,False,False,False,True,True,True,,0,"# Description

reduciranje JWTa na samo ID i OIB
popravljen AuthRequest tip
alignano hendlanje u socket i roles guardovima (nemozemo vise gledat iz jwt nego moramo zvat user service)
za sve provjere korisnika dodan useCurrentUser hook koji fetcha korisnika prema IDu iz JWTa:
- ode se oslanjamo na cache na BE da ne radi req na bazu svaki put a to mi nije bas idealno al trenutno ne vidin bolje rjesenje, ako imate prijedlog vicite",72,14,19.444444444444446,0,20.666666666666664,1774.1166666666666,0.0,2784.716666666667
608,2995272629,2025-11-10T13:17:00Z,2025-11-12T08:55:10Z,2025-11-12T08:55:10Z,2025-11-12T08:55:13Z,2025-11-10T13:21:14Z,2025-11-10T13:17:00+00:00,[user_2],2,[user_2],3,[user_2]|[user]|[user_3],100,110,21,6,210,0,7,3,1,2,0,0,2025-11-11T16:15:07+00:00,2025-11-11T16:15:07+00:00,2,14701840 FS: Socket module,26,TypeScript,socket module sad nije globalan maknuto emitiranje socket eventa u event moduleu emita se socket event samo na kreiranju/brisanju notifikacija provjerom tipa entiteta u payloadu socket eventa (ne)radimo refetch entiteta,219,False,False,False,True,True,True,,0,"# Description

socket module sad nije globalan
maknuto emitiranje socket eventa u event moduleu
emita se socket event samo na kreiranju/brisanju notifikacija
provjerom tipa entiteta u payloadu socket eventa (ne)radimo refetch entiteta",32,4,12.5,0,1618.1166666666668,1618.1166666666668,0.0,2618.166666666667
609,2995410985,2025-11-10T13:55:31Z,2025-11-10T14:02:53Z,2025-11-10T14:02:53Z,2025-11-10T14:02:55Z,2025-11-10T13:56:26Z,2025-11-10T13:55:31+00:00,[user_2],2,[user_2],1,[user_3],1,0,1,2,1,0,0,1,1,0,0,0,2025-11-10T13:59:47+00:00,2025-11-10T13:59:47+00:00,0,14703968 BE: Notifikacije,25,TypeScript,nebi se dohvacale notifikacije jer se dobavljaju sve notifikacije kreirane nakon user.createdAt a kad su se prebacivale metode iz session repozitorija u user repozitorija desia se propust i nije se dohvaca createdAt na getById,226,True,False,False,False,True,False,,0,"# Description

nebi se dohvacale notifikacije jer se dobavljaju sve notifikacije kreirane nakon user.createdAt a kad su se prebacivale metode iz session repozitorija u user repozitorija desia se propust i nije se dohvaca createdAt na getById",35,5,14.285714285714285,0,4.266666666666666,4.266666666666666,0.0,7.366666666666662
610,2995456407,2025-11-10T14:08:27Z,2025-11-12T08:36:14Z,2025-11-12T08:36:14Z,2025-11-12T08:36:16Z,2025-11-10T14:13:30Z,2025-11-10T14:08:27+00:00,[user_2],2,[user_2],2,[user]|[user_3],14,4,6,1,18,0,0,1,1,0,0,0,2025-11-11T16:19:34+00:00,2025-11-11T16:19:34+00:00,2,14701850 BE: Configuration module,33,TypeScript,maknut Global() u Configuration moduleu i importan u ostalim moduleima koji ga koriste,86,True,False,False,False,True,False,,0,"# Description

maknut Global() u Configuration moduleu i importan u ostalim moduleima koji ga koriste",13,4,30.76923076923077,0,1571.1166666666666,1571.1166666666666,0.0,2547.783333333333
611,2995639373,2025-11-10T14:58:23Z,2025-11-11T14:14:18Z,2025-11-11T14:14:18Z,2025-11-11T14:14:21Z,,2025-11-10T14:58:23+00:00,[user_3],3,[user_3],1,[user],204,202,1,2,406,0,0,0,0,0,0,0,,,1,14087874 FE: Grupiranje event polja,35,TypeScript,Izmijenjena lokacija polja na event formi.,42,False,False,False,True,False,True,,1,"# Description

Izmijenjena lokacija polja na event formi.",6,1,16.666666666666664,0,,,0.0,1395.9166666666667
612,2999044925,2025-11-11T13:19:47Z,2025-11-12T08:37:14Z,2025-11-12T08:37:13Z,2025-11-12T08:37:16Z,2025-11-11T13:24:15Z,2025-11-11T13:19:47+00:00,[user_2],2,[user_2],2,[user]|[user_3],11,3,4,1,14,0,0,1,1,0,0,0,2025-11-11T16:21:22+00:00,2025-11-11T16:21:22+00:00,2,14718958 FE: Client edit,24,TypeScript,"padala je forma na editu jer createdAt nije naveden u validatoru a slali smo ga u formu, napravia san da ga ne saljemo u formu ko sta ne saljemo lastUpdatedAt i njemu slicna polja kad san doda createdAt u User tip san uvatia jos jedan bug u prefill modalu di bi ispisalo (prazno) za sve trenutne vrijednosti klijenta sta je krivo, a problem je bia u tome sta smo slali cili event a hendlali ga ko da smo dobili samo klijenta",424,True,False,False,False,False,True,,0,"# Description

padala je forma na editu jer createdAt nije naveden u validatoru a slali smo ga u formu, napravia san da ga ne saljemo u formu ko sta ne saljemo lastUpdatedAt i njemu slicna polja
kad san doda createdAt u User tip san uvatia jos jedan bug u prefill modalu di bi ispisalo (prazno) za sve trenutne vrijednosti klijenta sta je krivo, a problem je bia u tome sta smo slali cili event a hendlali ga ko da smo dobili samo klijenta",81,20,24.69135802469136,0,181.58333333333337,181.58333333333337,0.0,1157.4333333333334
613,2999387912,2025-11-11T15:01:28Z,2025-11-12T09:01:36Z,2025-11-12T09:01:36Z,2025-11-12T09:01:38Z,2025-11-11T15:38:13Z,2025-11-11T15:01:28+00:00,[user_2],2,[user_2],2,[user]|[user_3],71,123,11,3,194,0,0,1,1,0,0,0,2025-11-12T09:00:01+00:00,2025-11-12T09:00:01+00:00,2,14718960 FS: Kontakt pravna osoba,33,TypeScript,"bug: kad bi dodali novog kontakta prvo bi se to polje napunilo sa contactInitialValues koje sadrzava clientType PRIVATE_ENTITY pa kad bi isli upisat nekog postojecu pravnu osobu za kontakt, prominia bi mu se tip u privatnu osobu promjene: createUserType azuriran da su boolean polja opcionalna jer je u schemi defaultani na false PatchUserType popravljen da je zapravo Patch tip (opcionalno sve osim ID) maknuti selectovi clientTypea i companyNamea za kontakte jer nam sad ne tribaju na BE na create usera ako je klijent i nema clientType zakucavamo ga na privatna osoba pociscene inicijalne vrijednosti zaposlenika, klijenata, kontakata u user validatoru maknut required sa clientType jer ako nije tu defaultamo ga na privatnu osobu ako je klijent u pitanju",758,True,False,False,True,True,True,,0,"# Description

bug: kad bi dodali novog kontakta prvo bi se to polje napunilo sa contactInitialValues koje sadrzava clientType PRIVATE_ENTITY pa kad bi isli upisat nekog postojecu pravnu osobu za kontakt, prominia bi mu se tip u privatnu osobu

promjene:
createUserType azuriran da su boolean polja opcionalna jer je u schemi defaultani na false
PatchUserType popravljen da je zapravo Patch tip (opcionalno sve osim ID)
maknuti selectovi clientTypea i companyNamea za kontakte jer nam sad ne tribaju
na BE na create usera ako je klijent i nema clientType zakucavamo ga na privatna osoba
pociscene inicijalne vrijednosti zaposlenika, klijenata, kontakata
u user validatoru maknut required sa clientType jer ako nije tu defaultamo ga na privatnu osobu ako je klijent u pitanju",118,29,24.57627118644068,0,1078.55,1078.55,0.0,1080.1333333333334
614,2999599084,2025-11-11T16:01:10Z,2025-11-12T10:02:00Z,2025-11-12T10:02:00Z,2025-11-12T10:02:02Z,,2025-11-11T16:01:10+00:00,[user_2],2,[user_2],2,[user]|[user_3],1,2,1,2,3,0,0,1,1,0,0,0,2025-11-12T09:03:28+00:00,2025-11-12T09:03:28+00:00,2,14701941 BE: Offer module,25,TypeScript,maknut service module import u offer module,43,False,False,False,True,True,False,,0,"# Description

maknut service module import u offer module",7,1,14.285714285714285,0,1022.3,1022.3,0.0,1080.8333333333333
615,2999622659,2025-11-11T16:09:02Z,2025-11-12T09:09:52Z,2025-11-12T09:09:52Z,2025-11-12T09:09:54Z,,2025-11-11T16:09:02+00:00,[user_2],2,[user_2],2,[user]|[user_3],6,1,2,1,7,0,0,1,1,0,0,0,2025-11-12T09:04:29+00:00,2025-11-12T09:04:29+00:00,2,14701953 BE: Changes service komentar,37,TypeScript,"zakomentirano zasto pozivamo event getById u changes service i neradimo nista sa njim pomaka san i provjeru iz event controllera u changes service (ovo je bia privremeni fix da se izbjegne circular dependency, al sad se nemoze izbjec svakako)",242,False,False,False,True,True,False,,0,"# Description

zakomentirano zasto pozivamo event getById u changes service i neradimo nista sa njim
pomaka san i provjeru iz event controllera u changes service (ovo je bia privremeni fix da se izbjegne circular dependency, al sad se nemoze izbjec svakako)",39,9,23.076923076923077,0,1015.45,1015.45,0.0,1020.8333333333334
616,3001961434,2025-11-12T08:54:49Z,2025-11-12T10:12:09Z,2025-11-12T10:12:09Z,2025-11-12T10:12:10Z,,2025-11-12T08:54:49+00:00,[user_2],2,[user_2],2,[user]|[user_3],23,5,12,3,28,0,0,1,1,0,0,0,2025-11-12T09:14:01+00:00,2025-11-12T09:14:01+00:00,2,14701860 BE: Cache module,25,TypeScript,maknuta globalna registracija cache modulea i importan tamo di se koristi,73,False,False,False,True,True,False,,0,"# Description

maknuta globalna registracija cache modulea i importan tamo di se koristi",11,1,9.090909090909092,0,19.2,19.2,0.0,77.33333333333334
617,3002255113,2025-11-12T10:23:26Z,2025-11-13T10:50:42Z,2025-11-13T10:50:42Z,2025-11-13T10:50:44Z,,2025-11-12T10:23:26+00:00,[user_3],3,[user_3],2,[user_2]|[user],6,5,3,2,11,0,0,1,1,0,0,0,2025-11-12T12:25:02+00:00,2025-11-12T12:25:02+00:00,2,14742302 FE: EmployeeEdit validacija,36,TypeScript,1. na employee createu se password polje ne zacrveni ako je prazno - Falila su password i repeatPassword polja u createEmployeeInitialValues 2. na employee editu nebi tribalo postojat password polje jer smo odvojili edit i change password - Vracen id u formu da znamo je li u create ili edit modu i prema tome prikazujemo password polja,336,True,False,False,False,False,True,,0,"# Description

1. na employee createu se password polje ne zacrveni ako je prazno
- Falila su password i repeatPassword polja u createEmployeeInitialValues

2. na employee editu nebi tribalo postojat password polje jer smo odvojili edit i change password
- Vracen id u formu da znamo je li u create ili edit modu i prema tome prikazujemo password polja",55,15,27.27272727272727,0,121.6,121.6,0.0,1467.2666666666669
618,3002378673,2025-11-12T11:01:11Z,2025-11-14T07:44:05Z,2025-11-14T07:44:05Z,2025-11-14T07:44:06Z,,2025-11-12T11:01:11+00:00,[user_2],2,[user_2],3,[user_2]|[user]|[user_3],90,303,17,4,393,0,3,2,1,1,0,0,2025-11-13T13:49:13+00:00,2025-11-13T13:49:13+00:00,2,14740837 FS: Assignee relacija,30,TypeScript,"obrisana internalPerson polja, dodana relacija Assignee na event maknuti endpointovi/hookovi koji su fetchali internalPerson cleanup svega di se koristia internalPerson dodan assigneeId u validator dohvacanje odgovorne osobe prilikom dohvacanja eventa azurirani event tipovi migracijska skripta",294,False,True,False,False,True,True,,0,"# Description

obrisana internalPerson polja, dodana relacija Assignee na event
maknuti endpointovi/hookovi koji su fetchali internalPerson
cleanup svega di se koristia internalPerson
dodan assigneeId u validator
dohvacanje odgovorne osobe prilikom dohvacanja eventa
azurirani event tipovi
migracijska skripta",36,4,11.11111111111111,0,1608.0333333333333,1608.0333333333333,0.0,2682.9
619,3002483666,2025-11-12T11:37:43Z,2025-11-14T12:22:58Z,2025-11-14T12:22:58Z,2025-11-14T12:23:01Z,,2025-11-12T11:37:43+00:00,[user_2],2,[user_2],3,[user_2]|[user]|[user_3],27,10,5,5,37,1,2,3,1,2,0,0,2025-11-13T13:54:21+00:00,2025-11-14T12:00:25+00:00,3,14740841 (2) BE: Proširenje User modela,39,TypeScript,dodano isAssignee polje u user tablici azurirani validatori: - mail i lozinka nisu obavezni za odgovorne osobe dohvacamo isAssigne prilikom dohvacanja usera azurirani user tipovi,178,False,True,False,False,True,False,,0,"# Description

dodano isAssignee polje u user tablici
azurirani validatori:
- mail i lozinka nisu obavezni za odgovorne osobe
dohvacamo isAssigne prilikom dohvacanja usera
azurirani user tipovi",24,3,12.5,2,1576.6333333333332,2902.7,0.0,2925.25
620,3002684720,2025-11-12T12:45:02Z,2025-11-14T12:35:23Z,2025-11-14T12:35:23Z,2025-11-14T12:35:25Z,,2025-11-12T12:45:02+00:00,[user_2],2,[user_2],2,[user]|[user_3],91,35,16,11,126,1,0,2,1,1,0,0,2025-11-13T13:59:43+00:00,2025-11-14T12:16:23+00:00,3,14741084 FS: Assignee permisija,31,TypeScript,dodana canManageAssignees permisija,35,False,True,False,False,True,True,,0,"# Description

dodana canManageAssignees permisija",3,0,0.0,0,1514.6833333333334,2851.35,0.0,2870.35
621,3002761142,2025-11-12T13:07:20Z,2025-11-14T12:36:38Z,2025-11-14T12:36:38Z,2025-11-14T12:36:39Z,,2025-11-12T13:07:20+00:00,[user_2],2,[user_2],3,[user_2]|[user]|[user_3],102,4,3,7,106,0,3,2,1,1,0,0,2025-11-13T14:16:43+00:00,2025-11-13T14:16:43+00:00,2,14740899 BE: Assignee query param,33,TypeScript,dodan assignee query param koji ako je true dobavljamo sve odgovorne osobe,74,False,True,False,False,True,False,,0,"# Description

dodan assignee query param koji ako je true dobavljamo sve odgovorne osobe",12,2,16.666666666666664,0,1509.3833333333332,1509.3833333333332,0.0,2849.3
622,3006007108,2025-11-13T08:44:57Z,2025-11-14T11:25:36Z,2025-11-14T11:25:36Z,2025-11-14T11:25:38Z,,2025-11-13T08:44:57+00:00,[user_2],2,[user_2],3,[user_2]|[user]|[user_3],70,32,3,1,102,0,2,2,1,1,0,0,2025-11-13T14:28:29+00:00,2025-11-13T14:28:29+00:00,2,14760669 BE: Event polja za klijenta,36,TypeScript,za klijente dobavljena event polja: - Datum - Vrijeme - trajanje - Usluga - Način isporuke - Lokacija - Vrsta klijenta - Telefon klijenta - E-mail klijenta - Broj osoba u narudžbi: od - do - Napomene,199,False,False,True,False,True,False,,0,"# Description

za klijente dobavljena event polja:
- Datum
- Vrijeme
- trajanje
- Usluga
- Način isporuke
- Lokacija
- Vrsta klijenta
- Telefon klijenta
- E-mail klijenta
- Broj osoba u narudžbi: od - do
- Napomene",26,25,96.15384615384616,1,343.5333333333333,343.5333333333333,0.0,1600.65
623,3006374667,2025-11-13T10:28:45Z,2025-11-14T11:37:24Z,2025-11-14T11:37:24Z,2025-11-14T11:37:26Z,,2025-11-13T10:28:45+00:00,[user_2],2,[user_2],2,[user]|[user_3],30,23,9,4,53,0,1,1,1,0,0,0,2025-11-13T14:55:24+00:00,2025-11-13T14:55:24+00:00,2,14762078 BE: Preferences polje,30,TypeScript,dodano opcionalno string preferences polje u User tablicu azurirani tipovi i validator select preferenci na getById primjetia san neke greske kod tipova pa san pocistia usput migracijska skripta azurirana update metoda u user serviceu tako da korisnici sami sebi mogu updateati preference bez canManageUsers prava,313,False,True,False,False,True,False,,0,"# Description

dodano opcionalno string preferences polje u User tablicu
azurirani tipovi i validator
select preferenci na getById
primjetia san neke greske kod tipova pa san pocistia usput
migracijska skripta
azurirana update metoda u user serviceu tako da korisnici sami sebi mogu updateati preference bez canManageUsers prava",45,6,13.333333333333334,0,266.65000000000003,266.65000000000003,0.0,1508.65
624,3006567982,2025-11-13T11:21:52Z,2025-11-21T10:50:30Z,2025-11-21T10:50:30Z,2025-11-21T10:50:32Z,,2025-11-13T11:21:52+00:00,[user_3],3,[user_3],2,[user_2]|[user],104,39,5,7,143,6,2,5,2,3,0,0,2025-11-14T11:48:01+00:00,2025-11-14T11:48:01+00:00,6,14744661 FE: Maknuti if uvjet kod MvpOfferContent u EventForm,61,TypeScript,Uklonjen if uvjet kod MvpOfferContent komponente u event formi.,63,False,False,False,True,False,True,,0,"# Description

Uklonjen if uvjet kod MvpOfferContent komponente u event formi.",9,1,11.11111111111111,1,1466.15,1466.15,4320.0,7168.633333333334
625,3006940861,2025-11-13T13:22:52Z,2025-11-15T13:43:25Z,2025-11-15T13:43:25Z,2025-11-15T13:43:27Z,,2025-11-13T13:22:52+00:00,[user_3],3,[user_3],2,[user_2]|[user],48,50,9,2,98,0,2,1,1,0,0,0,2025-11-14T11:53:00+00:00,2025-11-14T11:53:00+00:00,2,14761835 FE: Refresh forbidden,30,TypeScript,"Postojala su nam dva problema u kodu: - U pagevima smo imali if provjere za permisije prije deklaracije hookova, što je stvaralo error ""Rendered more hooks than in previous render..."" pa sam prebacio provjere nakon deklaracija. - Učitavanje usera nije instant pa bi neko vrijeme bio undefined, kod svakog useCurrentUser sam dodao isLoading provjeru i render spinnera.",367,True,False,False,False,False,True,,0,"# Description

Postojala su nam dva problema u kodu:
- U pagevima smo imali if provjere za permisije prije deklaracije hookova, što je stvaralo error ""Rendered more hooks than in previous render..."" pa sam prebacio provjere nakon deklaracija.
- Učitavanje usera nije instant pa bi neko vrijeme bio undefined, kod svakog useCurrentUser sam dodao isLoading provjeru i render spinnera.",55,49,89.0909090909091,0,1350.1333333333334,1350.1333333333334,860.55,2040.0
626,3011332388,2025-11-14T16:07:52Z,2025-11-21T11:28:04Z,2025-11-21T11:28:04Z,2025-11-21T11:28:06Z,,2025-11-14T16:07:52+00:00,[user_3],3,[user_3],3,[user_2]|[user]|[user_3],403,91,12,19,494,0,23,10,1,9,0,0,2025-11-15T15:26:04+00:00,2025-11-21T10:15:58+00:00,4,14714003 FE: Vezani/ponavljajući događaji,41,TypeScript,"Kreirana funkcionalnost ponavljajućih događaja. Prilikom kreiranja postoji checkbox ""Uključi ponavljanje"" kojeg kad kliknemo otvori se dva inputa, jedan za broj tjedana, drugi za dane u tjednu. Funckionira na način da od startDate-a gledamo X broj tjedana unaprijed, i na označene dane, uz inicijalno postavljen datum kreiramo isti događaj. Ispod tih input-a se nalazi prozor o informacijama kada i koliko događaja kreiramo. Napravljene su sljedeće izmjene: - Kreirana EventRecurringGenerator komponenta koja sadrži gore navedenu logiku i prikazana je samo prilikom kreiranja događaja - Dodan recurring objekt (FE only) u formu sa propovima: enabled, days, weeks i eventCount za čuvanje stanja, handleanje grešaka i validaciju - Dodana validacija i postavljen limit na maksimalno kreiranje od 30 događaja (ako je malo vičite, promijenit ćemo) - Ako je događaj recurring, u EventForm šibamo await handleSubmit u for petlju za broj datuma - Zbog strukture api hooka, toastevi su prebačeni u EventForm, kao i handleanje grešaka Vidite i javite šta mislite o cjelokupnoj strukturi, naravno ovo nije idealno rješenje. U budućnosti možemo složiti poseban endpoint i novi hook za bulk kreiranje pa da šaljemo niz događaja na BE.",1221,False,True,False,False,False,True,,1,"# Description

Kreirana funkcionalnost ponavljajućih događaja. Prilikom kreiranja postoji checkbox ""Uključi ponavljanje"" kojeg kad kliknemo otvori se dva inputa, jedan za broj tjedana, drugi za dane u tjednu. Funckionira na način da od startDate-a gledamo X broj tjedana unaprijed, i na označene dane, uz inicijalno postavljen datum kreiramo isti događaj. Ispod tih input-a se nalazi prozor o informacijama kada i koliko događaja kreiramo. Napravljene su sljedeće izmjene:
- Kreirana EventRecurringGenerator komponenta koja sadrži gore navedenu logiku i prikazana je samo prilikom kreiranja događaja
- Dodan recurring objekt (FE only) u formu sa propovima: enabled, days, weeks i eventCount za čuvanje stanja, handleanje grešaka i validaciju
- Dodana validacija i postavljen limit na maksimalno kreiranje od 30 događaja (ako je malo vičite, promijenit ćemo)
- Ako je događaj recurring, u EventForm šibamo await handleSubmit u for petlju za broj datuma
- Zbog strukture api hooka, toastevi su prebačeni u EventForm, kao i handleanje grešaka

Vidite i javite šta mislite o cjelokupnoj strukturi, naravno ovo nije idealno rješenje. U budućnosti možemo složiti poseban endpoint i novi hook za bulk kreiranje pa da šaljemo niz događaja na BE.",180,162,90.0,3,1398.2,9728.1,4320.0,5480.200000000001
627,3013547228,2025-11-15T14:15:00Z,2025-11-15T16:44:23Z,2025-11-15T16:44:23Z,2025-11-15T16:44:25Z,,2025-11-15T14:15:00+00:00,[user_3],3,[user_3],2,[user_2]|[user],19,3,2,1,22,0,0,1,1,0,0,0,2025-11-15T15:31:45+00:00,2025-11-15T15:31:45+00:00,2,14744044 FE: Široke tablice,27,TypeScript,"Popravljen truncate u TableCell komponenti, dodan custom css za truncate ćelija.",80,True,False,False,False,False,True,,2,"# Description

Popravljen truncate u TableCell komponenti, dodan custom css za truncate ćelija.",11,10,90.9090909090909,2,76.75,76.75,149.38333333333335,0.0
628,3013561335,2025-11-15T14:32:15Z,2025-11-15T16:46:00Z,2025-11-15T16:46:00Z,2025-11-15T16:46:01Z,,2025-11-15T14:32:15+00:00,[user_3],3,[user_3],2,[user_2]|[user],4,0,1,1,4,0,0,1,1,0,0,0,2025-11-15T15:34:41+00:00,2025-11-15T15:34:41+00:00,2,14744189 FE: Centrirati login box vertikalno,44,TypeScript,Dodana puna visina na root element da bi login box bio centriran.,65,False,False,False,True,False,True,,1,"# Description

Dodana puna visina na root element da bi login box bio centriran.",12,3,25.0,0,62.43333333333334,62.43333333333334,133.75,0.0
629,3013573023,2025-11-15T14:42:49Z,2025-11-15T16:46:23Z,2025-11-15T16:46:23Z,2025-11-15T16:46:25Z,,2025-11-15T14:42:49+00:00,[user_3],3,[user_3],2,[user_2]|[user],12,7,7,1,19,0,0,1,1,0,0,0,2025-11-15T15:38:38+00:00,2025-11-15T15:38:38+00:00,2,"14744169 FE: Širina gumba ""Dodaj""",33,TypeScript,"Normalizirana širina gumbova ""Dodaj"" zamotavanjem teksta u span element.",72,True,False,False,False,False,True,,0,"# Description

Normalizirana širina gumbova ""Dodaj"" zamotavanjem teksta u span element.",9,9,100.0,3,55.81666666666666,55.81666666666666,123.56666666666666,0.0
630,3013687420,2025-11-15T16:40:57Z,2025-11-21T12:28:14Z,2025-11-21T12:28:14Z,2025-11-21T12:28:16Z,,2025-11-15T16:40:57+00:00,[user_3],3,[user_3],2,[user_2]|[user],58,6,3,5,64,0,2,2,1,1,0,0,2025-11-17T12:05:09+00:00,2025-11-21T10:32:41+00:00,3,14740878 FE: Ažuriranje User forme,34,TypeScript,"Ažurirana User (Employee) forma na temelju zahtjeva. Napravljene su sljedeće promjene: - Dodan checkbox ""Odgovorna osoba"" - Na temelju checkboxa prilagođena logika za polja email i password što se tiče opcionalnosti - Ako je ""Odgovorna osoba"" checkbox uključen, prikazuje se opcionalno polje ""Kontakt broj"" Nešto mi je padala validacija za email kad bih kreirao odgovornu osobu, međutim u međuvremenu je nekako proradilo, možda se packages nije osvježio, svakako testirajte.",474,False,True,False,False,False,True,,1,"# Description

Ažurirana User (Employee) forma na temelju zahtjeva. Napravljene su sljedeće promjene:
- Dodan checkbox ""Odgovorna osoba""
- Na temelju checkboxa prilagođena logika za polja email i password što se tiče opcionalnosti
- Ako je ""Odgovorna osoba"" checkbox uključen, prikazuje se opcionalno polje ""Kontakt broj""

Nešto mi je padala validacija za email kad bih kreirao odgovornu osobu, međutim u međuvremenu je nekako proradilo, možda se packages nije osvježio, svakako testirajte.",66,58,87.87878787878788,2,2604.2000000000003,8271.733333333332,3300.0,5087.283333333334
631,3016792826,2025-11-17T09:40:57Z,2025-11-21T09:38:03Z,2025-11-21T09:38:03Z,2025-11-21T09:38:05Z,,2025-11-17T09:40:57+00:00,[user_2],2,[user_2],2,[user]|[user_3],23,7,2,2,30,0,0,1,1,0,0,0,2025-11-19T12:41:19+00:00,2025-11-19T12:41:19+00:00,2,14801053 FS: Status nepoznato validacija,40,TypeScript,dopusti event status Nepoznato za događaje kreiranje prije 1.lipnja 2025.,73,True,False,False,False,True,True,,0,"# Description

dopusti event status Nepoznato za događaje kreiranje prije 1.lipnja 2025.",11,9,81.81818181818183,0,3060.366666666667,3060.366666666667,1440.0,4317.100000000001
632,3017369361,2025-11-17T12:47:26Z,2025-11-17T13:56:47Z,2025-11-17T13:56:47Z,2025-11-17T13:56:48Z,,2025-11-17T12:47:26+00:00,[user_2],2,[user_3],2,[user]|[user_3],12,1,1,1,13,0,0,1,1,0,0,0,2025-11-17T13:48:56+00:00,2025-11-17T13:48:56+00:00,2,14805449 BE: Bulk create event,30,TypeScript,"prosiren post event endpoint da omogucimo i bulk kreiranje dogadaja ovo je brzinsko rjesenje da se samo pozove obicni create vise puta, ako bude trebalo mozemo napravit i bas createMany servis koji ce u jednom requestu na bazu kreirati sve dogadaje.",249,False,True,False,False,True,False,,0,"# Description

prosiren post event endpoint da omogucimo i bulk kreiranje dogadaja
ovo je brzinsko rjesenje da se samo pozove obicni create vise puta, ako bude trebalo mozemo napravit i bas createMany servis koji ce u jednom requestu na bazu kreirati sve dogadaje.",41,9,21.951219512195124,0,61.49999999999999,61.49999999999999,0.0,69.35
633,3017736204,2025-11-17T14:37:41Z,2025-11-21T09:39:05Z,2025-11-21T09:39:05Z,2025-11-21T09:39:07Z,,2025-11-17T14:37:41+00:00,[user_2],2,[user_2],1,[user_3],0,172,7,1,172,0,0,1,1,0,0,0,2025-11-19T12:42:02+00:00,2025-11-19T12:42:02+00:00,0,14807758 FS: Client module,26,TypeScript,obrisano: - client module - useFetchClients hook - CLIENTS u apiRoutes,70,False,False,False,True,True,True,,0,"# Description

obrisano:
- client module
- useFetchClients hook
- CLIENTS u apiRoutes",8,1,12.5,0,2764.35,2764.35,1440.0,4021.4
634,3017765046,2025-11-17T14:44:29Z,2025-11-21T09:39:28Z,2025-11-21T09:39:28Z,2025-11-21T09:39:30Z,,2025-11-17T14:44:29+00:00,[user_2],2,[user_2],2,[user]|[user_3],11,59,10,1,70,0,0,1,1,0,0,0,2025-11-19T20:00:58+00:00,2025-11-19T20:00:58+00:00,2,14807760 BE: Notification forwardRef,36,TypeScript,obrisani forwardRefovi na notification module tamo di ne triba,62,False,False,False,True,True,False,,0,"# Description

obrisani forwardRefovi na notification module tamo di ne triba",9,2,22.22222222222222,0,3196.4833333333336,3196.4833333333336,1440.0,4014.9833333333327
636,3017881925,2025-11-17T15:16:53Z,2025-11-21T10:33:24Z,2025-11-21T10:33:24Z,2025-11-21T10:33:25Z,,2025-11-17T15:16:53+00:00,[user_2],2,[user_2],2,[user]|[user_3],60,127,9,3,187,0,1,1,1,0,0,0,2025-11-19T20:05:19+00:00,2025-11-19T20:05:19+00:00,2,14807766 BE: Locations module,29,TypeScript,obrisan location module i prebaceno sve u event module alignan endpoint na FE,77,False,False,False,True,True,True,,0,"# Description

obrisan location module i prebaceno sve u event module
alignan endpoint na FE",13,3,23.076923076923077,0,3168.4333333333334,3168.4333333333334,1440.0,4036.5166666666655
637,3017892239,2025-11-17T15:19:34Z,2025-11-17T15:26:11Z,2025-11-17T15:26:11Z,2025-11-17T15:26:13Z,,2025-11-17T15:19:34+00:00,[user_2],2,[user_2],0,,10,10,1,1,20,0,0,0,0,0,0,0,,,0,14807764 BE: Event controller prefix,36,TypeScript,dodan prefix u event controlleru da ne ponavljamo /events za svaki endpoint,75,True,False,False,False,True,False,,0,"# Description

dodan prefix u event controlleru da ne ponavljamo /events za svaki endpoint",12,4,33.33333333333333,0,,,0.0,6.616666666666662
638,3029336126,2025-11-20T10:44:56Z,2025-11-22T16:10:05Z,2025-11-22T16:10:05Z,2025-11-22T16:10:07Z,2025-11-20T10:54:34Z,2025-11-20T10:44:56+00:00,[user_3],3,[user_3],3,[user_2]|[user]|[user_3],175,45,2,8,220,0,8,4,1,3,0,0,2025-11-21T10:57:10+00:00,2025-11-22T12:01:03+00:00,2,14744200 FE: Ažurirati MvpOfferContent komponentu,49,TypeScript,Ažurirana MvpOfferContent komponenta na temelju privitka u zadatku. Napravljene su sljedeće izmjene: - Dodana select polja za vrstu i skupinu - Korigiranje col-ova da bude preglednije - Handleana logika da usluge nemaju skupine - Filtriranje popisa proizvoda na temelju vrste i skupine - Čišćenje komponente i korigiranje tipova - Ažuriranje validatora,352,False,False,True,False,False,True,,1,"# Description

Ažurirana MvpOfferContent komponenta na temelju privitka u zadatku. Napravljene su sljedeće izmjene:
- Dodana select polja za vrstu i skupinu
- Korigiranje col-ova da bude preglednije
- Handleana logika da usluge nemaju skupine
- Filtriranje popisa proizvoda na temelju vrste i skupine
- Čišćenje komponente i korigiranje tipova
- Ažuriranje validatora",46,45,97.82608695652172,3,1452.2333333333331,2956.116666666667,985.15,2220.0
639,3029410349,2025-11-20T11:05:15Z,2025-11-20T11:14:06Z,2025-11-20T11:14:06Z,2025-11-20T11:14:08Z,,2025-11-20T11:05:15+00:00,[user_3],3,[user_3],1,[user],4,3,1,1,7,0,0,0,0,0,0,0,,,1,14829494 FE: Ažurirati ikonice u navigaciji,43,TypeScript,Ažurirane ikonice u navigaciji za klijente i usluge (IconAddressBook i IconCategory),84,False,False,True,False,False,True,,0,"# Description

Ažurirane ikonice u navigaciji za klijente i usluge (IconAddressBook i IconCategory)",11,11,100.0,4,,,0.0,8.85
640,3029458856,2025-11-20T11:19:32Z,2025-11-21T11:29:27Z,2025-11-21T11:29:27Z,2025-11-21T11:29:29Z,,2025-11-20T11:19:32+00:00,[user_3],3,[user_3],2,[user_2]|[user],5,0,1,1,5,0,0,1,1,0,0,0,2025-11-21T10:59:28+00:00,2025-11-21T10:59:28+00:00,1,"14829591 FE: Dodati disclaimer na ekran ""Ponude""",48,TypeScript,"Dodan disclaimer na stranicu ""Ponude""",37,False,False,True,False,False,True,,1,"# Description

Dodan disclaimer na stranicu ""Ponude""",5,1,20.0,1,1419.9333333333334,1419.9333333333334,0.0,1449.9166666666663
641,3029473932,2025-11-20T11:24:02Z,2025-11-20T11:30:14Z,2025-11-20T11:30:14Z,2025-11-20T11:30:16Z,,2025-11-20T11:24:02+00:00,[user_3],3,[user_3],1,[user],2,2,1,1,4,0,0,0,0,0,0,0,,,1,14829857 FE: Prazno ime i prezime kod klijent tablice,53,TypeScript,Dodana crtica prilikom praznog polja imena i prezimena u tablici klijenata,74,True,False,False,False,False,True,,0,"# Description

Dodana crtica prilikom praznog polja imena i prezimena u tablici klijenata",11,2,18.181818181818183,1,,,0.0,6.199999999999998
642,3029736237,2025-11-20T12:39:42Z,2025-11-20T12:59:14Z,2025-11-20T12:59:14Z,2025-11-20T12:59:16Z,,2025-11-20T12:39:42+00:00,[user_3],3,[user_3],2,[user_2]|[user],18,11,5,1,29,0,0,0,0,0,0,0,,,2,14830013 FE: Ne koristimo isti dash za prazne podatke,53,TypeScript,"Normaliziran dash, dodana EMTPY_DASH konstanta u constants/ui.ts",64,False,False,False,True,False,True,,0,"# Description

Normaliziran dash, dodana EMTPY_DASH konstanta u constants/ui.ts",9,1,11.11111111111111,2,,,0.0,19.533333333333328
643,3029799097,2025-11-20T12:58:05Z,2025-11-21T11:30:06Z,2025-11-21T11:30:06Z,2025-11-21T11:30:07Z,2025-11-20T13:01:41Z,2025-11-20T12:58:05+00:00,[user_3],3,[user_3],2,[user_2]|[user],81,12,7,2,93,0,0,1,1,0,0,0,2025-11-21T11:04:12+00:00,2025-11-21T11:04:12+00:00,2,14830098 FE: Dodati lijevi obrub na tablicu događaja u boji badgea statusa,74,TypeScript,"Pošto imamo reusable Table i TableRow komponente, nije mi imalo smisla samo ""zviznuti"" status preko propsa u TableRow i to je to. Umjesto toga sam pročitao vrijesnost statusa preko stupca ""Status"" i Badge komponente. TypeScript se naravno bunio pa sam napravio type safe provjere čisto da ne dodajemo eslint error komentare. Edit: slučajno mi je osta diff od PR-a za dash, pa samo zanemarite te fajlove da ne radim novi PR",422,False,False,True,False,False,True,,1,"# Description

Pošto imamo reusable Table i TableRow komponente, nije mi imalo smisla samo ""zviznuti"" status preko propsa u TableRow i to je to. Umjesto toga sam pročitao vrijesnost statusa preko stupca ""Status"" i Badge komponente. TypeScript se naravno bunio pa sam napravio type safe provjere čisto da ne dodajemo eslint error komentare.

Edit: slučajno mi je osta diff od PR-a za dash, pa samo zanemarite te fajlove da ne radim novi PR",72,63,87.5,10,1326.1166666666668,1326.1166666666668,0.0,1352.0166666666669
644,3030158971,2025-11-20T14:38:47Z,2025-11-21T11:42:05Z,2025-11-21T11:42:05Z,2025-11-21T11:42:06Z,,2025-11-20T14:38:47+00:00,[user_3],3,[user_3],2,[user_2]|[user],23,16,3,2,39,0,1,1,1,0,0,0,2025-11-21T11:17:07+00:00,2025-11-21T11:17:07+00:00,2,14761252 FE: Maknut nepotreban fetch usluga u event tablici,59,TypeScript,"Uklonjena logika dohvata usluga i iteriranja kroz događaje, umjesto toga ubačen event.service.name, prilagođena invalidacija cache-a.",133,False,False,False,True,False,True,,0,"# Description

Uklonjena logika dohvata usluga i iteriranja kroz događaje, umjesto toga ubačen event.service.name, prilagođena invalidacija cache-a.",18,17,94.44444444444444,1,1238.3333333333333,1238.3333333333333,0.0,1263.3
645,3033313004,2025-11-21T10:48:43Z,2025-11-21T11:38:24Z,2025-11-21T11:38:24Z,2025-11-21T11:38:25Z,,2025-11-21T10:48:43+00:00,[user_3],3,[user_3],2,[user_2]|[user],1,0,1,1,1,0,0,1,1,0,0,0,2025-11-21T11:22:56+00:00,2025-11-21T11:22:56+00:00,2,14867802 FE: Izbrisan event strikethrough text,46,TypeScript,Popravljen strikethrough text style za izbrisan događaj,55,True,False,False,False,False,True,,0,"# Description

Popravljen strikethrough text style za izbrisan događaj",7,7,100.0,0,34.21666666666667,34.21666666666667,0.0,49.68333333333333
646,3033408025,2025-11-21T11:21:45Z,2025-11-21T11:28:33Z,2025-11-21T11:28:33Z,2025-11-21T11:28:35Z,,2025-11-21T11:21:45+00:00,[user_2],2,[user_2],0,,2,0,1,1,2,0,0,0,0,0,0,0,,,0,14882269 BE: Event service cache,32,TypeScript,Invalidiran event cache na kreiranju/azuriranju servisa jer dohvacamo povezani servis kroz event.,97,True,False,False,False,True,False,,0,"# Description

Invalidiran event cache na kreiranju/azuriranju servisa jer dohvacamo povezani servis kroz event.",13,1,7.6923076923076925,0,,,0.0,6.799999999999998
647,3034010749,2025-11-21T14:42:41Z,2025-11-22T11:44:24Z,2025-11-22T11:44:24Z,2025-11-22T11:44:26Z,,2025-11-21T14:42:41+00:00,[user_2],2,[user_2],2,[user]|[user_3],30,11,8,2,41,0,0,1,1,0,0,0,2025-11-22T10:43:09+00:00,2025-11-22T10:43:09+00:00,2,14829170 BE: Polje 'Naziv' ponude,33,TypeScript,"dodano polje ""name"" u Offer tablicu dodana migracijska skripta gdje sve ponude dobijaju defaultno ime prema IDu: npr. ID: efjeu3i90 -> name: EFJ-EU3 usput pociscena logika na offer formi u inicijalne vrijednosti ponuda dodano ime: (prazno), ovo ce se maknit sa FE PR-om, ovo je samo da se s ovim PRom ne skrsi kreiranje novih ponuda dok nemamo jos na FE to polje",362,False,True,False,False,True,True,,0,"# Description

dodano polje ""name"" u Offer tablicu
dodana migracijska skripta gdje sve ponude dobijaju defaultno ime prema IDu: npr. ID: efjeu3i90 -> name: EFJ-EU3
usput pociscena logika na offer formi
u inicijalne vrijednosti ponuda dodano ime: (prazno), ovo ce se maknit sa FE PR-om, ovo je samo da se s ovim PRom ne skrsi kreiranje novih ponuda dok nemamo jos na FE to polje",64,12,18.75,0,1200.4666666666667,1200.4666666666667,721.7166666666667,540.0
648,3036304072,2025-11-22T11:10:50Z,2025-11-22T16:18:21Z,2025-11-22T16:18:21Z,2025-11-22T16:18:23Z,,2025-11-22T11:10:50+00:00,[user_3],3,[user_3],3,[user_2]|[user]|[user_3],30,20,6,4,50,0,2,2,1,1,0,0,2025-11-22T12:05:47+00:00,2025-11-22T12:09:09+00:00,2,14740900 FE: Ažuriranje useFetchUsers,37,TypeScript,Ažuriran useFetchUsers hook tako da može primiti isAssignee param i sukladno tome ga slati na BE da nam vrati usere koji su isAssignee. Počišen hook prebacivanjem logike u Router.,179,False,False,True,True,False,True,,0,"# Description

Ažuriran useFetchUsers hook tako da može primiti isAssignee param i sukladno tome ga slati na BE da nam vrati usere koji su isAssignee. Počišen hook prebacivanjem logike u Router.",29,26,89.65517241379311,2,54.95,58.31666666666666,307.51666666666665,0.0
649,3036393567,2025-11-22T13:01:01Z,2025-11-24T09:39:27Z,2025-11-24T09:39:27Z,2025-11-24T09:39:30Z,2025-11-22T13:07:31Z,2025-11-22T13:01:01+00:00,[user_3],3,[user_3],2,[user_2]|[user],35,0,2,4,35,0,0,1,1,0,0,0,2025-11-24T07:48:16+00:00,2025-11-24T07:48:16+00:00,2,14741016 FE: Ažuriranje event forme,35,TypeScript,"Ažurirana forma događaja, dodano polje ""Odgovorna osoba"". Prilagođen kod, dohvat odgovornih osoba, (naletio sam na bug na BE pa trenutno ne radi editiranje na inicijalnu vrijednost).",182,False,True,False,False,False,True,,0,"# Description

Ažurirana forma događaja, dodano polje ""Odgovorna osoba"". Prilagođen kod, dohvat odgovornih osoba, (naletio sam na bug na BE pa trenutno ne radi editiranje na inicijalnu vrijednost).",26,23,88.46153846153845,3,2567.25,2567.25,2040.0,638.4333333333335
650,3036422617,2025-11-22T13:38:07Z,2025-11-24T09:55:08Z,2025-11-24T09:55:08Z,2025-11-24T09:55:11Z,,2025-11-22T13:38:07+00:00,[user_3],3,[user_3],2,[user_2]|[user],22,7,4,5,29,0,0,1,1,0,0,0,2025-11-24T07:51:22+00:00,2025-11-24T07:51:22+00:00,2,14741101 FE: Kontakt odgovorne osobe,36,TypeScript,"Dodan kontakt broj ispod odgovorne osobe, uređeno formatiranje brojeva, prikazano (prazno) ako odgovorna osoba nije odabrana.",125,False,True,False,False,False,True,,3,"# Description

Dodan kontakt broj ispod odgovorne osobe, uređeno formatiranje brojeva, prikazano (prazno) ako odgovorna osoba nije odabrana.",16,15,93.75,0,2533.25,2533.25,2040.0,617.0166666666669
651,3036508870,2025-11-22T15:43:55Z,2025-11-24T10:10:41Z,2025-11-24T10:10:41Z,2025-11-24T10:10:43Z,,2025-11-22T15:43:55+00:00,[user_3],3,[user_3],2,[user_2]|[user],81,3,1,8,84,0,0,1,1,0,0,0,2025-11-24T08:02:29+00:00,2025-11-24T08:02:29+00:00,2,14741010 FE: Biranje odgovorne osobe u tablici,46,TypeScript,"Dodana ćelija ""Odgovorna osoba"" na temelju permisija. Ako korisnik ima permisiju, može birati odgvornu osobu, ako ne prikaže se samo read only polje s trenutnom vrijednosti. Razmišlja sam kako najčišće ovo izhandleat, nisam radia nikakav wrapper hook već sam iskoristia PATCH na useUpdateEvent. Proslijedia sam callback za update iz EventsTable komponente do helper funkcija pa javite mišljenje i štima li sve.",410,False,True,False,False,False,True,,1,"# Description

Dodana ćelija ""Odgovorna osoba"" na temelju permisija. Ako korisnik ima permisiju, može birati odgvornu osobu, ako ne prikaže se samo read only polje s trenutnom vrijednosti. Razmišlja sam kako najčišće ovo izhandleat, nisam radia nikakav wrapper hook već sam iskoristia PATCH na useUpdateEvent. Proslijedia sam callback za update iz EventsTable komponente do helper funkcija pa javite mišljenje i štima li sve.",61,54,88.52459016393442,1,2418.5666666666666,2418.5666666666666,1920.0,626.7666666666664
652,3036538803,2025-11-22T16:21:39Z,2025-11-22T16:30:14Z,2025-11-22T16:30:14Z,2025-11-22T16:30:16Z,,2025-11-22T16:21:39+00:00,[user_3],3,[user_3],0,,15,9,4,1,24,0,0,0,0,0,0,0,,,0,Quickfix: Empty dashes,22,TypeScript,Dodan EMPTY_DASH varijable gdje je potrebno.,44,True,False,False,False,False,False,TASK_ID,0,"# Description

Dodan EMPTY_DASH varijable gdje je potrebno.",6,1,16.666666666666664,0,,,8.583333333333329,-3.3306690738754696e-15
653,3039407357,2025-11-24T10:36:46Z,2025-12-02T14:41:06Z,2025-12-02T14:41:05Z,2025-12-02T14:41:09Z,2025-11-24T15:49:20Z,2025-11-24T10:36:46+00:00,[user_2],2,[user_2],3,[user_2]|[user]|[user_3],983,1726,61,20,2709,9,4,5,1,4,0,0,2025-11-25T16:03:50+00:00,2025-12-02T14:31:58+00:00,4,14831895 FS: Kontakt je klijent,31,TypeScript,"previse promjena da bi ih popisa al evo povrsinski glavne: promjenjena logika kontakata/klijenata sukladno tasku: - polja ime, prezime, mail i kontakt klijenta su sada iskljucivo u Kontakti dijelu i definiraju samog klijenta zajedno sa poljima tip klijenta, ime tvrtke i porezni broj tvrtke (oni su na razini eventa ali opisuju sve klijente navedene pod ""Kontakti"") - prilikom kreiranja eventa radi se upsert klijenata da minimiziramo duplikate ali kreiramo nove klijente za svaki novi tip klijenta ili oib firme (npr. 3 eventa: 1. privatna osoba ivo.ivic@unist.hr 2. pravna osoba ivo.ivic@unist.hr, firma A, OIB: 11111111111, 3. pravna osoba ivo.ivic@unist.hr, firma B, OIB: 22222222222 rezultirati ce sa 3 klijenta Ivo Ivić sa razlicitim tipom, oibom, ovo cemo kasnije ako bude potrebe lako ujediniti nekom skriptom) - obrisani ""Kontakti"" u formi klijenta",857,False,False,False,True,True,True,,0,"# Description

previse promjena da bi ih popisa al evo povrsinski glavne:

promjenjena logika kontakata/klijenata sukladno tasku:
- polja ime, prezime, mail i kontakt klijenta su sada iskljucivo u Kontakti dijelu i definiraju samog klijenta zajedno sa poljima tip klijenta, ime tvrtke i porezni broj tvrtke (oni su na razini eventa ali opisuju sve klijente navedene pod ""Kontakti"")
- prilikom kreiranja eventa radi se upsert klijenata da minimiziramo duplikate ali kreiramo nove klijente za svaki novi tip klijenta ili oib firme (npr. 3 eventa: 
1. privatna osoba ivo.ivic@unist.hr
2. pravna osoba ivo.ivic@unist.hr, firma A, OIB: 11111111111,
3. pravna osoba ivo.ivic@unist.hr, firma B, OIB: 22222222222
rezultirati ce sa 3 klijenta Ivo Ivić sa razlicitim tipom, oibom, ovo cemo kasnije ako bude potrebe lako ujediniti nekom skriptom)
- obrisani ""Kontakti"" u formi klijenta",136,103,75.73529411764706,1,1767.0666666666666,11755.2,2880.0,8884.316666666666
654,3045262074,2025-11-25T22:44:39Z,2025-12-11T20:33:14Z,2025-12-11T20:33:13Z,2025-12-11T20:33:16Z,2025-12-09T14:16:14Z,2025-11-25T22:44:39+00:00,[user],[user_id],[user_3],3,[user_2]|[user]|[user_3],52,30,11,3,82,1,4,5,2,3,0,0,2025-11-25T22:46:39+00:00,2025-11-28T12:51:54+00:00,4,chore: added client badge,25,TypeScript,https://drive.google.com/file/d/1eKSZ1P0HuhwaTJRXFCxCgf1FrXKjbKWN/view?usp=sharing,82,True,False,False,False,False,False,14829903,1,"# Description

https://drive.google.com/file/d/1eKSZ1P0HuhwaTJRXFCxCgf1FrXKjbKWN/view?usp=sharing",10,0,0.0,0,1.9999999999999976,3727.25,5760.0,17148.56666666667
655,3047237523,2025-11-26T11:33:51Z,2025-12-01T09:28:58Z,2025-12-01T09:28:58Z,2025-12-01T09:29:00Z,2025-11-26T11:45:23Z,2025-11-26T11:33:51+00:00,[user_3],3,[user_3],3,[user_2]|[user]|[user_3],929,767,12,10,1696,2,12,4,1,3,0,0,2025-11-28T13:24:16+00:00,2025-12-01T07:27:58+00:00,3,14761283 FE: Event polja za klijenta,36,TypeScript,"Na događaju skrivena polja koja korisnik klijent ne smije vidjeti provjerom isClient preko user.type, nakon implementacije smo imali nekoliko bugova vezano za dohvaćanje korisnika i proizvoda, bacalo bi nas na forbidden i logoutalo. Dodao sam enabled argument u api hookove da se uopće ne okidaju ako smo prijavljeni kao klijent. Popravljen bug gdje bi se u document.title prikazivalo undefined undefined za ime i prezime klijenta.",431,False,False,True,False,False,True,,0,"# Description

Na događaju skrivena polja koja korisnik klijent ne smije vidjeti provjerom isClient preko user.type, nakon implementacije smo imali nekoliko bugova vezano za dohvaćanje korisnika i proizvoda, bacalo bi nas na forbidden i logoutalo. 
Dodao sam enabled argument u api hookove da se uopće ne okidaju ako smo prijavljeni kao klijent.
Popravljen bug gdje bi se u document.title prikazivalo undefined undefined za ime i prezime klijenta.",67,58,86.56716417910447,1,2990.4166666666665,6954.116666666667,2880.0,4195.116666666666
656,3054025717,2025-11-28T13:01:34Z,2025-12-03T22:01:22Z,2025-12-03T22:01:22Z,2025-12-03T22:01:25Z,,2025-11-28T13:01:34+00:00,[user_3],3,[user_3],3,[user_2]|[user]|[user_3],605,211,15,22,816,2,15,8,2,6,0,0,2025-11-28T14:01:08+00:00,2025-12-02T14:10:59+00:00,4,14762079 FE: Dohvaćanje filtera,31,TypeScript,"Nisam očekiva ovako velik PR za ovaj task, implementirana je konverzija s localStorage preferenci u JSON kakav je naveden u tasku. Filteri nisu u najboljem stanju triba im refactor, nije bilo zgodno za povezat ali flow je sljedeći: login -> dohvate se preference korisnika -> updatea se localstorage -> krzo app se koristi local storage za filtere -> update filtera kroz app se salje na BE i update-a se local storage -> na logout se brise localstorage U svakom slučaju, za prikaz filtera URL ima prednost. Neke od bitnijih promjena je to da sam totalno maka ""displayMode"" kalendara iz filtera događaja jer to nisu filteri, već samo display. Usput se rišilo nekoliko bugova s tim prikazom (inicijalno nije obojan botun prikaza tablice iako prikazuje tablicu, klikom na create prebaci s tablice na kalendar). - Dodana je getPreferences funkcija u useCurrentUser hook - Dodana i proširena logika za patch korisnika preko useUpdateUser sa id i preferences, dodan async/await i try/catchevi gdje je potrebno. - Uklonjen prikaz toasta ""Uspješno uređen korisnik"" prilikom ažuriranja preferenci Bacite oko na kod i javite kakav vam se čini flow, ako nešto ne paše prominit ćemo. Svakako istestirajte edge caseove i probajte skršit nešto.",1230,False,False,True,False,False,True,,0,"# Description

Nisam očekiva ovako velik PR za ovaj task, implementirana je konverzija s localStorage preferenci u JSON kakav je naveden u tasku. Filteri nisu u najboljem stanju triba im refactor, nije bilo zgodno za povezat ali flow je sljedeći: 
login -> dohvate se preference korisnika -> updatea se localstorage -> krzo app se koristi local storage za filtere -> update filtera kroz app se salje na BE i update-a se local storage -> na logout se brise localstorage

U svakom slučaju, za prikaz filtera URL ima prednost. Neke od bitnijih promjena je to da sam totalno maka ""displayMode"" kalendara iz filtera događaja jer to nisu filteri, već samo display. Usput se rišilo nekoliko bugova s tim prikazom (inicijalno nije obojan botun prikaza tablice iako prikazuje tablicu, klikom na create prebaci s tablice na kalendar). 

- Dodana je getPreferences funkcija u useCurrentUser hook
- Dodana i proširena logika za patch korisnika preko useUpdateUser sa id i preferences, dodan async/await i try/catchevi gdje je potrebno.
- Uklonjen prikaz toasta ""Uspješno uređen korisnik"" prilikom ažuriranja preferenci

Bacite oko na kod i javite kakav vam se čini flow, ako nešto ne paše prominit ćemo. Svakako istestirajte edge caseove i probajte skršit nešto.",192,164,85.41666666666666,2,59.56666666666666,5829.416666666666,2880.0,4859.8
657,3054265191,2025-11-28T14:39:24Z,2025-12-02T15:11:40Z,2025-12-02T15:11:40Z,2025-12-02T15:11:42Z,2025-11-28T15:10:13Z,2025-11-28T14:39:24+00:00,[user_2],2,[user_2],3,[user_2]|[user]|[user_3],132,135,10,8,267,0,5,5,1,4,0,0,2025-11-29T12:55:52+00:00,2025-12-02T12:34:20+00:00,4,14894730 BE: Refaktor event service update,42,TypeScript,prosli flow event updatea: - dohvacanje postojeceg eventa -> kreiranje change loga -> sa vracenim field changes idemo u update metodu na repozitoriju -> razne provjere -> update popravljeni flow: - dohvacanje postojeceg eventa -> update eventa -> kreiranje change loga rjesen bug kad bi se assignee proba maknit pa nije radilo mali cleanup event tipova,352,True,False,False,True,True,False,,0,"# Description

prosli flow event updatea: 
- dohvacanje postojeceg eventa -> kreiranje change loga -> sa vracenim field changes idemo u update metodu na repozitoriju -> razne provjere -> update

popravljeni flow:
- dohvacanje postojeceg eventa -> update eventa -> kreiranje change loga

rjesen bug kad bi se assignee proba maknit pa nije radilo
mali cleanup event tipova",48,5,10.416666666666668,0,1336.4666666666667,5634.933333333333,2880.0,2912.2666666666664
658,3054361454,2025-11-28T15:21:21Z,2025-12-02T07:30:49Z,2025-12-02T07:30:49Z,2025-12-02T07:30:51Z,2025-11-28T15:25:47Z,2025-11-28T15:21:21+00:00,[user_2],2,[user_2],2,[user]|[user_3],27,20,1,5,47,0,0,1,1,0,0,0,2025-11-29T15:57:37+00:00,2025-11-29T15:57:37+00:00,2,15000839 BE: Assignee promjena,30,TypeScript,dodano mapiranje odgovornih osoba za promjene dogadaja da se prikazu imena a ne ID u povijesti promjena prilikom promjene odgovorne osobe.,138,True,False,False,False,True,False,,0,"# Description

dodano mapiranje odgovornih osoba za promjene dogadaja da se prikazu imena a ne ID u povijesti promjena prilikom promjene odgovorne osobe.",21,4,19.047619047619047,0,1476.2666666666669,1476.2666666666669,2880.0,2409.4666666666667
659,3055383444,2025-11-29T07:19:17Z,2025-12-02T14:24:45Z,2025-12-02T14:24:45Z,2025-12-02T14:24:49Z,2025-11-29T07:34:02Z,2025-11-29T07:19:17+00:00,[user_2],2,[user_2],3,[user_2]|[user]|[user_3],386,89,19,9,475,2,2,3,1,2,0,0,2025-12-02T10:00:21+00:00,2025-12-02T13:19:35+00:00,3,14829333 BE: 1 ponuda : N događaja,34,TypeScript,priprema BE za dodavanje vise dogadaja na ponudi: - dodana relacijska tablica za dogadaje i ponude - dodana migracijska skripta: za ponude koji su imali eventId kreirana relacija EventOffer - dodan event-offer module za kreiranje/azuriranje/brisanje njihovih relacija - na POST ponude povezujemo i prilozene dogadaje sa ponudom - azurirani tipovi - zasad san ostavia funkcionalnost forme ponude istu na nacin da se iz povezanih dogadaja uzme samo prvi kao vrijednost eventId u formi (ovo ce @[user_3] maknit kad bude FE task kad bude multiple select dogadaja),557,False,True,False,False,True,True,,0,"# Description

priprema BE za dodavanje vise dogadaja na ponudi:
- dodana relacijska tablica za dogadaje i ponude
- dodana migracijska skripta: za ponude koji su imali eventId kreirana relacija EventOffer
- dodan event-offer module za kreiranje/azuriranje/brisanje njihovih relacija
- na POST ponude povezujemo i prilozene dogadaje sa ponudom
- azurirani tipovi
- zasad san ostavia funkcionalnost forme ponude istu na nacin da se iz povezanih dogadaja uzme samo prvi kao vrijednost eventId u formi (ovo ce @[user_3] maknit kad bude FE task kad bude multiple select dogadaja)",83,16,19.27710843373494,2,4481.066666666667,4680.299999999999,2400.0,2345.4666666666662
660,3055450335,2025-11-29T08:45:59Z,2025-12-03T21:13:52Z,2025-12-03T21:13:52Z,2025-12-03T21:13:54Z,2025-11-29T08:48:39Z,2025-11-29T08:45:59+00:00,[user_2],2,[user_2],3,[user_2]|[user]|[user_3],133,43,8,14,176,0,4,4,1,2,0,1,2025-12-02T13:17:51+00:00,2025-12-03T20:44:44+00:00,4,14829616 BE: 1 događaj : N ponuda,33,TypeScript,"priprema BE za vise ponuda na dogadaju: - dodane potrebne metode na servisima i repozitorijima - popravljen/pojednostavljen cache na offer repozitoriju da radi kao i kod eventa, producta... - azuriranje tipova",209,False,True,False,False,True,False,,0,"# Description

priprema BE za vise ponuda na dogadaju:
- dodane potrebne metode na servisima i repozitorijima
- popravljen/pojednostavljen cache na offer repozitoriju da radi kao i kod eventa, producta...
- azuriranje tipova",29,7,24.13793103448276,2,4591.866666666667,6478.750000000001,2340.0,4167.883333333333
661,3055675801,2025-11-29T14:49:39Z,2025-12-02T16:06:32Z,2025-12-02T16:06:32Z,2025-12-02T16:06:35Z,2025-11-29T15:42:02Z,2025-11-29T14:49:39+00:00,[user_3],3,[user_3],2,[user_2]|[user],24,9,4,4,33,0,0,2,1,1,0,0,2025-12-01T10:20:45+00:00,2025-12-02T12:48:28+00:00,3,"14829170 FS: Polje ""Naziv"" ponude",33,TypeScript,"Dodano novo polje ""Naziv"" u formi ponude i u tablici ponude.",60,False,False,True,False,False,True,,0,"# Description

Dodano novo polje ""Naziv"" u formi ponude i u tablici ponude.",11,3,27.27272727272727,0,2611.1,4198.816666666667,1980.0,2416.8833333333328
662,3055690363,2025-11-29T15:14:09Z,2025-12-01T23:04:15Z,2025-12-01T23:04:15Z,2025-12-01T23:04:16Z,,2025-11-29T15:14:09+00:00,[user_3],3,[user_3],2,[user_2]|[user],5,1,2,2,6,0,0,1,1,0,0,0,2025-12-01T10:25:58+00:00,2025-12-01T10:25:58+00:00,2,"15005494 FE: Disableati polje ""Odgovorna osoba""",47,TypeScript,"Isključena polja ""Odgovorna osoba"" ako korisnik nema permisiju CAN_MANAGE_ASSIGNEES",83,True,False,False,False,False,True,,0,"# Description

Isključena polja ""Odgovorna osoba"" ako korisnik nema permisiju CAN_MANAGE_ASSIGNEES",9,7,77.77777777777779,0,2591.816666666667,2591.816666666667,1920.0,1430.1
663,3063136376,2025-12-02T11:21:16Z,2025-12-04T10:23:29Z,2025-12-04T10:23:29Z,2025-12-04T10:23:31Z,2025-12-02T16:47:10Z,2025-12-02T11:21:16+00:00,[user_3],3,[user_3],3,[user_2]|[user]|[user_3],253,136,11,36,389,1,15,4,1,3,0,0,2025-12-02T13:22:01+00:00,2025-12-04T07:12:10+00:00,2,14829333 FE: 1 ponuda : N događaja,34,TypeScript,"Dodana funckionalnost više događaja na jednoj ponudi prema prijedlogu u tasku. Polje ""Događaj"" pretvoreno u value-less izbornik, kad se otvorim dropdown vidimo dostupne događaj za odabrati, kad ga odaberemo pojavljuje se u tablici ispod sa podacima o vremenu, nazivu i usluzi sa opcijom ""Izbriši"". Na temelju odabranog događaja se rekalkulira dropdown i briše se odabrani događaj. Ako ga izbrišemo iz tablice ispod vraća se u dropdown. Ažurirani tipovi, funckije za dohvat podataka, dodana nova komponenta <OfferEventTable />. Dodano filtriranje dropdown menija događaja prema izbrisanim događajima, otkazano i odbijeno statusu i zadnjih 30 dana (na način da gledamo da je stariji od 30 dana i potvrđen).",704,False,True,False,False,False,True,,3,"# Description

Dodana funckionalnost više događaja na jednoj ponudi prema prijedlogu u tasku. Polje ""Događaj"" pretvoreno u value-less izbornik, kad se otvorim dropdown vidimo dostupne događaj za odabrati, kad ga odaberemo pojavljuje se u tablici ispod sa podacima o vremenu, nazivu i usluzi sa opcijom ""Izbriši"". 

Na temelju odabranog događaja se rekalkulira dropdown i briše se odabrani događaj. Ako ga izbrišemo iz tablice ispod vraća se u dropdown. Ažurirani tipovi, funckije za dohvat podataka, dodana nova komponenta <OfferEventTable />.

Dodano filtriranje dropdown menija događaja prema izbrisanim događajima, otkazano i odbijeno statusu i zadnjih 30 dana (na način da gledamo da je stariji od 30 dana i potvrđen).",105,93,88.57142857142857,2,120.75,2630.9,0.0,2822.216666666667
664,3064125913,2025-12-02T15:56:34Z,2025-12-04T07:19:14Z,2025-12-04T07:19:14Z,2025-12-04T07:19:15Z,,2025-12-02T15:56:34+00:00,[user_2],2,[user_2],3,[user_2]|[user]|[user_3],23,5,3,1,28,0,2,2,1,1,0,0,2025-12-03T21:53:18+00:00,2025-12-03T21:53:18+00:00,2,"14830496 BE: Meta polja: kreirano, ažurirano",44,TypeScript,dodana meta polja na ponudama: createdAt i updatedAt azurirani tipovi migracijska skripta,89,False,True,False,False,True,False,,0,"# Description

dodana meta polja na ponudama: createdAt i updatedAt
azurirani tipovi
migracijska skripta",12,2,16.666666666666664,4,1796.7333333333331,1796.7333333333331,0.0,2362.666666666667
665,3066679597,2025-12-03T09:49:26Z,2025-12-04T13:39:38Z,2025-12-04T13:39:38Z,2025-12-04T13:39:40Z,2025-12-03T09:56:36Z,2025-12-03T09:49:26+00:00,[user_2],2,[user_2],2,[user]|[user_3],209,22,26,7,231,0,2,1,1,0,0,0,2025-12-04T13:19:30+00:00,2025-12-04T13:19:30+00:00,2,14830541 FS: Povijest izmjena ponude,36,TypeScript,"dodana povijest izmjena ponude ko sta imaju i drugi entiteti: - primjetia san da se u socketu gleda canViewServices umisto canViewServiceChanges pa san to ispravia - dodano pravo canViewOfferChanges - azurirani tipovi, validator - azurirana logika notifikacija da odraduje i ponude",281,False,True,False,False,True,True,,0,"# Description

dodana povijest izmjena ponude ko sta imaju i drugi entiteti:
- primjetia san da se u socketu gleda canViewServices umisto canViewServiceChanges pa san to ispravia
- dodano pravo canViewOfferChanges
- azurirani tipovi, validator
- azurirana logika notifikacija da odraduje i ponude",37,6,16.216216216216218,0,1650.0666666666666,1650.0666666666666,0.0,1670.1999999999998
666,3066858625,2025-12-03T10:31:10Z,2025-12-04T13:57:58Z,2025-12-04T13:57:58Z,2025-12-04T13:58:00Z,2025-12-03T10:33:25Z,2025-12-03T10:31:10+00:00,[user_2],2,[user_2],2,[user]|[user_3],42,5,5,5,47,0,1,1,1,0,0,0,2025-12-04T13:33:16+00:00,2025-12-04T13:33:16+00:00,2,"14831023 BE: Polje ""Status""",27,TypeScript,"dodano polje status u modelu Offer azurirani tipovi i validator migracijska skripta: sve ponude su stavljene na status ""U izradi""",129,False,True,False,False,True,False,,0,"# Description

dodano polje status u modelu Offer
azurirani tipovi i validator
migracijska skripta: sve ponude su stavljene na status ""U izradi""",20,5,25.0,0,1622.1,1622.1,0.0,1646.8
667,3067102069,2025-12-03T11:35:51Z,2025-12-04T12:56:04Z,2025-12-04T12:56:04Z,2025-12-04T12:56:05Z,2025-12-03T11:40:30Z,2025-12-03T11:35:51+00:00,[user_2],2,[user_2],2,[user]|[user_3],36,18,9,3,54,0,0,1,1,0,0,0,2025-12-04T12:55:49+00:00,2025-12-04T12:55:49+00:00,2,15065470 BE: Socket,19,TypeScript,socket je umra jer nije bia exportan user repo pa nebi moga dobavit usera na pokusaju spajanja na socket nezelimo exportat tudje repoe pa san stavia da koristimo user service sta je naravno stvorilo circular dependency: user -> notification -> socket -> user dodani forwardRefovi fixan tip u notification toastu i s tim je rjesen bug da se toast notifikacije ne pojavljuje,372,True,False,False,False,True,True,,0,"# Description

socket je umra jer nije bia exportan user repo pa nebi moga dobavit usera na pokusaju spajanja na socket
nezelimo exportat tudje repoe pa san stavia da koristimo user service sta je naravno stvorilo circular dependency:
user -> notification -> socket -> user
dodani forwardRefovi
fixan tip u notification toastu i s tim je rjesen bug da se toast notifikacije ne pojavljuje",59,13,22.033898305084744,0,1519.9666666666667,1519.9666666666667,0.0,1520.2166666666667
668,3067360432,2025-12-03T13:02:18Z,2025-12-05T10:22:12Z,2025-12-05T10:22:12Z,2025-12-05T10:22:14Z,,2025-12-03T13:02:18+00:00,[user_2],2,[user_2],2,[user]|[user_3],1292,1107,35,2,2399,1,0,1,1,0,0,0,2025-12-04T16:39:35+00:00,2025-12-04T16:39:35+00:00,2,15065571 BE: Prettier za packages,33,TypeScript,dodan prettierrc u packages i formatirani svi fileovi,53,False,False,False,True,True,False,,0,"# Description

dodan prettierrc u packages i formatirani svi fileovi",8,2,25.0,1,1657.2833333333333,1657.2833333333333,0.0,2719.8999999999996
669,3067612268,2025-12-03T14:14:34Z,2025-12-05T15:47:24Z,2025-12-05T15:47:24Z,2025-12-05T15:47:26Z,2025-12-05T10:05:13Z,2025-12-03T14:14:34+00:00,[user_2],2,[user_2],3,[user_2]|[user]|[user_3],188,22,8,11,210,0,11,4,1,3,0,0,2025-12-05T11:52:17+00:00,2025-12-05T15:46:05+00:00,3,14831111 BE: Polja za validnost ponude,38,TypeScript,dodana polja za validnost ponude: - migracijska skripta defaulta sve postojece ponude na: vrijedi od danas i vrijedi 7 dana - azurirani tipovi - azuriran validator - dodan CRON job koji stavlja sve istekle ponude na status Isteklo - kreirana promjena ponude (kada sustav stavi ponudu na Isteklo) za userId ima null sto predstavlja sustav,337,False,True,False,False,True,False,,0,"# Description

dodana polja za validnost ponude:
- migracijska skripta defaulta sve postojece ponude na: vrijedi od danas i vrijedi 7 dana
- azurirani tipovi
- azuriran validator
- dodan CRON job koji stavlja sve istekle ponude na status Isteklo
- kreirana promjena ponude (kada sustav stavi ponudu na Isteklo) za userId ima null sto predstavlja sustav",50,8,16.0,1,2737.7166666666667,2971.516666666667,0.0,2972.8333333333335
670,3069218958,2025-12-03T23:13:58Z,2025-12-04T12:33:43Z,2025-12-04T12:33:43Z,2025-12-04T12:33:44Z,,2025-12-03T23:13:58+00:00,[user_3],3,[user_3],3,[user_2]|[user]|[user_3],180,32,7,14,212,1,10,4,1,3,0,0,2025-12-03T23:28:33+00:00,2025-12-04T11:17:28+00:00,2,14829616 FE: 1 događaj : N ponuda,33,TypeScript,"Kao i u ponudama, kreirana komponenta EventOfferTable koja prima formu i ponude kao propse i na temelju toga rendera tablicu s nazivom i akcijama. Dodan je i value-less dropdown pomoću kojeg biramo ponude. Doda sam da se klikom na pregled ponude otvori novi tab s ponudom zbog istog problema kao s pregledom događaja a to je da će nam se prilikom kreiranja resetirati forma. Čini mi se najbezbolniji workaround jer bi se morali zezat s ruterom da bi perzistirali ispunjene podatke jer se forma unmounta.",503,False,True,False,False,False,True,,1,"# Description

Kao i u ponudama, kreirana komponenta EventOfferTable koja prima formu i ponude kao propse i na temelju toga rendera tablicu s nazivom i akcijama. Dodan je i value-less dropdown pomoću kojeg biramo ponude. 

Doda sam da se klikom na pregled ponude otvori novi tab s ponudom zbog istog problema kao s pregledom događaja a to je da će nam se prilikom kreiranja resetirati forma. Čini mi se najbezbolniji workaround jer bi se morali zezat s ruterom da bi perzistirali ispunjene podatke jer se forma unmounta.",86,71,82.55813953488372,2,14.58333333333333,723.5,0.0,799.75
671,3070311278,2025-12-04T08:32:08Z,2025-12-05T10:52:02Z,2025-12-05T10:52:02Z,2025-12-05T10:52:04Z,,2025-12-04T08:32:08+00:00,[user_2],2,[user_2],3,[user_2]|[user]|[user_3],103,0,7,4,103,0,9,6,1,5,0,0,2025-12-04T17:03:18+00:00,2025-12-05T10:48:29+00:00,3,14831289 BE: Statične porezne tablice,37,TypeScript,dodana tablica Tax prema tasku dodan Tax module endpoint za dobavit prema kodu: npr. /taxes?code=PDV vracamo samo onaj validni tog koda,135,False,True,False,False,True,False,,0,"# Description

dodana tablica Tax prema tasku
dodan Tax module
endpoint za dobavit prema kodu: npr. /taxes?code=PDV
vracamo samo onaj validni tog koda",23,1,4.3478260869565215,3,511.16666666666663,1576.35,0.0,1579.9
672,3070378402,2025-12-04T08:54:48Z,2025-12-05T10:40:36Z,2025-12-05T10:40:36Z,2025-12-05T10:40:38Z,,2025-12-04T08:54:48+00:00,[user_2],2,[user_2],2,[user]|[user_3],11,2,4,1,13,0,0,1,1,0,0,0,2025-12-04T17:05:50+00:00,2025-12-04T17:05:50+00:00,2,"14831389 BE: Polje ""Napomena""",29,TypeScript,dodano polje note u offer model azuriran tip i validator vidia san da u offer validatoru fale typeErrori na 2 mista pa san i to usput doda,138,False,True,False,False,True,False,,0,"# Description

dodano polje note u offer model
azuriran tip i validator
vidia san da u offer validatoru fale typeErrori na 2 mista pa san i to usput doda",27,7,25.925925925925924,0,491.03333333333336,491.03333333333336,0.0,1545.8
673,3070401400,2025-12-04T09:01:52Z,2025-12-04T09:08:07Z,2025-12-04T09:08:06Z,2025-12-04T09:08:08Z,,2025-12-04T09:01:52+00:00,[user_2],2,[user_2],0,,2,2,1,1,4,0,0,0,0,0,0,0,,,0,Quickfix: Mapping bug on BE,27,TypeScript,brzi fix format metode na event servisu,39,True,False,False,False,True,False,TASK_ID,0,"# Description

brzi fix format metode na event servisu",7,1,14.285714285714285,0,,,0.0,6.233333333333328
674,3070454458,2025-12-04T09:19:58Z,2025-12-05T10:50:38Z,2025-12-05T10:50:38Z,2025-12-05T10:50:40Z,,2025-12-04T09:19:58+00:00,[user_2],2,[user_2],2,[user]|[user_3],8,3,3,3,11,0,0,1,1,0,0,0,2025-12-04T17:08:04+00:00,2025-12-04T17:08:04+00:00,2,"14831599 BE: Dodati autoinkrementi ""number"" stupac",50,TypeScript,dodano autoinkrementirano number polje u offer modelu,53,False,True,False,False,True,False,,0,"# Description

dodano autoinkrementirano number polje u offer modelu",7,1,14.285714285714285,0,468.1,468.1,0.0,1530.6666666666667
675,3070766071,2025-12-04T10:42:54Z,2025-12-04T12:38:54Z,2025-12-04T12:38:54Z,2025-12-04T12:38:56Z,,2025-12-04T10:42:54+00:00,[user_2],2,[user_2],2,[user]|[user_3],5,1,1,1,6,0,0,1,1,0,0,0,2025-12-04T12:38:39+00:00,2025-12-04T12:38:39+00:00,2,15083910 BE: Preferences promjena,33,TypeScript,skrivena promjena preferenci kod korisnika,42,True,False,False,False,True,False,,0,"# Description

skrivena promjena preferenci kod korisnika",5,0,0.0,0,115.75,115.75,0.0,116.0
676,3070808105,2025-12-04T10:53:52Z,2025-12-04T12:41:45Z,2025-12-04T12:41:45Z,2025-12-04T12:41:46Z,,2025-12-04T10:53:52+00:00,[user_2],2,[user_2],2,[user]|[user_3],5,1,1,1,6,0,0,1,1,0,0,0,2025-12-04T12:40:43+00:00,2025-12-04T12:40:43+00:00,2,15084097 BE: Employee edit,26,TypeScript,"popravljen edit employeea, pada bi jer bi pri provjeri zauzetih mailova dohvatia samog sebe i vidia to ko konflikt, tribalo je samo dodat da negleda sebe",153,True,False,False,False,True,False,,0,"# Description

popravljen edit employeea, pada bi jer bi pri provjeri zauzetih mailova dohvatia samog sebe i vidia to ko konflikt, tribalo je samo dodat da negleda sebe",26,5,19.230769230769234,0,106.85,106.85,0.0,107.88333333333333
677,3070860617,2025-12-04T11:06:25Z,2025-12-04T12:34:46Z,2025-12-04T12:34:46Z,2025-12-04T12:34:48Z,,2025-12-04T11:06:25+00:00,[user_3],3,[user_3],3,[user_2]|[user]|[user_3],64,7,4,4,71,1,2,3,1,2,0,0,2025-12-04T11:08:47+00:00,2025-12-04T12:01:44+00:00,3,"14830496 FE: Meta polja: kreirano, ažurirano",44,TypeScript,"Dodana polja createdAt i updatedAt u edit modu, ista stvar kao kod događaja.",76,False,True,False,False,False,True,,1,"# Description

Dodana polja createdAt i updatedAt u edit modu, ista stvar kao kod događaja.",13,10,76.92307692307693,4,2.366666666666664,55.31666666666667,0.0,88.35
678,3070930554,2025-12-04T11:24:27Z,2025-12-04T12:57:49Z,2025-12-04T12:57:49Z,2025-12-04T12:57:51Z,,2025-12-04T11:24:27+00:00,[user_2],2,[user_2],2,[user]|[user_3],2,2,1,1,4,0,0,1,1,0,0,0,2025-12-04T12:56:50+00:00,2025-12-04T12:56:50+00:00,2,15084857 BE: Select companyName,31,TypeScript,"krivo polje smo uzimali od relateanog eventa, triba uzet companyName a ne companyTaxNumber",90,True,False,False,False,True,False,,0,"# Description

krivo polje smo uzimali od relateanog eventa, triba uzet companyName a ne companyTaxNumber",13,3,23.076923076923077,0,92.38333333333333,92.38333333333333,0.0,93.36666666666666
679,3071369599,2025-12-04T13:21:47Z,2025-12-05T11:01:56Z,2025-12-05T11:01:56Z,2025-12-05T11:01:58Z,,2025-12-04T13:21:47+00:00,[user_2],2,[user_2],2,[user]|[user_3],12,69,10,2,81,0,0,1,1,0,0,0,2025-12-04T16:30:34+00:00,2025-12-04T16:30:34+00:00,2,15082610 FS: Obrisati MvpOfferContent,37,TypeScript,obrisano mvp__offerContent event polje i svugdi di se spominjalo.,65,False,False,False,True,True,True,,0,"# Description

obrisano mvp__offerContent event polje i svugdi di se spominjalo.",9,1,11.11111111111111,0,188.78333333333333,188.78333333333333,0.0,1300.15
680,3071948185,2025-12-04T16:03:10Z,2025-12-05T12:24:08Z,2025-12-05T12:24:08Z,2025-12-05T12:24:10Z,,2025-12-04T16:03:10+00:00,[user_3],3,[user_3],2,[user_2]|[user],152,39,11,4,191,0,2,1,1,0,0,0,2025-12-05T12:04:30+00:00,2025-12-05T12:04:30+00:00,2,"14831023 FE: Polje ""Status""",27,TypeScript,"Dodano polje status u formu Ponude. Kreirana mapa naziva i mapa boja za prikaz statusnog badge-a. U povijesnoj izmjeni sam naletio na problem da imamo dva ista polja 'status' (na događaju i na ponudi) pa badge nije radio kako treba jer nije znao razlikovati koji mu status dolazi. Kroz Changes... komponente sam spustio prop change pa sam preko change.entityType prikazao ispravan badge. Nakon toga mi je pala napamet logika da reuseam Status komponentu tako da prima entity i na temelju nje prikaže prave boje statusa. Ta logika je reusana gdje god se koristi <Status /> komponenta. Status komponenta s bojama je dodana u: povijest izmjena ponude, notifikacije, tablicu ponuda i u read only mod forme ponude. Osim toga, znam da nije dio taska ali sam vratio nazad badge u read only prikaz forme događaja (sicam se da smo nekad davno takoder tu imali badge u boji).",865,False,True,False,False,False,True,,4,"# Description

Dodano polje status u formu Ponude. Kreirana mapa naziva i mapa boja za prikaz statusnog badge-a. U povijesnoj izmjeni sam naletio na problem da imamo dva ista polja 'status' (na događaju i na ponudi) pa badge nije radio kako treba jer nije znao razlikovati koji mu status dolazi.

Kroz Changes... komponente sam spustio prop change pa sam preko change.entityType prikazao ispravan badge. Nakon toga mi je pala napamet logika da reuseam Status komponentu tako da prima entity i na temelju nje prikaže prave boje statusa. Ta logika je reusana gdje god se koristi <Status /> komponenta.

Status komponenta s bojama je dodana u: povijest izmjena ponude, notifikacije, tablicu ponuda i u read only mod forme ponude. Osim toga, znam da nije dio taska ali sam vratio nazad badge u read only prikaz forme događaja (sicam se da smo nekad davno takoder tu imali badge u boji).",147,131,89.1156462585034,0,1201.3333333333337,1201.3333333333337,0.0,1220.9666666666667
681,3074563091,2025-12-05T09:47:40Z,2025-12-05T12:38:36Z,2025-12-05T12:38:36Z,2025-12-05T12:38:38Z,,2025-12-05T09:47:40+00:00,[user_3],3,[user_3],2,[user_2]|[user],138,117,15,5,255,0,2,1,1,0,0,0,2025-12-05T12:21:39+00:00,2025-12-05T12:21:39+00:00,2,15015875 FE: Izmijeniti sve sa Users... u Employee,50,TypeScript,Izmijenjeno sve sa Users... u Employees... ili Clients... tamo di se koristi naravno.,85,False,False,False,True,False,True,,0,"# Description

Izmijenjeno sve sa Users... u Employees... ili Clients... tamo di se koristi naravno.",13,3,23.076923076923077,2,153.98333333333335,153.98333333333335,0.0,170.93333333333334
682,3074676270,2025-12-05T10:21:16Z,2025-12-05T12:50:26Z,2025-12-05T12:50:26Z,2025-12-05T12:50:29Z,,2025-12-05T10:21:16+00:00,[user_3],3,[user_3],3,[user_2]|[user]|[user_3],43,1,2,2,44,0,1,2,1,1,0,0,2025-12-05T10:21:37+00:00,2025-12-05T12:31:07+00:00,2,15083766 FE: startDate validacija,33,TypeScript,"Popravljena validacija datuma gdje bi se mogla unijeti bilo koja godina početka događaja (1111, 55555, 202555) itd... - Poboljšan UX tako da je srezan broj znamenki datuma (može se unijeti maksimalno 4 znamenke, nakon toga unos kreće ispočetka kao u većini aplikacija) - Dodan test za najmanju i najveću godinu (okvirno od 1970 do 2100)",336,True,False,False,False,False,True,,0,"# Description

Popravljena validacija datuma gdje bi se mogla unijeti bilo koja godina početka događaja (1111, 55555, 202555) itd...
- Poboljšan UX tako da je srezan broj znamenki datuma (može se unijeti maksimalno 4 znamenke, nakon toga unos kreće ispočetka kao u većini aplikacija)
- Dodan test za najmanju i najveću godinu (okvirno od 1970 do 2100)",53,41,77.35849056603774,0,0.349999999999998,129.85,0.0,149.16666666666666
683,3074793458,2025-12-05T11:00:24Z,2025-12-05T12:59:41Z,2025-12-05T12:59:41Z,2025-12-05T12:59:43Z,,2025-12-05T11:00:24+00:00,[user_3],3,[user_3],2,[user_2]|[user],8,14,3,2,22,0,0,1,1,0,0,0,2025-12-05T12:35:48+00:00,2025-12-05T12:35:48+00:00,2,15075531 FE: isSelf provjera,28,TypeScript,"Izbrisane isSelf provjere iz Employees i Clients page-eva, bili su tu iz povijesnih razloga (kad je korisnik sam sebi moga prominit sifru a nije bilo odvojenog modala). Nije dio taska, al sam prominia ClientsPage u Clients zbog konzistentnosti.",244,False,False,False,True,False,True,,0,"# Description

Izbrisane isSelf provjere iz Employees i Clients page-eva, bili su tu iz povijesnih razloga (kad je korisnik sam sebi moga prominit sifru a nije bilo odvojenog modala).
Nije dio taska, al sam prominia ClientsPage u Clients zbog konzistentnosti.",39,8,20.51282051282051,0,95.4,95.4,0.0,119.28333333333336
684,3074978528,2025-12-05T12:04:18Z,2025-12-05T13:00:02Z,2025-12-05T13:00:02Z,2025-12-05T13:00:04Z,,2025-12-05T12:04:18+00:00,[user_3],3,[user_3],2,[user_2]|[user],2,2,2,1,4,0,0,1,1,0,0,0,2025-12-05T12:36:48+00:00,2025-12-05T12:36:48+00:00,2,15085086 FE: Naziv ponude tab,29,TypeScript,Dodan naziv ponude u naslov taba kod pregleda i uređivanja.,59,False,False,False,True,False,True,,1,"# Description

Dodan naziv ponude u naslov taba kod pregleda i uređivanja.",10,9,90.0,0,32.5,32.5,0.0,55.73333333333333
685,3075933801,2025-12-05T17:41:04Z,2025-12-09T10:32:26Z,2025-12-09T10:32:26Z,2025-12-09T10:32:27Z,,2025-12-05T17:41:04+00:00,[user_3],3,[user_3],2,[user_2]|[user],99,14,8,5,113,1,0,1,1,0,0,0,2025-12-08T10:35:55+00:00,2025-12-08T10:35:55+00:00,2,14831111 FE: Polja za validnost ponude,38,TypeScript,"Input fieldovi u HTML-u rade samo sa ISO stringovima, dok BE-u triba Date tip, tako da je bilo povuci potegni sa formom i tipovima. Uglavnom, kao što task kaže, postavljene su default vrijednosti na new Date() i tri dana nakon. Nakon što sam doda tip string u FormOffer, useNewOfferForm je poludio jer se ne poklapaju FormOffer i CreateOffer tipovi u handleru, tako da sam maka CreateOffer tip iz submit handlera u OfferCreate i OfferEdit, napravia da su FormOffer, i samo pretvoria validFrom i validUntil u Date tip kao takav payload šibam u api hookove. To mi se čini najclean način. Nakon toga, skužia sam kad editiramo formu i izbrišemo totalno bilo koje bolje uopće ne prikaže error jer se na editu touched ne aktivira, i onda uopće ne prikaže error a ne da submitat zbog !form.isValid. Pa sam zbog tog doda onBlur na svaki FormControl i FormSelect, s tim da sam korigira tip u FormControl.",895,False,True,False,False,True,True,,0,"# Description

Input fieldovi u HTML-u rade samo sa ISO stringovima, dok BE-u triba Date tip, tako da je bilo povuci potegni sa formom i tipovima. Uglavnom, kao što task kaže, postavljene su default vrijednosti na new Date() i tri dana nakon.

Nakon što sam doda tip string u FormOffer, useNewOfferForm je poludio jer se ne poklapaju FormOffer i CreateOffer tipovi u handleru, tako da sam maka CreateOffer tip iz submit handlera u OfferCreate i OfferEdit, napravia da su FormOffer, i samo pretvoria validFrom i validUntil u Date tip kao takav payload šibam u api hookove. To mi se čini najclean način.

Nakon toga, skužia sam kad editiramo formu i izbrišemo totalno bilo koje bolje uopće ne prikaže error jer se na editu touched ne aktivira, i onda uopće ne prikaže error a ne da submitat zbog !form.isValid. Pa sam zbog tog doda onBlur na svaki FormControl i FormSelect, s tim da sam korigira tip u FormControl.",158,133,84.17721518987342,1,3894.85,3894.85,2880.0,2451.3666666666663
686,3077332499,2025-12-06T10:35:44Z,2025-12-08T12:18:30Z,2025-12-08T12:18:30Z,2025-12-08T12:18:32Z,,2025-12-06T10:35:44+00:00,[user_3],3,[user_3],3,[user_2]|[user]|[user_3],51,0,1,1,51,0,2,2,1,1,0,0,2025-12-08T10:40:16+00:00,2025-12-08T10:40:16+00:00,2,"14831389 FS: Polje ""Napomena""",29,TypeScript,"Kreirano polje napomena sa checkboxom prikaza, ista stvar kao što smo dosad radili, ništa novo.",95,False,True,False,False,False,True,,1,"# Description

Kreirano polje napomena sa checkboxom prikaza, ista stvar kao što smo dosad radili, ništa novo.",15,14,93.33333333333331,0,2884.5333333333333,2884.5333333333333,2220.0,762.7666666666669
687,3077390488,2025-12-06T11:18:29Z,2025-12-12T07:00:10Z,2025-12-12T07:00:10Z,2025-12-12T07:00:12Z,2025-12-06T11:55:01Z,2025-12-06T11:18:29+00:00,[user_2],2,[user_2],3,[user_2]|[user]|[user_3],950,508,18,15,1458,4,4,3,1,2,0,0,2025-12-08T20:31:31+00:00,2025-12-11T22:23:57+00:00,3,15082667 FS: Povijest relacijskih promjena,42,TypeScript,dodani zapisi promjena prilikom azuriranja relacija entiteta (npr. brisanje/dodavanje kontakata na dogadaju ili brisanje/dodavanja dogadaja na ponudi) refaktoriran i poopcen change servis,187,False,True,False,True,True,True,,2,"# Description

dodani zapisi promjena prilikom azuriranja relacija entiteta (npr. brisanje/dodavanje kontakata na dogadaju ili brisanje/dodavanja dogadaja na ponudi)
refaktoriran i poopcen change servis",24,4,16.666666666666664,0,3433.0333333333333,7865.466666666666,2160.0,6221.683333333334
688,3077620706,2025-12-06T14:03:02Z,2025-12-09T13:30:44Z,2025-12-09T13:30:44Z,2025-12-09T13:30:46Z,2025-12-06T16:44:31Z,2025-12-06T14:03:02+00:00,[user_3],3,[user_3],2,[user_2]|[user],275,130,7,6,405,0,2,1,1,0,0,0,2025-12-09T11:54:40+00:00,2025-12-09T11:54:40+00:00,2,14831576 FE: Stupci iznosa,26,TypeScript,"Dodani stupci iznosa PDV i PP sa pripadajućim checkboxom za toggle samih iznosa, uz stupac cijena dodano polje ukupno u kojem se računa ukupna cijena tako da je uzet u obzir floating point problem i iznos je roundan na 2 decimale sa Math.round. Tablica je bila neupotrebljiva nakon dodavanja novih polja, sve se slomilo. Bila je borba s gridom i max-widthom. Doda sam overflow-x-auto i min-w-1400 klase na parent elemente tako da se tablica može horizontalno scrollat što po meni izgleda sasvim prihvatljivo. Javite šta vam se čini.",532,False,True,False,False,False,True,,1,"# Description

Dodani stupci iznosa PDV i PP sa pripadajućim checkboxom za toggle samih iznosa, uz stupac cijena dodano polje ukupno u kojem se računa ukupna cijena tako da je uzet u obzir floating point problem i iznos je roundan na 2 decimale sa Math.round.

Tablica je bila neupotrebljiva nakon dodavanja novih polja, sve se slomilo. Bila je borba s gridom i max-widthom.
Doda sam overflow-x-auto i min-w-1400 klase na parent elemente tako da se tablica može horizontalno scrollat što po meni izgleda sasvim prihvatljivo. Javite šta vam se čini.",94,78,82.97872340425532,0,4191.633333333333,4191.633333333333,1980.0,2307.7000000000003
689,3081709790,2025-12-08T13:43:37Z,2025-12-08T13:52:26Z,2025-12-08T13:52:26Z,2025-12-08T13:52:28Z,,2025-12-08T13:43:37+00:00,[user_2],2,[user_2],2,[user]|[user_3],10,0,4,1,10,0,1,1,1,0,0,0,2025-12-08T13:47:05+00:00,2025-12-08T13:47:05+00:00,2,15170844 BE: Popust polje,25,TypeScript,dodano polje popust na offer modelu,35,False,True,False,False,True,False,,0,"# Description

dodano polje popust na offer modelu",6,1,16.666666666666664,0,3.466666666666662,3.466666666666662,0.0,8.816666666666665
690,3081828865,2025-12-08T14:18:45Z,2025-12-09T13:17:32Z,2025-12-09T13:17:32Z,2025-12-09T13:17:34Z,,2025-12-08T14:18:45+00:00,[user_2],2,[user_2],2,[user]|[user_3],52,0,3,3,52,0,3,2,1,1,0,0,2025-12-09T11:15:53+00:00,2025-12-09T13:16:59+00:00,3,"14831599 BE: Endpoint za novi ""number"" ponude",45,TypeScript,dodan GET endpoint za iduci number ponude,41,False,True,False,False,True,False,,0,"# Description

dodan GET endpoint za iduci number ponude",7,1,14.285714285714285,1,1257.1333333333334,1378.2333333333331,0.0,1378.7833333333333
691,3082366529,2025-12-08T16:47:56Z,2025-12-15T13:12:49Z,2025-12-15T13:12:49Z,2025-12-15T13:12:50Z,2025-12-10T14:28:06Z,2025-12-08T16:47:56+00:00,[user_2],2,[user_2],3,[user_2]|[user]|[user_3],514,614,20,19,1128,5,18,19,1,18,0,0,2025-12-09T20:50:58+00:00,2025-12-15T12:01:46+00:00,3,14831563 FS: Breakdown,22,TypeScript,"kazite ako triba sta minjat oko dizajna dodan ""breakdown"" cijene ponude na formi: - dodana polja za popust, ukljucenost pdv-a i pp-a - pociscena logika racunanja cijena u mvpOfferContent i newOfferForm komponentama - prikazujemo: osnovicu, cijenu nakon popusta, iznos pdv-a i pp-a, ukupnu cijenu - azurirani tipovi i validatori - migracijske skripte - toggleanjem poreznih checkboxova ih (ne)uracunavamo u ukupnu cijenu - zaboravili smo azurirat konstante i changes helper za nova polja pa san i to odradia usput",512,False,True,False,True,True,True,,1,"# Description

kazite ako triba sta minjat oko dizajna

dodan ""breakdown"" cijene ponude na formi:
- dodana polja za popust, ukljucenost pdv-a i pp-a
- pociscena logika racunanja cijena u mvpOfferContent i newOfferForm komponentama
- prikazujemo: osnovicu, cijenu nakon popusta, iznos pdv-a i pp-a, ukupnu cijenu
- azurirani tipovi i validatori
- migracijske skripte
- toggleanjem poreznih checkboxova ih (ne)uracunavamo u ukupnu cijenu
- zaboravili smo azurirat konstante i changes helper za nova polja pa san i to odradia usput",76,14,18.421052631578945,0,1683.0333333333333,9793.833333333334,2880.0,6984.883333333333
692,3085569363,2025-12-09T13:07:54Z,2025-12-11T20:33:50Z,2025-12-11T20:33:50Z,2025-12-11T20:33:51Z,,2025-12-09T13:07:54+00:00,[user_3],3,[user_3],2,[user_2]|[user],56,37,4,2,93,0,0,2,1,1,0,0,2025-12-10T09:15:41+00:00,2025-12-10T13:34:17+00:00,3,15083766 FE: Client Event filter,32,TypeScript,"Uklonjena polja s filtera događaja koje klijenti ne koriste. Nije vezano za task, al sam doda enabled prop za dohvat ponuda jer bi pucalo kad se klijent ulogira jer nema prava za dohvat ponuda.",193,True,False,False,False,False,True,,0,"# Description

Uklonjena polja s filtera događaja koje klijenti ne koriste. Nije vezano za task, al sam doda enabled prop za dohvat ponuda jer bi pucalo kad se klijent ulogira jer nema prava za dohvat ponuda.",34,29,85.29411764705883,0,1207.7833333333335,1466.3833333333334,0.0,3325.9333333333334
693,3085598619,2025-12-09T13:15:28Z,2025-12-10T09:43:08Z,2025-12-10T09:43:08Z,2025-12-10T09:43:10Z,,2025-12-09T13:15:28+00:00,[user_3],3,[user_3],2,[user_2]|[user],1,0,1,1,1,0,0,1,1,0,0,0,2025-12-10T09:21:02+00:00,2025-12-10T09:21:02+00:00,2,15094207 FE: Kreiranje proizvoda padež,38,TypeScript,Dodan ženski rod na tip proizvoda roba,38,True,False,False,False,False,True,,0,"# Description

Dodan ženski rod na tip proizvoda roba",7,5,71.42857142857143,3,1205.5666666666666,1205.5666666666666,0.0,1227.6666666666667
694,3085990797,2025-12-09T15:02:25Z,2025-12-10T11:08:36Z,2025-12-10T11:08:36Z,2025-12-10T11:08:38Z,,2025-12-09T15:02:25+00:00,[user_3],3,[user_3],3,[user_2]|[user]|[user_3],55,5,4,4,60,0,3,2,1,1,0,0,2025-12-10T09:32:28+00:00,2025-12-10T09:32:28+00:00,2,"14831599 FE: Dodati autoinkrementi ""number"" stupac",50,TypeScript,"Preko novog next-number endpointa kreiran prefill naziva ponude prilikom kreiranja nove ponude. Formatiran naziv prema broju kao što je navedeno u tasku. Prilikom testiranja sam naletia na bug ako nemamo niti jednu ponudu, BE pukne pa bi mogli mozda samo defaultno vratit 1 ako ne postoji ni jedan offer @[user_2]?",314,False,True,False,False,False,True,,0,"# Description

Preko novog next-number endpointa kreiran prefill naziva ponude prilikom kreiranja nove ponude.
Formatiran naziv prema broju kao što je navedeno u tasku.

Prilikom testiranja sam naletia na bug ako nemamo niti jednu ponudu, BE pukne pa bi mogli mozda samo defaultno vratit 1 ako ne postoji ni jedan offer @[user_2]?",51,43,84.31372549019608,0,1110.05,1110.05,0.0,1206.1833333333334
695,3086517158,2025-12-09T17:28:28Z,2025-12-11T20:55:20Z,2025-12-11T20:55:19Z,2025-12-11T20:55:21Z,,2025-12-09T17:28:28+00:00,[user_3],3,[user_3],2,[user_2]|[user],111,98,6,5,209,3,0,1,1,0,0,0,2025-12-10T13:36:58+00:00,2025-12-10T13:36:58+00:00,2,15094211 FE: Popraviti mobilni prikaz forme,43,TypeScript,Popravljen mobilni prikaz forme u OfferForm i EventOfferTable komponentama tako da nema bezveznog vertikalnog scrolla i ostalih kršenja layouta. Polja validnosti datuma u Offer formi na mobitelu rade ok ali na browseru kad se smanji izgleda čudnije pa bacite oko jel vam to ok.,277,True,False,False,False,False,True,,0,"# Description

Popravljen mobilni prikaz forme u OfferForm i EventOfferTable komponentama tako da nema bezveznog vertikalnog scrolla i ostalih kršenja layouta. Polja validnosti datuma u Offer formi na mobitelu rade ok ali na browseru kad se smanji izgleda čudnije pa bacite oko jel vam to ok.",44,36,81.81818181818183,0,1208.5,1208.5,0.0,3086.85
696,3088643871,2025-12-10T09:42:14Z,2025-12-20T13:11:04Z,2025-12-20T13:11:04Z,2025-12-20T13:11:06Z,2025-12-16T13:05:52Z,2025-12-10T09:42:14+00:00,[user_3],3,[user_3],3,[user_2]|[user]|[user_3],232,31,10,12,263,2,9,7,1,6,0,0,2025-12-16T13:12:50+00:00,2025-12-20T08:02:02+00:00,3,14744146 FE: Dinamički stupci,29,TypeScript,"Dodan dropdown meni ""Stupci"" poviše tablice događaja kojom možemo toggleati određene stupce tablice. Bilo je dosta nezgodno napravit jer nam se botuni i dropdowni nalaze u Events layoutu, a sama tablica u EventsTable komponenti. Iskorišten postojeći usePreferences hook kako bi sačuvali korisnikove postavke vidljivih stupaca. Flow ide ovako: Kreiran je dropdown u Events layoutu sa visibleColumns stateom i cijelom logikom updateanja i čitanja (iz preferenci) applyjanih vidljivih stupaca. State i setter funkcije šaljemo preko OutletContexta kojeg prima EventsTable komponenta koja je child komponenta Events page-a, ovo preko OutletContexta je jedini način da spojimo layout i njegov Outlet. Nadalje, u EventsTable-u prolazimo kroz visibleColumns i na temelju toga prikazujemo/skrivamo header i ćelije. Na svaki header je dodan property 'hideable', tako da možemo odlučiti koji se stupci mogu sakriti u meniju a koji ne, zasad sam isključio (uz stupce odabira događaja i akcija) stupce 'Naziv' i 'Status', prebitni su da ih možemo isljučiti. Svakako onaj border lijevo za status prikazujemo na temelju stupca status, pa ako ga sakrijemo neće se vidjeti ni boja. Također je dodan mali UX touch, logika i checkbox za 'Odaberi sve' tako da kad korisnik makne sve stupce da ih samo jednim klikom može vratiti natrag. Neću lagat namučia me dosta feature sa prebacivanjem podataka, sitnih bugova sa filterima, setanjem statea, renderanjem, ima nekoliko useEffekata s kojima nisam zadovoljan al nisam pegla u detalje da ne pržimo vrime. Javite šta mislite o dizajnu ovih gumbova 'Preuzmi' i 'Stupci', nekako mi se ne uklapaju s ostalim gumbovima.",1642,False,True,False,False,False,True,,1,"# Description

Dodan dropdown meni ""Stupci"" poviše tablice događaja kojom možemo toggleati određene stupce tablice. Bilo je dosta nezgodno napravit jer nam se botuni i dropdowni nalaze u Events layoutu, a sama tablica u EventsTable komponenti. Iskorišten postojeći usePreferences hook kako bi sačuvali korisnikove postavke vidljivih stupaca.

Flow ide ovako: Kreiran je dropdown u Events layoutu sa visibleColumns stateom i cijelom logikom updateanja i čitanja (iz preferenci) applyjanih vidljivih stupaca. State i setter funkcije šaljemo preko OutletContexta kojeg prima EventsTable komponenta koja je child komponenta Events page-a, ovo preko OutletContexta je jedini način da spojimo layout i njegov Outlet. Nadalje, u EventsTable-u prolazimo kroz visibleColumns i na temelju toga prikazujemo/skrivamo header i ćelije.

Na svaki header je dodan property 'hideable', tako da možemo odlučiti koji se stupci mogu sakriti u meniju a koji ne, zasad sam isključio (uz stupce odabira događaja i akcija) stupce 'Naziv' i 'Status', prebitni su da ih možemo isljučiti. Svakako onaj border lijevo za status prikazujemo na temelju stupca status, pa ako ga sakrijemo neće se vidjeti ni boja.

Također je dodan mali UX touch, logika i checkbox za 'Odaberi sve' tako da kad korisnik makne sve stupce da ih samo jednim klikom može vratiti natrag.

Neću lagat namučia me dosta feature sa prebacivanjem podataka, sitnih bugova sa filterima, setanjem statea, renderanjem, ima nekoliko useEffekata s kojima nisam zadovoljan al nisam pegla u detalje da ne pržimo vrime.

Javite šta mislite o dizajnu ovih gumbova 'Preuzmi' i 'Stupci', nekako mi se ne uklapaju s ostalim gumbovima.",251,225,89.64143426294821,2,8850.599999999999,14299.8,3688.833333333333,10920.0
697,3096520542,2025-12-12T13:21:33Z,2025-12-13T20:23:23Z,2025-12-13T20:23:23Z,2025-12-13T20:23:25Z,,2025-12-12T13:21:33+00:00,[user_2],2,[user],2,[user]|[user_3],34,15,2,3,49,0,0,1,1,0,0,0,2025-12-13T10:37:46+00:00,2025-12-13T10:37:46+00:00,2,15240252 FS: Word fix,21,TypeScript,"ignorirajte ime grane, originalan task je bia za excel al san kad san krenia gledat san nasa probleme na wordu zbog missalignementa tipova sadrzaja ponude popravljeni bugovi: - mjerna jedinica retka ponude u wordu je bila undefined (ode san doda usput stupac u mvpOfferContent za mjernu jedinicu da kad se unosi kolicina da se zna na sta se misli) - ako bi ponuda imala proizvode sa cijenom penala nije se ispisivalo isInventoryPenalty dio u wordu",447,True,False,False,False,True,True,,0,"# Description

ignorirajte ime grane, originalan task je bia za excel al san kad san krenia gledat san nasa probleme na wordu zbog missalignementa tipova sadrzaja ponude

popravljeni bugovi:
- mjerna jedinica retka ponude u wordu je bila undefined (ode san doda usput stupac u mvpOfferContent za mjernu jedinicu da kad se unosi kolicina da se zna na sta se misli)
- ako bi ponuda imala proizvode sa cijenom penala nije se ispisivalo isInventoryPenalty dio u wordu",73,13,17.80821917808219,0,1276.2166666666667,1276.2166666666667,1261.8333333333333,600.0
698,3096565866,2025-12-12T13:37:49Z,2025-12-13T20:21:43Z,2025-12-13T20:21:43Z,2025-12-15T11:27:00Z,,2025-12-12T13:37:49+00:00,[user_2],2,[user],2,[user]|[user_3],3,4,2,1,7,0,0,2,2,0,0,0,2025-12-13T10:35:29+00:00,2025-12-13T10:35:29+00:00,2,15240120 BE: OTP refactor,25,TypeScript,izmjenjen html template za mail (ide u apps/api/templates): [generate-password.html](https://github.com/user-attachments/files/24164354/generate-password.html) promjene kod privremene lozinke: - duzina OTPa: 6 - validnost lozinke: 12 sati - izbaceni znakovi 0 i O,263,False,False,False,True,True,False,,0,"# Description

izmjenjen html template za mail (ide u apps/api/templates):
[generate-password.html](https://github.com/user-attachments/files/24164354/generate-password.html)

promjene kod privremene lozinke:
- duzina OTPa: 6
- validnost lozinke: 12 sati
- izbaceni znakovi 0 i O",39,4,10.256410256410255,0,1257.6666666666667,1257.6666666666667,1243.9,600.0
699,3098590540,2025-12-13T11:11:56Z,2025-12-15T10:09:50Z,2025-12-15T10:09:50Z,2025-12-15T10:09:52Z,,2025-12-13T11:11:56+00:00,[user_3],3,[user_3],3,[user_2]|[user]|[user_3],58,56,9,4,114,0,3,2,1,1,0,0,2025-12-13T11:12:23+00:00,2025-12-15T09:09:10+00:00,2,15236606 FE: Products page refresh,34,TypeScript,"Naziv taska je **products** page refresh, ali sam naletio na slične pi*darije i u ostatku koda. Refaktorirani isUserLoading uvjeti, prebačeni u enabled option api hookova. Usput popravljeni bugovi di bi bacalo na forbidden page jer se user nije loadao dodavanjem isUserLoading u provjeru pokraj hasPermission.",309,True,False,False,False,False,True,,0,"# Description

Naziv taska je **products** page refresh, ali sam naletio na slične pi*darije i u ostatku koda. Refaktorirani isUserLoading uvjeti, prebačeni u enabled option api hookova. Usput popravljeni bugovi di bi bacalo na forbidden page jer se user nije loadao dodavanjem isUserLoading u provjeru pokraj hasPermission.",46,38,82.6086956521739,0,0.4499999999999999,2757.2333333333336,2160.0,657.9000000000002
700,3098605312,2025-12-13T11:34:59Z,2025-12-13T20:22:37Z,2025-12-13T20:22:37Z,2025-12-13T20:22:39Z,,2025-12-13T11:34:59+00:00,[user_3],3,[user],2,[user_2]|[user],2,3,1,1,5,0,0,0,0,0,0,0,,,2,15239930 FE: formatiranje datuma globalno,41,TypeScript,"Nisam nigdi pronaša ne-hrvatsko formatiranje osim u Offer tablici, popravljeno.",79,True,False,False,False,False,True,,1,"# Description

Nisam nigdi pronaša ne-hrvatsko formatiranje osim u Offer tablici, popravljeno.",11,11,100.0,0,,,527.6333333333333,0.0
701,3098609640,2025-12-13T11:41:43Z,2025-12-13T20:22:02Z,2025-12-13T20:22:02Z,2025-12-13T20:22:04Z,,2025-12-13T11:41:43+00:00,[user_3],3,[user],2,[user_2]|[user],0,1,1,1,1,0,0,1,1,0,0,0,2025-12-13T20:20:52+00:00,2025-12-13T20:20:52+00:00,2,15236643 FE: tooltip unbold,27,TypeScript,"Unboldan tooltip, ostavljeno na ključnim riječima.",50,True,False,False,False,False,True,,1,"# Description

Unboldan tooltip, ostavljeno na ključnim riječima.",6,6,100.0,0,519.15,519.15,520.3166666666666,0.0
702,3099122036,2025-12-13T23:17:24Z,2025-12-15T09:59:27Z,2025-12-15T09:59:27Z,2025-12-15T09:59:29Z,,2025-12-13T23:17:24+00:00,[user_3],3,[user_3],2,[user_2]|[user],30,35,5,2,65,0,0,1,1,0,0,0,2025-12-15T08:59:57+00:00,2025-12-15T08:59:57+00:00,2,15240084 FE: toast adaptation,29,TypeScript,"Popravljena kriva error poruka na toastu prilikom logina preko OTP-a (Umjesto neispravni podaci ili korisnik ne postoji ispravno ispisuje da slanje emaila nije uspjelo). Usput je dodatno počišćen kod, premješteni onError handleri u odgovarajuće hookove. Razmišlja sam o tome kako ispravno mapirat te errore, bacite oko na kod i dajte feedback. Morat ćemo jednom totalno sredit error handling i poruke.",401,True,False,False,False,False,True,,2,"# Description

Popravljena kriva error poruka na toastu prilikom logina preko OTP-a (Umjesto neispravni podaci ili korisnik ne postoji ispravno ispisuje da slanje emaila nije uspjelo).

Usput je dodatno počišćen kod, premješteni onError handleri u odgovarajuće hookove. Razmišlja sam o tome kako ispravno mapirat te errore, bacite oko na kod i dajte feedback. Morat ćemo jednom totalno sredit error handling i poruke.",61,56,91.8032786885246,0,2022.55,2022.55,1440.0,642.0500000000002
703,3101678464,2025-12-15T09:22:00Z,2025-12-16T09:41:43Z,2025-12-16T09:41:43Z,2025-12-16T09:41:45Z,2025-12-15T09:48:54Z,2025-12-15T09:22:00+00:00,[user_3],3,[user_3],2,[user_2]|[user],132,62,7,5,194,3,0,1,1,0,0,0,2025-12-15T12:47:32+00:00,2025-12-15T12:47:32+00:00,2,15235739 FE: Additional space in creating menu,46,TypeScript,"Boostrapov grid sa col-... pravi probleme kad su dinamički stupci u pitanju (u jednoj formi imamo 5 stupaca, u drugoj 10) i onda se form-fieldset ne ponaša kako treba, teško mu je odrediti width, sve se lomi... Umisto boostrapa sam ubacia custom css grid koji je lako prilagodljiv, nije mi oduzea puno vrimena, brutalno radi na mobitelu, sve je poravnano kako triba i radi ok. Ako vam se ne čini clean što radimo preko grida javite pa možemo prodiskutirat kako ovo riješit. Usput su rišeni i taskovi: [15236227](https://app.productive.io/50657-29/tasks/task/15236227) i [15236498] (samo spacing)(https://app.productive.io/50657-29/tasks/task/15236498)",651,True,False,False,False,False,True,,2,"# Description

Boostrapov grid sa col-... pravi probleme kad su dinamički stupci u pitanju (u jednoj formi imamo 5 stupaca, u drugoj 10) i onda se form-fieldset ne ponaša kako treba, teško mu je odrediti width, sve se lomi...

Umisto boostrapa sam ubacia custom css grid koji je lako prilagodljiv, nije mi oduzea puno vrimena, brutalno radi na mobitelu, sve je poravnano kako triba i radi ok. Ako vam se ne čini clean što radimo preko grida javite pa možemo prodiskutirat kako ovo riješit.

Usput su rišeni i taskovi: [15236227](https://app.productive.io/50657-29/tasks/task/15236227) i [15236498] (samo spacing)(https://app.productive.io/50657-29/tasks/task/15236498)",111,81,72.97297297297297,0,205.53333333333333,205.53333333333333,0.0,1459.7166666666667
704,3101867565,2025-12-15T10:14:06Z,2025-12-15T11:33:50Z,2025-12-15T11:33:50Z,2025-12-15T11:33:51Z,,2025-12-15T10:14:06+00:00,[user_3],3,[user_3],2,[user_2]|[user],4,2,1,1,6,0,0,1,1,0,0,0,2025-12-15T10:18:55+00:00,2025-12-15T10:18:55+00:00,2,15236388 FE: Label change,25,TypeScript,Promijenjene labele: Ponuda → Datoteka ponude Ugovor → Datoteka ugovora,71,False,False,False,True,False,True,,0,"# Description

Promijenjene labele: 

Ponuda → Datoteka ponude
Ugovor → Datoteka ugovora",8,0,0.0,0,4.816666666666662,4.816666666666662,0.0,79.73333333333332
705,3101977097,2025-12-15T10:45:53Z,2025-12-16T13:50:43Z,2025-12-16T13:50:43Z,2025-12-16T13:50:44Z,,2025-12-15T10:45:53+00:00,[user_2],2,[user_2],3,[user_2]|[user]|[user_3],24,23,4,7,47,0,3,4,1,3,0,0,2025-12-15T12:08:09+00:00,2025-12-16T09:40:52+00:00,3,15298619 FS: Meni validacija,28,TypeScript,"poopravljena validacija menija i dodan botun za obrisat redak maka san nepotrebne propove: - isRequired je uvik samo !isReadOnly a saljemo isReadOnly pa po tome mozemo namistit isRequired, tako radimo na drugin formama - isPdvVisible i isPpVisible san maka i samo gleda isPriceVisible jer nemamo trenutno use case di nam triba toliko custom prikaz izgled i dalje ne valja al triba bi se risit s ovin taskom: https://github.com/[user]/[repo]/pull/703",451,True,False,False,True,True,True,,0,"# Description

poopravljena validacija menija i dodan botun za obrisat redak

maka san nepotrebne propove: 
- isRequired je uvik samo !isReadOnly a saljemo isReadOnly pa po tome mozemo namistit isRequired, tako radimo na drugin formama
- isPdvVisible i isPpVisible san maka i samo gleda isPriceVisible jer nemamo trenutno use case di nam triba toliko custom prikaz

izgled i dalje ne valja al triba bi se risit s ovin taskom: https://github.com/[user]/[repo]/pull/703",72,11,15.27777777777778,0,82.26666666666667,1374.9833333333331,0.0,1624.8333333333333
706,3102044382,2025-12-15T11:08:34Z,2025-12-15T11:27:30Z,2025-12-15T11:27:30Z,2025-12-15T11:27:31Z,,2025-12-15T11:08:34+00:00,[user_2],2,[user_2],2,[user]|[user_3],10,6,2,1,16,0,0,1,1,0,0,0,2025-12-15T11:12:11+00:00,2025-12-15T11:12:11+00:00,2,15299245 FE: useFetchTaxes enabled,34,TypeScript,dodan prop enabled u useFetchTaxes hooku da ne fetchamo poreze kad ne treba (meni forma ne prikazuje cijene),108,False,False,False,True,False,True,,0,"# Description

dodan prop enabled u useFetchTaxes hooku da ne fetchamo poreze kad ne treba (meni forma ne prikazuje cijene)",18,5,27.77777777777778,0,3.6166666666666623,3.6166666666666623,0.0,18.93333333333333
707,3102125165,2025-12-15T11:33:36Z,2025-12-20T13:11:58Z,2025-12-20T13:11:58Z,2025-12-20T13:11:59Z,2025-12-18T23:37:12Z,2025-12-15T11:33:36+00:00,[user_3],3,[user_3],2,[user_2]|[user],101,114,4,5,215,2,0,1,1,0,0,0,2025-12-20T08:08:58+00:00,2025-12-20T08:08:58+00:00,2,"15236498 FE: Dodavanje stupaca, icon, spacing",45,TypeScript,Dodani stupci status i iznos u ponudama na formi događaja.,58,False,False,True,False,False,True,,1,"# Description

Dodani stupci status i iznos u ponudama na formi događaja.",10,10,100.0,0,6995.366666666667,6995.366666666667,818.3666666666666,6480.0
708,3102288114,2025-12-15T12:24:02Z,2025-12-16T11:14:11Z,2025-12-16T11:14:11Z,2025-12-16T11:14:13Z,,2025-12-15T12:24:02+00:00,[user_3],3,[user_3],2,[user_2]|[user],23,12,4,4,35,0,0,1,1,0,0,0,2025-12-15T12:44:53+00:00,2025-12-15T12:44:53+00:00,2,15235939 FE: icon change,24,TypeScript,"Izmijenjen tekst ""Pregled"" i ""Obriši"" u pripadajuće ikone, spacing trenutno nije na mjestu ali će se popraviti mergeom: https://github.com/[user]/[repo]/pull/703",163,False,False,False,True,False,True,,1,"# Description

Izmijenjen tekst ""Pregled"" i ""Obriši"" u pripadajuće ikone, spacing trenutno nije na mjestu ali će se popraviti mergeom: https://github.com/[user]/[repo]/pull/703",25,21,84.0,0,20.85,20.85,0.0,1370.15
709,3102614395,2025-12-15T13:53:05Z,2025-12-16T11:45:02Z,2025-12-16T11:45:02Z,2025-12-16T11:45:04Z,,2025-12-15T13:53:05+00:00,[user_2],2,[user_2],1,[user_3],12,16,3,2,28,0,0,1,1,0,0,0,2025-12-16T09:59:59+00:00,2025-12-16T09:59:59+00:00,0,15302593 FE: Login toast,24,TypeScript,"popravljen bug di se ne pojavi success toast na loginu (prolazeci kroz ostale hookove san nasa isti problem i na jos par mista): - success toast bi zaminia loading toast (isti ID) i onda bi ga onSettled maka - moglo bi se kroz neki novi task i pocistit sve hookove da nam je svugdi isti princip jer u nekin hookovima radimo na princip da se kreira loading toast, zaminimo ga sa success toastom a brisemo loading toast samo na erroru (nemamo onSettled) ili princip di se kreira loading toast, kreiramo novi success toast i sa onSettled obrisemo loading toast",557,True,False,False,False,False,True,,0,"# Description

popravljen bug di se ne pojavi success toast na loginu (prolazeci kroz ostale hookove san nasa isti problem i na jos par mista):
- success toast bi zaminia loading toast (isti ID) i onda bi ga onSettled maka
- moglo bi se kroz neki novi task i pocistit sve hookove da nam je svugdi isti princip jer u nekin hookovima radimo na princip da se kreira loading toast, zaminimo ga sa success toastom a brisemo loading toast samo na erroru (nemamo onSettled) ili princip di se kreira loading toast, kreiramo novi success toast i sa onSettled obrisemo loading toast",97,19,19.587628865979383,0,1206.9,1206.9,0.0,1311.95
710,3102899558,2025-12-15T15:06:10Z,2025-12-18T11:16:45Z,2025-12-18T11:16:44Z,2025-12-18T11:16:46Z,,2025-12-15T15:06:10+00:00,[user_2],2,[user_2],3,[user_2]|[user]|[user_3],53,69,5,9,122,1,4,7,1,6,0,0,2025-12-16T10:33:31+00:00,2025-12-18T11:16:02+00:00,3,15302803 FE: Zacrveniti polja,29,TypeScript,"neka polja se nebi zacrvenila kad su kriva jer se nebi dodirnila pa touched atribut nebude true, sta mora bit da se prikaze error (svugdi gledamo touched i error): - doda san problematicna u event initial values da ih formik moze stavit ko touched na submitu - labela ""Ostalo"" -> ""Ostalo (prodajni kanal)"" - usput san azurira event tip da opcionalna polja mogu bit i null - usput pocistia event repo create metodu da se ne pise svako polje - usput san primjetia da deliveryMethodOther jedini nema provjeru toucheda pa san doda ovo je neki temp fix, doda bi task da prazne stringove normaliziramo u null prije slanja jer ovako nam sva ova opcionalna polja imaju prazne stringove u bazi",684,True,False,False,False,False,True,,0,"# Description

neka polja se nebi zacrvenila kad su kriva jer se nebi dodirnila pa touched atribut nebude true, sta mora bit da se prikaze error (svugdi gledamo touched i error):
- doda san problematicna u event initial values da ih formik moze stavit ko touched na submitu
- labela ""Ostalo"" -> ""Ostalo (prodajni kanal)""
- usput san azurira event tip da opcionalna polja mogu bit i null
- usput pocistia event repo create metodu da se ne pise svako polje
- usput san primjetia da deliveryMethodOther jedini nema provjeru toucheda pa san doda

ovo je neki temp fix, doda bi task da prazne stringove normaliziramo u null prije slanja jer ovako nam sva ova opcionalna polja imaju prazne stringove u bazi",114,20,17.543859649122805,0,1167.35,4089.8666666666663,0.0,4090.5666666666666
711,3102932761,2025-12-15T15:14:25Z,2025-12-16T11:46:23Z,2025-12-16T11:46:23Z,2025-12-16T11:46:25Z,,2025-12-15T15:14:25+00:00,[user_2],2,[user_2],2,[user]|[user_3],76,76,1,1,152,0,0,1,1,0,0,0,2025-12-16T11:10:41+00:00,2025-12-16T11:10:41+00:00,2,15302744 FE: Event form redoslijed polja,40,TypeScript,"popravljen redoslijed polja u event formi kako task kaze, jedino san jos zaminia mista usluge i statusa tako da polje razlog odbijanja bude odma ispod statusa na mobilnom prikazu.",179,False,False,False,True,False,True,,0,"# Description

popravljen redoslijed polja u event formi kako task kaze, jedino san jos zaminia mista usluge i statusa tako da polje razlog odbijanja bude odma ispod statusa na mobilnom prikazu.",29,4,13.79310344827586,0,1196.2666666666669,1196.2666666666669,0.0,1231.9666666666667
712,3102956839,2025-12-15T15:21:18Z,2025-12-16T11:47:14Z,2025-12-16T11:47:14Z,2025-12-16T11:47:15Z,,2025-12-15T15:21:18+00:00,[user_2],2,[user_2],2,[user]|[user_3],11,11,4,1,22,0,0,1,1,0,0,0,2025-12-16T11:13:45+00:00,2025-12-16T11:13:45+00:00,2,15302818 FE: Nazivi polja u promjenama,38,TypeScript,maknuta imena entiteta iz imena polja u mapama polja entiteta.,62,False,False,False,True,False,True,,0,"# Description

maknuta imena entiteta iz imena polja u mapama polja entiteta.",10,2,20.0,1,1192.45,1192.45,0.0,1225.9333333333334
713,3105960235,2025-12-16T11:18:27Z,2025-12-16T11:25:19Z,2025-12-16T11:25:19Z,2025-12-16T11:25:21Z,,2025-12-16T11:18:27+00:00,[user_3],3,[user_3],1,[user],0,5,1,1,5,0,0,0,0,0,0,0,,,1,15301152 FE: Ukloniti napomenu sa stranice ponude,49,TypeScript,Uklonjena napomena za stranice ponude.,38,False,False,False,True,False,True,,0,"# Description

Uklonjena napomena za stranice ponude.",5,1,20.0,1,,,0.0,6.8666666666666645
714,3106307939,2025-12-16T13:13:19Z,2025-12-18T09:15:39Z,2025-12-18T09:15:39Z,2025-12-18T09:15:41Z,,2025-12-16T13:13:19+00:00,[user_2],2,[user_2],3,[user_2]|[user]|[user_3],180,33,10,7,213,0,9,10,1,9,0,0,2025-12-16T17:32:11+00:00,2025-12-17T23:49:21+00:00,3,15302500 FS: Ukupna cijena ponude,33,TypeScript,"u bazu ubacena required financijska polja (pocetna, sa popustom, pdv, pp i ukupna cijena): - na createu ih ne navodimo eksplicitno vec ih BE kalkulira na createu prema popustu, ukljucenosti poreza i sadrzaju ponude - na editu ako su navedena polja koja utjecu na cijenu, cijene se ponovo racunaju i spremaju u bazi - na FE je ostala logika racunanja cijena ista ali se koristi samo za preview, na BE se zapravo racuna i sprema cijena",433,False,False,False,True,True,True,,0,"# Description

u bazu ubacena required financijska polja (pocetna, sa popustom, pdv, pp i ukupna cijena):
- na createu ih ne navodimo eksplicitno vec ih BE kalkulira na createu prema popustu, ukljucenosti poreza i sadrzaju ponude
- na editu ako su navedena polja koja utjecu na cijenu, cijene se ponovo racunaju i spremaju u bazi
- na FE je ostala logika racunanja cijena ista ali se koristi samo za preview, na BE se zapravo racuna i sprema cijena",73,19,26.027397260273972,0,258.8666666666667,2076.0333333333338,0.0,2642.3333333333335
715,3109741569,2025-12-17T11:59:01Z,2025-12-18T09:15:22Z,2025-12-18T09:15:22Z,2025-12-18T09:15:25Z,,2025-12-17T11:59:01+00:00,[user_2],2,[user_2],2,[user]|[user_3],5,3,1,2,8,0,1,2,1,1,0,0,2025-12-17T23:53:17+00:00,2025-12-17T23:53:17+00:00,2,15355586 BE: Klijentov pregled dogadaja,39,TypeScript,bug: kad bi dobavljali dogadaj po IDu kao klijent otislo bi u getByIdForClient u kojen formatiramo event pa bi ga formatirali opet u getById: - sad formatiramo odma u getByIdForClient pa u getById ne formatiramo ako je korisnik klijent - dodano formatiranje i u getForClient metodi,281,True,False,False,False,True,False,,0,"# Description

bug: kad bi dobavljali dogadaj po IDu kao klijent otislo bi u getByIdForClient u kojen formatiramo event pa bi ga formatirali opet u getById:
- sad formatiramo odma u getByIdForClient pa u getById ne formatiramo ako je korisnik klijent
- dodano formatiranje i u getForClient metodi",44,14,31.818181818181817,0,714.2666666666667,714.2666666666667,0.0,1276.35
716,3113404774,2025-12-18T11:42:08Z,2025-12-19T09:46:41Z,2025-12-19T09:46:41Z,2025-12-19T09:46:43Z,,2025-12-18T11:42:08+00:00,[user_2],2,[user_2],2,[user]|[user_3],41,0,2,1,41,0,0,1,1,0,0,0,2025-12-18T23:17:23+00:00,2025-12-18T23:17:23+00:00,2,15373460 BE: Nedostaje migracija za nove permisije,50,TypeScript,"updateane dvi migracije di se dodaju nove permisije: - svim adminima (svim zaposlenicima koji imaju sva prava) dodano i to novo pravo - gleda san samo migracije koje nisu u mainu (racunam da na produ imaju admini sva prava) - testirano: osa san na main napravia admina i osa na ovu granu, migrate deploy i sve je oke",316,True,False,False,False,True,False,,0,"# Description

updateane dvi migracije di se dodaju nove permisije:
- svim adminima (svim zaposlenicima koji imaju sva prava) dodano i to novo pravo
- gleda san samo migracije koje nisu u mainu (racunam da na produ imaju admini sva prava)
- testirano: osa san na main napravia admina i osa na ovu granu, migrate deploy i sve je oke",55,11,20.0,1,695.25,695.25,0.0,1324.55
717,3117615515,2025-12-19T13:23:16Z,2025-12-19T21:27:05Z,2025-12-19T21:27:05Z,2025-12-19T21:27:06Z,,2025-12-19T13:23:16+00:00,[user_3],3,[user_3],2,[user_2]|[user],28,22,2,1,50,0,0,1,1,0,0,0,2025-12-19T14:58:12+00:00,2025-12-19T14:58:12+00:00,2,15373467 FE: Povezane ponude/događaji,37,TypeScript,"Dodani gumbi za kreiranje događaja/ponude u formama. Doda sam samo gumbove koji vode na rute za kreiranje. Palo mi je na pamet ali nisam radia da npr da editu događaja kad kliknemo kreiraj ponudu prefilla taj događaj u dropdown. Također imamo flow da kad kliknemo na kreiraj ponudu/događaj ne filla taj događaj/ponudu automatski već trebamo u ići u dropdown i pronaći tu ponudu događaj. Treba li nam ta mogućnost? Vezano za nove stupce, dodani su [ovom](https://github.com/[user]/[repo]/pull/707) tasku",504,False,True,False,False,False,True,,2,"# Description

Dodani gumbi za kreiranje događaja/ponude u formama. Doda sam samo gumbove koji vode na rute za kreiranje. Palo mi je na pamet ali nisam radia da npr da editu događaja kad kliknemo kreiraj ponudu prefilla taj događaj u dropdown. 

Također imamo flow da kad kliknemo na kreiraj ponudu/događaj ne filla taj događaj/ponudu automatski već trebamo u ići u dropdown i pronaći tu ponudu događaj. Treba li nam ta mogućnost?

Vezano za nove stupce, dodani su [ovom](https://github.com/[user]/[repo]/pull/707) tasku",87,74,85.0574712643678,3,94.93333333333334,94.93333333333334,0.0,483.81666666666666
718,3117647418,2025-12-19T13:35:06Z,2025-12-19T21:27:25Z,2025-12-19T21:27:25Z,2025-12-19T21:27:27Z,,2025-12-19T13:35:06+00:00,[user_3],3,[user_3],2,[user_2]|[user],1,7,2,1,8,0,0,1,1,0,0,0,2025-12-19T14:59:51+00:00,2025-12-19T14:59:51+00:00,2,15373496 UI: Bulk gumb,22,TypeScript,"Dodan uvjet ako nije odabran nijedan događaj, ne prikazuj bulk ""Preuzmi"" gumb.",78,False,False,True,False,False,True,,0,"# Description

Dodan uvjet ako nije odabran nijedan događaj, ne prikazuj bulk ""Preuzmi"" gumb.",12,11,91.66666666666666,0,84.75,84.75,0.0,472.3166666666667
719,3117670647,2025-12-19T13:44:14Z,2025-12-19T21:28:01Z,2025-12-19T21:28:01Z,2025-12-19T21:28:03Z,,2025-12-19T13:44:14+00:00,[user_3],3,[user_3],2,[user_2]|[user],26,0,1,1,26,0,0,1,1,0,0,0,2025-12-19T15:02:11+00:00,2025-12-19T15:02:11+00:00,2,15373512 UI: Status ponude tooltip,34,TypeScript,Dodan Tooltip na status ponude.,31,False,False,True,False,False,True,,1,"# Description

Dodan Tooltip na status ponude.",5,1,20.0,0,77.94999999999999,77.94999999999999,0.0,463.78333333333336
720,3117685167,2025-12-19T13:49:55Z,2025-12-19T21:28:26Z,2025-12-19T21:28:26Z,2025-12-19T21:28:28Z,,2025-12-19T13:49:55+00:00,[user_3],3,[user_3],2,[user_2]|[user],9,27,3,1,36,0,0,1,1,0,0,0,2025-12-19T15:04:04+00:00,2025-12-19T15:04:04+00:00,1,15373534 UI: Klijenti naziv labele,34,TypeScript,Porezni broj tvrtke labela izmijenjena u OIB.,45,False,False,False,True,False,True,,0,"# Description

Porezni broj tvrtke labela izmijenjena u OIB.",7,1,14.285714285714285,0,74.14999999999999,74.14999999999999,0.0,458.51666666666665
722,3117935880,2025-12-19T15:26:36Z,2025-12-20T08:09:40Z,2025-12-20T08:09:40Z,2025-12-20T08:09:42Z,,2025-12-19T15:26:36+00:00,[user_2],2,[user_2],2,[user]|[user_3],16,2,1,1,18,0,0,1,1,0,0,0,2025-12-19T22:46:50+00:00,2025-12-19T22:46:50+00:00,2,15374870 FS: Validacija decimala,32,TypeScript,popravljena validacija decimala na proizvodima,46,True,False,False,False,True,False,,0,"# Description

popravljena validacija decimala na proizvodima",5,1,20.0,0,440.23333333333335,440.23333333333335,523.0666666666667,479.9999999999999
723,3118063652,2025-12-19T16:17:31Z,2025-12-20T08:24:29Z,2025-12-20T08:24:29Z,2025-12-20T08:24:30Z,,2025-12-19T16:17:31+00:00,[user_2],2,[user_2],2,[user]|[user_3],64,4,2,4,68,1,3,4,1,3,0,0,2025-12-19T22:54:16+00:00,2025-12-19T22:57:16+00:00,2,15373515 FE: Meniji ponude,26,TypeScript,"dodan brzi izbornik menija na formi ponude: - klikom na meni se popunjava sadrzaj ponude - izbornik je enablean samo kada je sadrzaj prazan da izbjegnemo destrukciju podataka cini mi se bolje kad bi u buducnosti: - napravili da se na ponudi samo odabere postojeci meni i da imamo povezanost meni <-> ponuda - maknuli MvpOfferContent iz forme ponude i da se koristi samo na Meni formi - dodati gumb na formi ponude ""kreiraj novi meni"" ako ne postoji onaj koji nam treba s time nebi imali out of sync podatke (ovako kad se odabere neki meni samo se uzme njegov sadrzaj i zalipi u ponudu, ako se meni promjeni ponuda ce imati stari sadrzaj, sad neznan jel to ono sta zelimo ili ne)",678,False,True,False,False,False,True,,0,"# Description

dodan brzi izbornik menija na formi ponude:
- klikom na meni se popunjava sadrzaj ponude
- izbornik je enablean samo kada je sadrzaj prazan da izbjegnemo destrukciju podataka

cini mi se bolje kad bi u buducnosti:
- napravili da se na ponudi samo odabere postojeci meni i da imamo povezanost meni <-> ponuda
- maknuli MvpOfferContent iz forme ponude i da se koristi samo na Meni formi
- dodati gumb na formi ponude ""kreiraj novi meni"" ako ne postoji onaj koji nam treba

s time nebi imali out of sync podatke (ovako kad se odabere neki meni samo se uzme njegov sadrzaj i zalipi u ponudu, ako se meni promjeni ponuda ce imati stari sadrzaj, sad neznan jel to ono sta zelimo ili ne)",118,23,19.491525423728813,0,396.75,399.75,546.9666666666667,419.9999999999999
725,3119807267,2025-12-20T13:18:57Z,2025-12-20T13:25:55Z,2025-12-20T13:25:55Z,2025-12-20T13:25:57Z,,2025-12-20T13:18:57+00:00,[user_3],3,[user_3],1,[user],2,2,1,1,4,0,0,0,0,0,0,0,,,1,15373643 FE: labela vrijeme i trajanje,38,TypeScript,Vrijeme -> Vrijeme početka Trajanje -> Trajanje događaja,56,False,False,False,True,False,True,,0,"# Description

Vrijeme -> Vrijeme početka
Trajanje -> Trajanje događaja",6,6,100.0,1,,,6.966666666666666,-8.326672684688674e-16
732,3138888072,2025-12-31T10:58:26Z,2025-12-31T11:04:31Z,2025-12-31T11:04:31Z,2025-12-31T11:04:33Z,,2025-12-31T10:58:26+00:00,[user_3],3,[user_3],2,[user_2]|[user],1,3,1,1,4,0,0,0,0,0,0,0,,,2,15475413 FE: Ponude polje popust,32,TypeScript,Uklonjena required zvjezdica sa polja popust u formi ponude.,60,True,False,False,False,False,True,,0,"# Description

Uklonjena required zvjezdica sa polja popust u formi ponude.",9,2,22.22222222222222,0,,,0.0,6.083333333333329
